# Khipro spelling → Bangla word, for gliding over the Khipro grid (#541).
#
# Generated by scripts/khipro_spellings.kt from app/dictionaries-src/bn.txt:
# each spelling is what Khipro's touchscreen rules (MIT © 2024 rank_coder,
# see licenses/mit-khipro.txt) turn into the word, checked by converting it
# back. Regenerate rather than edit.
ami	আমি
tumi	তুমি
aponi	আপনি
se	সে
amora	আমরা
tara	তারা
ei	এই
ki	কি
kii	কী
na	না
acfi	আছি
acfe	আছে
acfw	আছো
acfen	আছেন
valw	ভালো
kharap	খারাপ
kemon	কেমন
kwthay	কোথায়
kokhn	কখন
kokhon	কখন
ken	কেন
ke	কে
aj	আজ
kal	কাল
ekhn	এখন
ekhon	এখন
tkhn	তখন
tokhn	তখন
tkhon	তখন
ekhane	এখানে
sekhane	সেখানে
barfi	বাড়ি
basa	বাসা
skul	স্কুল
kolej	কলেজ
kaj	কাজ
khabar	খাবার
pani	পানি
vat	ভাত
macf	মাছ
ca	চা
boi	বই
prfa	পড়া
porfa	পড়া
lekha	লেখা
bola	বলা
bolw	বলো
bolen	বলেন
zaw	যাও
zab	যাব
zabe	যাবে
asobe	আসবে
asw	আসো
asi	আসি
kori	করি
korw	করো
kore	করে
korb	করব
korob	করব
korbe	করবে
korobe	করবে
hobe	হবে
hy	হয়
hoy	হয়
holw	হলো
cfil	ছিল
cfilam	ছিলাম
thake	থাকে
thakob	থাকব
daw	দাও
deb	দেব
naw	নাও
neb	নেব
dekha	দেখা
dekhi	দেখি
shwnw	শোনো
jani	জানি
janw	জানো
bujfi	বুঝি
bujflam	বুঝলাম
bujfolam	বুঝলাম
dhonzbad	ধন্যবাদ
dhonzobad	ধন্যবাদ
sbagtom	স্বাগতম
sbagotom	স্বাগতম
ma	মা
baba	বাবা
vai	ভাই
bwn	বোন
bndhu	বন্ধু
bondhu	বন্ধু
manusf	মানুষ
cfele	ছেলে
meye	মেয়ে
baxla	বাংলা
baxladesh	বাংলাদেশ
dffaka	ঢাকা
tfaka	টাকা
somy	সময়
somoy	সময়
din	দিন
rat	রাত
sokal	সকাল
bikal	বিকাল
sondhza	সন্ধ্যা
soptah	সপ্তাহ
mas	মাস
bcfor	বছর
bocfor	বছর
onek	অনেক
ekotfu	একটু
sob	সব
kicfu	কিছু
arow	আরও
abar	আবার
shudhu	শুধু
sathe	সাথে
jnz	জন্য
jonz	জন্য
theke	থেকে
pore	পরে
age	আগে
mdhze	মধ্যে
modhze	মধ্যে
notun	নতুন
puranw	পুরানো
brf	বড়
borf	বড়
cfwtf	ছোট
sundor	সুন্দর
khushi	খুশি
duookh	দুঃখ
valwbasa	ভালোবাসা
mon	মন
jiibn	জীবন
jiibon	জীবন
gan	গান
cfbi	ছবি
cfobi	ছবি
khela	খেলা
gfum	ঘুম
sbpn	স্বপ্ন
sbopn	স্বপ্ন
akash	আকাশ
suurrz	সূর্য
pful	ফুল
pakhi	পাখি
nodii	নদী
amar	আমার
twmar	তোমার
aponar	আপনার
tar	তার
amader	আমাদের
twmader	তোমাদের
tader	তাদের
er	এর
wr	ওর
ze	যে
za	যা
zader	যাদের
zar	যার
kar	কার
kake	কাকে
kader	কাদের
etfa	এটা
wtfa	ওটা
setfa	সেটা
etfi	এটি
wtfi	ওটি
esob	এসব
wsob	ওসব
zkhn	যখন
zokhn	যখন
zkhon	যখন
zekhane	যেখানে
zemon	যেমন
temon	তেমন
zdi	যদি
zodi	যদি
tobe	তবে
tahole	তাহলে
kintu	কিন্তু
ar	আর
othoba	অথবা
ebx	এবং
ebox	এবং
tai	তাই
tobu	তবু
zen	যেন
zate	যাতে
borx	বরং
borox	বরং
mane	মানে
pray	প্রায়
ekdom	একদম
ekodom	একদম
mwtfew	মোটেও
nishcy	নিশ্চয়
nishcoy	নিশ্চয়
obshzoi	অবশ্যই
oboshzoi	অবশ্যই
hytw	হয়তো
hoyotw	হয়তো
hoytw	হয়তো
hyotw	হয়তো
somvbt	সম্ভবত
somvobt	সম্ভবত
somvbot	সম্ভবত
kokhnw	কখনো
kokhonw	কখনো
kebol	কেবল
matr	মাত্র
cfarfa	ছাড়া
prrznt	পর্যন্ত
porrznt	পর্যন্ত
prrzont	পর্যন্ত
diye	দিয়ে
niye	নিয়ে
hye	হয়ে
hoye	হয়ে
giye	গিয়ে
ese	এসে
bse	বসে
bose	বসে
dwurf	দৌড়
wtffa	ওঠা
nama	নামা
dhora	ধরা
khwla	খোলা
bndh	বন্ধ
bondh	বন্ধ
shuru	শুরু
shesf	শেষ
cla	চলা
cola	চলা
thama	থামা
pfera	ফেরা
rakha	রাখা
twla	তোলা
newa	নেওয়া
dewa	দেওয়া
pawa	পাওয়া
haranw	হারানো
dfaka	ডাকা
bsa	বসা
bosa	বসা
shwa	শোয়া
jaga	জাগা
gfumanw	ঘুমানো
vaba	ভাবা
cawa	চাওয়া
bwjfanw	বোঝানো
shekha	শেখা
shekhanw	শেখানো
gwna	গোনা
mapa	মাপা
katfa	কাটা
jwrfa	জোড়া
vanga	ভাঙা
grfa	গড়া
gorfa	গড়া
mesha	মেশা
dhwa	ধোয়া
mwcfa	মোছা
ranna	রান্না
khawa	খাওয়া
pan	পান
kora	করা
hasa	হাসা
rag	রাগ
vy	ভয়
voy	ভয়
ljja	লজ্জা
lojja	লজ্জা
anond	আনন্দ
kosftf	কষ্ট
shanti	শান্তি
valwbasi	ভালোবাসি
valwbase	ভালোবাসে
valwbasw	ভালোবাসো
bolcfi	বলছি
bolocfi	বলছি
bolcfe	বলছে
bolocfe	বলছে
bolcf	বলছ
bolocf	বলছ
korcfi	করছি
korocfi	করছি
korcfe	করছে
korocfe	করছে
korcf	করছ
korocf	করছ
zaccfi	যাচ্ছি
zaccfe	যাচ্ছে
ascfi	আসছি
asocfi	আসছি
ascfe	আসছে
asocfe	আসছে
dekhcfi	দেখছি
dekhocfi	দেখছি
dekhcfe	দেখছে
dekhocfe	দেখছে
khaccfi	খাচ্ছি
shunocfi	শুনছি
pari	পারি
parw	পারো
pare	পারে
parbe	পারবে
parobe	পারবে
parb	পারব
parob	পারব
cai	চাই
caw	চাও
cay	চায়
lage	লাগে
lagobe	লাগবে
lagcfe	লাগছে
lagocfe	লাগছে
dorkar	দরকার
dorokar	দরকার
prywjn	প্রয়োজন
proywjn	প্রয়োজন
prywjon	প্রয়োজন
sahazz	সাহায্য
manusfjn	মানুষজন
manusfojn	মানুষজন
manusfjon	মানুষজন
lwk	লোক
poribar	পরিবার
atmiiy	আত্মীয়
sbamii	স্বামী
strii	স্ত্রী
sbjn	স্বজন
sbojn	স্বজন
sbjon	স্বজন
dada	দাদা
dadi	দাদি
nana	নানা
nani	নানি
caca	চাচা
caci	চাচি
mama	মামা
mami	মামি
khala	খালা
khalu	খালু
pfupfu	ফুফু
cfelemeye	ছেলেমেয়ে
shishu	শিশু
bacca	বাচ্চা
zubk	যুবক
zubok	যুবক
bqddh	বৃদ্ধ
shikfk	শিক্ষক
shikfok	শিক্ষক
cfatr	ছাত্র
cfatrii	ছাত্রী
dfaktar	ডাক্তার
narrs	নার্স
pulish	পুলিশ
kqsfok	কৃষক
shrmik	শ্রমিক
shromik	শ্রমিক
krrmcarii	কর্মচারী
korrmcarii	কর্মচারী
krrmocarii	কর্মচারী
bzbsayii	ব্যবসায়ী
bzobsayii	ব্যবসায়ী
bzbosayii	ব্যবসায়ী
dwkanodar	দোকানদার
prtibeshii	প্রতিবেশী
protibeshii	প্রতিবেশী
otithi	অতিথি
raja	রাজা
rani	রানি
neta	নেতা
montrii	মন্ত্রী
sorkar	সরকার
sorokar	সরকার
desh	দেশ
jati	জাতি
somaj	সমাজ
gram	গ্রাম
shhor	শহর
shohor	শহর
nogor	নগর
elaka	এলাকা
rasta	রাস্তা
opfis	অফিস
adalt	আদালত
adalot	আদালত
hasopatal	হাসপাতাল
bajar	বাজার
dwkan	দোকান
msjid	মসজিদ
mosojid	মসজিদ
mosjid	মসজিদ
msojid	মসজিদ
mondir	মন্দির
girrja	গির্জা
sagor	সাগর
paharf	পাহাড়
prrbt	পর্বত
porrbt	পর্বত
prrbot	পর্বত
matff	মাঠ
bn	বন
bon	বন
jnggl	জঙ্গল
jonggl	জঙ্গল
jnggol	জঙ্গল
gacf	গাছ
pata	পাতা
shikrf	শিকড়
shikorf	শিকড়
biij	বীজ
dhan	ধান
gom	গম
soboji	সবজি
pfol	ফল
am	আম
kola	কলা
peyara	পেয়ারা
licu	লিচু
apel	আপেল
komola	কমলা
angur	আঙুর
tormuj	তরমুজ
toromuj	তরমুজ
dfal	ডাল
rutfi	রুটি
maxs	মাংস
dfim	ডিম
dudh	দুধ
doi	দই
misftfi	মিষ্টি
cini	চিনি
lobnf	লবণ
lobonf	লবণ
tel	তেল
msola	মসলা
mosola	মসলা
moric	মরিচ
rsun	রসুন
rosun	রসুন
ada	আদা
alu	আলু
begun	বেগুন
tfometfw	টমেটো
shsa	শসা
shosa	শসা
murgi	মুরগি
murogi	মুরগি
goru	গরু
cfagol	ছাগল
kukur	কুকুর
birfal	বিড়াল
gfwrfa	ঘোড়া
hati	হাতি
bagf	বাঘ
sixh	সিংহ
banor	বানর
sap	সাপ
bzang	ব্যাঙ
msha	মশা
mosha	মশা
macfi	মাছি
prjapoti	প্রজাপতি
projapoti	প্রজাপতি
mwumacfi	মৌমাছি
kak	কাক
kwkil	কোকিল
myuur	ময়ূর
moyuur	ময়ূর
twta	তোতা
iigol	ঈগল
kobutor	কবুতর
megf	মেঘ
bqsftfi	বৃষ্টি
batas	বাতাস
jfrf	ঝড়
jforf	ঝড়
rwd	রোদ
shiit	শীত
gorm	গরম
gorom	গরম
brrsfa	বর্ষা
borrsfa	বর্ষা
bsont	বসন্ত
bosont	বসন্ত
hemont	হেমন্ত
griisfm	গ্রীষ্ম
matfi	মাটি
agun	আগুন
lwha	লোহা
swna	সোনা
rupa	রুপা
pathor	পাথর
kac	কাচ
kagj	কাগজ
kagoj	কাগজ
kolom	কলম
khata	খাতা
pensil	পেন্সিল
bzag	ব্যাগ
ceyar	চেয়ার
tfebil	টেবিল
dorja	দরজা
doroja	দরজা
janala	জানালা
gfor	ঘর
cfad	ছাদ
deyal	দেয়াল
mejfe	মেঝে
bicfana	বিছানা
balish	বালিশ
kaprf	কাপড়
kaporf	কাপড়
jama	জামা
sharfi	শাড়ি
panjabi	পাঞ্জাবি
juta	জুতা
tfupi	টুপি
gfrfi	ঘড়ি
gforfi	ঘড়ি
cshoma	চশমা
coshoma	চশমা
ayna	আয়না
ayona	আয়না
ciruni	চিরুনি
saban	সাবান
twale	তোয়ালে
balti	বালতি
baloti	বালতি
hat	হাত
pa	পা
matha	মাথা
cwkh	চোখ
kan	কান
nak	নাক
mukh	মুখ
jiv	জিভ
gal	গাল
gola	গলা
buk	বুক
petf	পেট
pitff	পিঠ
angul	আঙুল
nkh	নখ
nokh	নখ
cul	চুল
hqdy	হৃদয়
hqdoy	হৃদয়
rkt	রক্ত
rokt	রক্ত
harf	হাড়
camrfa	চামড়া
camorfa	চামড়া
shoriir	শরীর
sbasthz	স্বাস্থ্য
osukh	অসুখ
wsfudh	ওষুধ
jbor	জ্বর
bztha	ব্যথা
bzotha	ব্যথা
kashi	কাশি
srrdi	সর্দি
sorrdi	সর্দি
kfudha	ক্ষুধা
tqsfna	তৃষ্ণা
sxkhza	সংখ্যা
soxkhza	সংখ্যা
ek	এক
dui	দুই
tin	তিন
car	চার
cfy	ছয়
cfoy	ছয়
sat	সাত
atf	আট
ny	নয়
noy	নয়
dsh	দশ
dosh	দশ
egarw	এগারো
barw	বারো
terw	তেরো
cwudd	চৌদ্দ
ponerw	পনেরো
sfwlw	ষোলো
soterw	সতেরো
atffarw	আঠারো
unish	উনিশ
bish	বিশ
trish	ত্রিশ
cllish	চল্লিশ
collish	চল্লিশ
pmfcash	পঞ্চাশ
pomfcash	পঞ্চাশ
sfatf	ষাট
sottor	সত্তর
ashi	আশি
nobboi	নব্বই
eksh	একশ
ekosh	একশ
hajar	হাজার
lakh	লাখ
kwtfi	কোটি
prthm	প্রথম
prothm	প্রথম
prthom	প্রথম
dbitiiy	দ্বিতীয়
tqtiiy	তৃতীয়
shoni	শনি
rbi	রবি
robi	রবি
swm	সোম
mnggl	মঙ্গল
monggl	মঙ্গল
mnggol	মঙ্গল
budh	বুধ
bqhspti	বৃহস্পতি
bqhospti	বৃহস্পতি
bqhspoti	বৃহস্পতি
shukr	শুক্র
rbibar	রবিবার
robibar	রবিবার
swmobar	সোমবার
mngglobar	মঙ্গলবার
mongglobar	মঙ্গলবার
mnggolobar	মঙ্গলবার
budhobar	বুধবার
bqhsptibar	বৃহস্পতিবার
bqhosptibar	বৃহস্পতিবার
bqhspotibar	বৃহস্পতিবার
shukrbar	শুক্রবার
shukrobar	শুক্রবার
shonibar	শনিবার
januyari	জানুয়ারি
pfebruyari	ফেব্রুয়ারি
marrc	মার্চ
epril	এপ্রিল
me	মে
jun	জুন
julai	জুলাই
agstf	আগস্ট
agostf	আগস্ট
septfembor	সেপ্টেম্বর
oktfwbor	অক্টোবর
nvembor	নভেম্বর
novembor	নভেম্বর
dfisembor	ডিসেম্বর
muhuurrt	মুহূর্ত
gfnftfa	ঘণ্টা
gfonftfa	ঘণ্টা
minitf	মিনিট
sekendf	সেকেন্ড
tarikh	তারিখ
otiit	অতীত
brrtoman	বর্তমান
borrtoman	বর্তমান
gtkal	গতকাল
gotokal	গতকাল
gotkal	গতকাল
gtokal	গতকাল
porshu	পরশু
poroshu	পরশু
dupur	দুপুর
mdhzorat	মধ্যরাত
modhzorat	মধ্যরাত
vwr	ভোর
sotz	সত্য
mithza	মিথ্যা
tffik	ঠিক
vul	ভুল
sohj	সহজ
sohoj	সহজ
kotffin	কঠিন
somvb	সম্ভব
somvob	সম্ভব
osomvb	অসম্ভব
osomvob	অসম্ভব
dorkari	দরকারি
dorokari	দরকারি
joruri	জরুরি
lomba	লম্বা
khatfw	খাটো
mwtfa	মোটা
cikn	চিকন
cikon	চিকন
nicu	নিচু
gviir	গভীর
goviir	গভীর
ogviir	অগভীর
ogoviir	অগভীর
varii	ভারী
haloka	হালকা
gorib	গরিব
dhonii	ধনী
shkt	শক্ত
shokt	শক্ত
norm	নরম
norom	নরম
tffandfa	ঠান্ডা
shuknw	শুকনো
shukonw	শুকনো
veja	ভেজা
porisfkar	পরিষ্কার
nwxra	নোংরা
alw	আলো
ondhkar	অন্ধকার
ondhokar	অন্ধকার
cup	চুপ
shobd	শব্দ
sukh	সুখ
hasi	হাসি
kanna	কান্না
prem	প্রেম
biye	বিয়ে
sxsar	সংসার
soxsar	সংসার
shikfa	শিক্ষা
ggan	জ্ঞান
bidza	বিদ্যা
poriikfa	পরীক্ষা
pfolapfol	ফলাফল
cakori	চাকরি
beton	বেতন
bzbsa	ব্যবসা
bzobsa	ব্যবসা
bzbosa	ব্যবসা
tfakapysa	টাকাপয়সা
tfakapoysa	টাকাপয়সা
tfakapyosa	টাকাপয়সা
kena	কেনা
beca	বেচা
dam	দাম
ssta	সস্তা
sosta	সস্তা
dami	দামি
lav	লাভ
kfti	ক্ষতি
kfoti	ক্ষতি
somsza	সমস্যা
somosza	সমস্যা
somadhan	সমাধান
prshn	প্রশ্ন
proshn	প্রশ্ন
uttor	উত্তর
ktha	কথা
kotha	কথা
golp	গল্প
khbor	খবর
khobor	খবর
sxbad	সংবাদ
soxbad	সংবাদ
vasfa	ভাষা
bakz	বাক্য
okfor	অক্ষর
dhrrm	ধর্ম
dhorrm	ধর্ম
biggan	বিজ্ঞান
itihas	ইতিহাস
vuugwl	ভূগোল
gonfit	গণিত
sahitz	সাহিত্য
kobita	কবিতা
uponzas	উপন্যাস
sinema	সিনেমা
natfk	নাটক
natfok	নাটক
sxgiit	সংগীত
soxgiit	সংগীত
nac	নাচ
rx	রং
rox	রং
tuli	তুলি
kheladhula	খেলাধুলা
pfutfobol	ফুটবল
kriketf	ক্রিকেট
vrmnf	ভ্রমণ
vromnf	ভ্রমণ
vrmonf	ভ্রমণ
cfutfi	ছুটি
iid	ঈদ
puuja	পূজা
pohela	পহেলা
bwishakh	বৈশাখ
sbadhiinota	স্বাধীনতা
bijy	বিজয়
bijoy	বিজয়
andwln	আন্দোলন
andwlon	আন্দোলন
nei	নেই
tw	তো
amake	আমাকে
twmake	তোমাকে
aponake	আপনাকে
take	তাকে
keu	কেউ
sobai	সবাই
kwnw	কোনো
kwn	কোন
mone	মনে
hccfe	হচ্ছে
hoccfe	হচ্ছে
ekhnw	এখনো
ekhonw	এখনো
tarpor	তারপর
taropor	তারপর
accfa	আচ্ছা
uni	উনি
wra	ওরা
era	এরা
zara	যারা
tui	তুই
twke	তোকে
twr	তোর
kicfui	কিছুই
sobkicfu	সবকিছু
sobokicfu	সবকিছু
korun	করুন
bolun	বলুন
dekhun	দেখুন
asun	আসুন
zan	যান
korte	করতে
korote	করতে
ekotfa	একটা
w	ও
kacfe	কাছে
ekotfi	একটি
szar	স্যার
ekjn	একজন
ekojon	একজন
ekojn	একজন
ekjon	একজন
val	ভাল
zete	যেতে
khub	খুব
korar	করার
bolte	বলতে
bolote	বলতে
gecfe	গেছে
wke	ওকে
mt	মত
mot	মত
hte	হতে
hote	হতে
cle	চলে
cole	চলে
wh	ওহ
hza	হ্যা
dekhte	দেখতে
dekhote	দেখতে
tini	তিনি
ber	বের
bole	বলে
wi	ঐ
kor	কর
dite	দিতে
nam	নাম
naki	নাকি
kivabe	কিভাবে
twmora	তোমরা
pfire	ফিরে
ta	তা
e	এ
korecfe	করেছে
dike	দিকে
sei	সেই
asole	আসলে
duookhit	দুঃখিত
clw	চলো
colw	চলো
kint	কিন্ত
bishbas	বিশ্বাস
korecfi	করেছি
emon	এমন
nijer	নিজের
karnf	কারণ
karonf	কারণ
korbw	করবো
korobw	করবো
beshi	বেশি
upor	উপর
cesftfa	চেষ্টা
hol	হল
hei	হেই
dekhw	দেখো
etfai	এটাই
bujfte	বুঝতে
bujfote	বুঝতে
cfilw	ছিলো
mtw	মতো
motw	মতো
dhore	ধরে
plij	প্লিজ
mara	মারা
pcfnd	পছন্দ
pocfnd	পছন্দ
pcfond	পছন্দ
dekhe	দেখে
ni	নি
por	পর
wkhane	ওখানে
thakote	থাকতে
zai	যাই
onz	অন্য
bzapare	ব্যাপারে
arw	আরো
nite	নিতে
thakobe	থাকবে
are	আরে
pfwn	ফোন
esw	এসো
sotzi	সত্যি
bol	বল
cinta	চিন্তা
somprrke	সম্পর্কে
somporrke	সম্পর্কে
et	এত
zetfa	যেটা
samone	সামনে
jinis	জিনিস
khuboi	খুবই
parbw	পারবো
parobw	পারবো
hzalw	হ্যালো
opekfa	অপেক্ষা
korben	করবেন
koroben	করবেন
ucit	উচিত
bzapar	ব্যাপার
nice	নিচে
thakw	থাকো
nishcit	নিশ্চিত
hole	হলে
esecfe	এসেছে
ba	বা
ekhan	এখান
jldi	জলদি
jolodi	জলদি
joldi	জলদি
jlodi	জলদি
kot	কত
janote	জানতে
how	হও
erkom	এরকম
erokom	এরকম
wder	ওদের
dekh	দেখ
twiri	তৈরি
jn	জন
jon	জন
paren	পারেন
hate	হাতে
nai	নাই
zak	যাক
mere	মেরে
sotziif	সত্যিই
baire	বাইরে
besh	বেশ
asote	আসতে
guli	গুলি
etfar	এটার
esecfi	এসেছি
purw	পুরো
egulw	এগুলো
amiw	আমিও
cl	চল
col	চল
mja	মজা
moja	মজা
asha	আশা
bolecfe	বলেছে
ebar	এবার
thamw	থামো
kauke	কাউকে
zabw	যাবো
hwk	হোক
nijeke	নিজেকে
shunote	শুনতে
manusfer	মানুষের
r	র
kiivabe	কীভাবে
pfele	ফেলে
jane	জানে
upore	উপরে
mi	মি
tfa	টা
khun	খুন
ase	আসে
sngge	সঙ্গে
songge	সঙ্গে
korle	করলে
korole	করলে
majfe	মাঝে
diccfi	দিচ্ছি
aponader	আপনাদের
rate	রাতে
vule	ভুলে
bzbhar	ব্যবহার
bzobhar	ব্যবহার
bzbohar	ব্যবহার
obstha	অবস্থা
obostha	অবস্থা
ekhnow	এখনও
ekhonow	এখনও
mis	মিস
koren	করেন
korcfw	করছো
korocfw	করছো
sobaike	সবাইকে
etfake	এটাকে
sobar	সবার
pete	পেতে
hisebe	হিসেবে
parcfi	পারছি
parocfi	পারছি
eka	একা
bolecfi	বলেছি
evabe	এভাবে
pabe	পাবে
dekhecfi	দেখেছি
drut	দ্রুত
prti	প্রতি
proti	প্রতি
vitore	ভিতরে
pagol	পাগল
karn	কারন
karon	কারন
aponara	আপনারা
duure	দূরে
zuddh	যুদ্ধ
dibe	দিবে
noi	নই
janen	জানেন
shant	শান্ত
shuv	শুভ
asol	আসল
ekoi	একই
korecf	করেছ
ekobar	একবার
mioo	মিঃ
babar	বাবার
bolobe	বলবে
agei	আগেই
par	পার
rakhw	রাখো
gel	গেল
can	চান
suzwg	সুযোগ
kaje	কাজে
asolei	আসলেই
debe	দেবে
zthesftf	যথেষ্ট
zothesftf	যথেষ্ট
rekhe	রেখে
ekhanei	এখানেই
emonki	এমনকি
emonoki	এমনকি
pth	পথ
poth	পথ
kina	কিনা
janina	জানিনা
vetore	ভেতরে
kwthaw	কোথাও
rakhte	রাখতে
rakhote	রাখতে
edike	এদিকে
vabe	ভাবে
bzapartfa	ব্যাপারটা
bzaparotfa	ব্যাপারটা
prstut	প্রস্তুত
prostut	প্রস্তুত
amaderke	আমাদেরকে
amaderoke	আমাদেরকে
korcfen	করছেন
korocfen	করছেন
bolar	বলার
hai	হাই
acf	আছ
korecfilam	করেছিলাম
hum	হুম
de	দে
ah	আহ
vebecfilam	ভেবেছিলাম
korecfen	করেছেন
gele	গেলে
boli	বলি
jzak	জ্যাক
shudhumatr	শুধুমাত্র
kfoma	ক্ষমা
nsftf	নষ্ট
nosftf	নষ্ট
htza	হত্যা
hotza	হত্যা
ekosathe	একসাথে
kzaptfen	ক্যাপ্টেন
re	রে
bolecfilam	বলেছিলাম
rkfa	রক্ষা
rokfa	রক্ষা
baki	বাকি
kacf	কাছ
karw	কারো
tumiif	তুমিই
kol	কল
bs	বস
bos	বস
gelw	গেলো
nambar	নাম্বার
khwda	খোদা
etw	এতো
dhbxs	ধ্বংস
dhboxs	ধ্বংস
kenw	কেনো
jiibner	জীবনের
jiiboner	জীবনের
thakar	থাকার
picfne	পিছনে
picfone	পিছনে
dhorw	ধরো
shwn	শোন
amiif	আমিই
ekhnoi	এখনই
ekhonoi	এখনই
curi	চুরি
eke	একে
thak	থাক
setfai	সেটাই
iishbor	ঈশ্বর
agfat	আঘাত
ekomatr	একমাত্র
kokhnwif	কখনোই
kokhonwif	কখনোই
paccfi	পাচ্ছি
kom	কম
thaka	থাকা
janotam	জানতাম
jan	জান
dib	দিব
kokhnow	কখনও
kokhonow	কখনও
gecfi	গেছি
hzari	হ্যারি
asar	আসার
jigges	জিজ্ঞেস
korecfw	করেছো
shkti	শক্তি
shokti	শক্তি
siddhant	সিদ্ধান্ত
beshii	বেশী
sore	সরে
korlam	করলাম
korolam	করলাম
nirapd	নিরাপদ
nirapod	নিরাপদ
khete	খেতে
cfile	ছিলে
debw	দেবো
bad	বাদ
bolobw	বলবো
pecfne	পেছনে
pecfone	পেছনে
mhan	মহান
mohan	মহান
ete	এতে
kajer	কাজের
bolole	বললে
sokol	সকল
korecfil	করেছিল
kiser	কিসের
deri	দেরি
asa	আসা
jana	জানা
taina	তাইনা
thakole	থাকলে
thekei	থেকেই
ostr	অস্ত্র
shala	শালা
parben	পারবেন
paroben	পারবেন
arekotfa	আরেকটা
whqq	ওহ্
whoqq	ওহ্
karnfe	কারণে
karonfe	কারণে
taderke	তাদেরকে
taderoke	তাদেরকে
khuje	খুজে
name	নামে
khule	খুলে
iccfa	ইচ্ছা
sotffik	সঠিক
caccfi	চাচ্ছি
gfore	ঘরে
jnze	জন্যে
jonze	জন্যে
mistfar	মিস্টার
pqthibiir	পৃথিবীর
mapf	মাফ
mqtzur	মৃত্যুর
dbara	দ্বারা
cek	চেক
nije	নিজে
i	ই
dei	দেই
dhorner	ধরনের
dhoroner	ধরনের
bishesf	বিশেষ
ajke	আজকে
ajoke	আজকে
bar	বার
prthme	প্রথমে
prothme	প্রথমে
prthome	প্রথমে
nijei	নিজেই
wpor	ওপর
aste	আস্তে
cfilen	ছিলেন
gt	গত
got	গত
ekdin	একদিন
ekodin	একদিন
ager	আগের
darunf	দারুণ
ha	হা
zaccf	যাচ্ছ
shunecfi	শুনেছি
dhorte	ধরতে
dhorote	ধরতে
dl	দল
dol	দল
valwif	ভালোই
khali	খালি
du	দু
bcforer	বছরের
bocforer	বছরের
odvut	অদ্ভুত
cfwtftf	ছোট্ট
kfomta	ক্ষমতা
kfomota	ক্ষমতা
korini	করিনি
bolob	বলব
pai	পাই
gurutbpuurrnf	গুরুত্বপূর্ণ
gurutbopuurrnf	গুরুত্বপূর্ণ
oxsh	অংশ
alada	আলাদা
utffe	উঠে
marte	মারতে
marote	মারতে
zdiw	যদিও
zodiw	যদিও
mqt	মৃত
prmanf	প্রমাণ
promanf	প্রমাণ
pashe	পাশে
baje	বাজে
pthe	পথে
pothe	পথে
pfelobe	ফেলবে
ketfe	কেটে
dharnfa	ধারণা
dharonfa	ধারণা
jnzoi	জন্যই
jonzoi	জন্যই
sahs	সাহস
sahos	সাহস
tumiw	তুমিও
dhiire	ধীরে
shktishalii	শক্তিশালী
shoktishalii	শক্তিশালী
tothz	তথ্য
esecf	এসেছ
perecfi	পেরেছি
mukt	মুক্ত
takaw	তাকাও
dile	দিলে
tate	তাতে
nijeder	নিজেদের
dwst	দোস্ত
shune	শুনে
he	হে
jiggasa	জিজ্ঞাসা
darun	দারুন
calu	চালু
anote	আনতে
gwpon	গোপন
dwsf	দোষ
poribrrton	পরিবর্তন
poriborrton	পরিবর্তন
biruddhe	বিরুদ্ধে
onuvob	অনুভব
tule	তুলে
tffikoi	ঠিকই
ontt	অন্তত
ontot	অন্তত
bolecfen	বলেছেন
hobena	হবেনা
caile	চাইলে
baccader	বাচ্চাদের
poribarer	পরিবারের
parbena	পারবেনা
parobena	পারবেনা
zt	যত
zot	যত
bsw	বসো
bosw	বসো
sera	সেরা
bodle	বদলে
bodole	বদলে
eitw	এইতো
kort	করত
korot	করত
bzbstha	ব্যবস্থা
bzobstha	ব্যবস্থা
bzbostha	ব্যবস্থা
mhila	মহিলা
mohila	মহিলা
jiibne	জীবনে
jiibone	জীবনে
htw	হতো
hotw	হতো
tfakar	টাকার
samanz	সামান্য
clcfe	চলছে
colcfe	চলছে
clocfe	চলছে
kicfutfa	কিছুটা
osadharnf	অসাধারণ
osadharonf	অসাধারণ
mqtzu	মৃত্যু
ekhni	এখনি
ekhoni	এখনি
diner	দিনের
kalw	কালো
bwka	বোকা
vebe	ভেবে
koreni	করেনি
prpfesor	প্রফেসর
propfesor	প্রফেসর
pfert	ফেরত
pferot	ফেরত
onumti	অনুমতি
onumoti	অনুমতি
sokale	সকালে
dflar	ডলার
dfolar	ডলার
korcfilam	করছিলাম
korocfilam	করছিলাম
swja	সোজা
legecfe	লেগেছে
kwnow	কোনও
jiibit	জীবিত
bnduk	বন্দুক
bonduk	বন্দুক
bolcfen	বলছেন
bolocfen	বলছেন
odhikar	অধিকার
bikri	বিক্রি
nin	নিন
bololam	বললাম
diccfe	দিচ্ছে
pqthibii	পৃথিবী
holam	হলাম
sabodhane	সাবধানে
dekhar	দেখার
rakhbe	রাখবে
rakhobe	রাখবে
kortam	করতাম
korotam	করতাম
bolecfil	বলেছিল
sondeh	সন্দেহ
bahire	বাহিরে
bolcfw	বলছো
bolocfw	বলছো
diw	দিও
sadharnf	সাধারণ
sadharonf	সাধারণ
jahaj	জাহাজ
tham	থাম
gulw	গুলো
gftfna	ঘটনা
gfotfna	ঘটনা
gftfona	ঘটনা
korei	করেই
mjar	মজার
mojar	মজার
pfelw	ফেলো
bolecf	বলেছ
bolecfile	বলেছিলে
korlw	করলো
korolw	করলো
eitfa	এইটা
dilam	দিলাম
kajtfa	কাজটা
kajotfa	কাজটা
valoi	ভালই
cehara	চেহারা
thaki	থাকি
sara	সারা
dfoo	ডঃ
pele	পেলে
eisob	এইসব
paben	পাবেন
jnab	জনাব
jonab	জনাব
sabodhan	সাবধান
madhzme	মাধ্যমে
madhzome	মাধ্যমে
jrrj	জর্জ
jorrj	জর্জ
dhor	ধর
dekhle	দেখলে
dekhole	দেখলে
skule	স্কুলে
cwkhe	চোখে
parini	পারিনি
babake	বাবাকে
purnw	পুরনো
puronw	পুরনো
porikolpna	পরিকল্পনা
porikolpona	পরিকল্পনা
porer	পরের
zake	যাকে
mar	মার
bndhura	বন্ধুরা
bondhura	বন্ধুরা
more	মরে
gelam	গেলাম
pfelecfi	ফেলেছি
vengge	ভেঙ্গে
lwkder	লোকদের
lwkoder	লোকদের
somman	সম্মান
kwthakar	কোথাকার
prdhan	প্রধান
prodhan	প্রধান
now	নও
valobasi	ভালবাসি
ji	জি
vagz	ভাগ্য
cwkher	চোখের
jfamela	ঝামেলা
gfqnfa	ঘৃণা
bas	বাস
mdhzei	মধ্যেই
modhzei	মধ্যেই
shhorer	শহরের
shohorer	শহরের
hobar	হবার
duur	দূর
dutfw	দুটো
vag	ভাগ
ekebare	একেবারে
atfke	আটকে
atfoke	আটকে
shhore	শহরে
shohore	শহরে
kacfakacfi	কাছাকাছি
bujfecfi	বুঝেছি
erpor	এরপর
eropor	এরপর
debta	দেবতা
debota	দেবতা
adesh	আদেশ
dibw	দিবো
thakobw	থাকবো
pfelecfe	ফেলেছে
twra	তোরা
eder	এদের
zwgazwg	যোগাযোগ
dekhate	দেখাতে
asobw	আসবো
plzan	প্ল্যান
hisabe	হিসাবে
mtoi	মতই
motoi	মতই
mzadfam	ম্যাডাম
partam	পারতাম
parotam	পারতাম
dekhaw	দেখাও
onusornf	অনুসরণ
onusoronf	অনুসরণ
parle	পারলে
parole	পারলে
poricit	পরিচিত
rume	রুমে
koi	কই
gfure	ঘুরে
rkom	রকম
rokom	রকম
gfontfa	ঘন্টা
jwre	জোরে
dujn	দুজন
dujon	দুজন
birkt	বিরক্ত
birokt	বিরক্ত
rakh	রাখ
lrrdf	লর্ড
lorrdf	লর্ড
unar	উনার
zevabe	যেভাবে
pfel	ফেল
mastfar	মাস্টার
te	তে
jnm	জন্ম
jonm	জন্ম
cfeler	ছেলের
somprrk	সম্পর্ক
somporrk	সম্পর্ক
raji	রাজি
kortw	করতো
korotw	করতো
mene	মেনে
nirapotta	নিরাপত্তা
morte	মরতে
morote	মরতে
mai	মাই
ht	হত
hot	হত
niu	নিউ
dik	দিক
rater	রাতের
jene	জেনে
somst	সমস্ত
somost	সমস্ত
redfi	রেডি
thamaw	থামাও
manusfoke	মানুষকে
ejentf	এজেন্ট
jinisotfa	জিনিসটা
dekhaccfe	দেখাচ্ছে
bololw	বললো
sathei	সাথেই
gudf	গুড
pitfar	পিটার
bolol	বলল
gftfecfe	ঘটেছে
gfotfecfe	ঘটেছে
minitfer	মিনিটের
as	আস
caina	চাইনা
rum	রুম
dekhecf	দেখেছ
pfelte	ফেলতে
pfelote	ফেলতে
presidfentf	প্রেসিডেন্ট
wre	ওরে
zabar	যাবার
grhonf	গ্রহণ
grohonf	গ্রহণ
rekhw	রেখো
lwkotfa	লোকটা
dekhlam	দেখলাম
dekholam	দেখলাম
kiccfu	কিচ্ছু
pqthibiite	পৃথিবীতে
esecfen	এসেছেন
cukti	চুক্তি
orrth	অর্থ
dhur	ধুর
mukhe	মুখে
shiigfroi	শীঘ্রই
lkfz	লক্ষ্য
lokfz	লক্ষ্য
ztkfonf	যতক্ষণ
zotkfonf	যতক্ষণ
ztokfonf	যতক্ষণ
kobe	কবে
jbi	জ্বি
sompuurrnf	সম্পূর্ণ
korecfile	করেছিলে
evabei	এভাবেই
kahinii	কাহিনী
vetor	ভেতর
segulw	সেগুলো
clobe	চলবে
colobe	চলবে
ajker	আজকের
ajoker	আজকের
lwkjn	লোকজন
lwkojon	লোকজন
lwkojn	লোকজন
lwkjon	লোকজন
keui	কেউই
sotrrk	সতর্ক
sotorrk	সতর্ক
agamiikal	আগামীকাল
twirii	তৈরী
lagolw	লাগলো
paccf	পাচ্ছ
monwzwg	মনোযোগ
lwkera	লোকেরা
h	হ
zei	যেই
ain	আইন
ne	নে
allah	আল্লাহ
dekhecfw	দেখেছো
shikar	শিকার
shunun	শুনুন
bishal	বিশাল
wderke	ওদেরকে
wderoke	ওদেরকে
kpfi	কফি
kopfi	কফি
upohar	উপহার
hamola	হামলা
ejnzoi	এজন্যই
ejonzoi	এজন্যই
zaben	যাবেন
baccara	বাচ্চারা
dekhbe	দেখবে
dekhobe	দেখবে
opfisar	অফিসার
mzan	ম্যান
korwna	করোনা
hah	হাহ
lal	লাল
pulisher	পুলিশের
dfan	ডান
kixba	কিংবা
esecfil	এসেছিল
wgulw	ওগুলো
kwdf	কোড
parbna	পারবনা
parobona	পারবনা
parobna	পারবনা
parbona	পারবনা
jege	জেগে
malik	মালিক
ammu	আম্মু
banate	বানাতে
nojor	নজর
ripwrrtf	রিপোর্ট
kfetre	ক্ষেত্রে
ekjnke	একজনকে
ekojonoke	একজনকে
ekojnke	একজনকে
ekjonke	একজনকে
vinn	ভিন্ন
zuddher	যুদ্ধের
purwpuri	পুরোপুরি
karne	কারনে
karone	কারনে
abarw	আবারো
thakun	থাকুন
kicfur	কিছুর
clun	চলুন
colun	চলুন
prarrthna	প্রার্থনা
prarrthona	প্রার্থনা
osusth	অসুস্থ
koris	করিস
pelam	পেলাম
lwker	লোকের
thekew	থেকেও
akrmnf	আক্রমণ
akromnf	আক্রমণ
akrmonf	আক্রমণ
jii	জী
shasti	শাস্তি
sqsftfi	সৃষ্টি
buddhi	বুদ্ধি
make	মাকে
den	দেন
bananw	বানানো
obsthan	অবস্থান
obosthan	অবস্থান
khaw	খাও
prtzek	প্রত্যেক
protzek	প্রত্যেক
rakhar	রাখার
nebe	নেবে
prkash	প্রকাশ
prokash	প্রকাশ
zehetu	যেহেতু
kes	কেস
tobuw	তবুও
sabtfaitfel	সাবটাইটেল
sabotfaitfel	সাবটাইটেল
kara	কারা
janar	জানার
bujfecf	বুঝেছ
orrdhek	অর্ধেক
shbas	শ্বাস
prtidin	প্রতিদিন
protidin	প্রতিদিন
pfrzangk	ফ্র্যাঙ্ক
cfeleke	ছেলেকে
amarow	আমারও
thamate	থামাতে
jorurii	জরুরী
cabi	চাবি
bujfe	বুঝে
onekotfa	অনেকটা
parcfina	পারছিনা
parocfina	পারছিনা
olp	অল্প
sobkicfui	সবকিছুই
sobokicfui	সবকিছুই
kwnotfa	কোনটা
picfu	পিছু
prvu	প্রভু
provu	প্রভু
porbrrtii	পরবর্তী
porobrrtii	পরবর্তী
porborrtii	পরবর্তী
opf	অফ
muulz	মূল্য
obshz	অবশ্য
oboshz	অবশ্য
becfe	বেছে
sontan	সন্তান
amare	আমারে
bolecfilen	বলেছিলেন
paw	পাও
boloben	বলবেন
kam	কাম
bwma	বোমা
tfim	টিম
pabw	পাবো
bndhuder	বন্ধুদের
bondhuder	বন্ধুদের
kokhnoi	কখনই
kokhonoi	কখনই
bal	বাল
holew	হলেও
niccfi	নিচ্ছি
hater	হাতের
samole	সামলে
meshin	মেশিন
gecfen	গেছেন
ap	আপ
tfren	ট্রেন
kthai	কথাই
kothai	কথাই
pfaltu	ফালতু
pfalotu	ফালতু
badhz	বাধ্য
moner	মনের
desher	দেশের
mathar	মাথার
picfe	পিছে
caccf	চাচ্ছ
bolini	বলিনি
pfelobw	ফেলবো
sharrlok	শার্লক
uddhar	উদ্ধার
zew	যেও
sbiikar	স্বীকার
ana	আনা
lain	লাইন
dekhini	দেখিনি
dil	দিল
dfevidf	ডেভিড
tfi	টি
zwg	যোগ
a	আ
nibe	নিবে
hirw	হিরো
rekhecfe	রেখেছে
marar	মারার
onubad	অনুবাদ
duitfa	দুইটা
etfaw	এটাও
bujfle	বুঝলে
bujfole	বুঝলে
thekw	থেকো
marw	মারো
citffi	চিঠি
shtru	শত্রু
shotru	শত্রু
hoicfe	হইছে
korecfilw	করেছিলো
saheb	সাহেব
bai	বাই
gondh	গন্ধ
bastob	বাস্তব
wkhanei	ওখানেই
autf	আউট
gdf	গড
godf	গড
pfela	ফেলা
bah	বাহ
lege	লেগে
hasopatale	হাসপাতালে
korcfis	করছিস
korocfis	করছিস
prbesh	প্রবেশ
probesh	প্রবেশ
sundorii	সুন্দরী
bzkti	ব্যক্তি
bzokti	ব্যক্তি
neme	নেমে
nahole	নাহলে
jele	জেলে
pbitr	পবিত্র
pobitr	পবিত্র
niil	নীল
setfar	সেটার
bololen	বললেন
bolcfilam	বলছিলাম
bolocfilam	বলছিলাম
opfise	অফিসে
jadu	জাদু
sbavabik	স্বাভাবিক
oporadh	অপরাধ
lash	লাশ
dza	দ্যা
bishram	বিশ্রাম
iishborer	ঈশ্বরের
baji	বাজি
sada	সাদা
corm	চরম
corom	চরম
mishon	মিশন
khabe	খাবে
rakhun	রাখুন
panir	পানির
kthatfa	কথাটা
kothatfa	কথাটা
janate	জানাতে
zaccfw	যাচ্ছো
dine	দিনে
esecfw	এসেছো
arekotfu	আরেকটু
ztn	যত্ন
zotn	যত্ন
korcfil	করছিল
korocfil	করছিল
onzanz	অন্যান্য
sorasori	সরাসরি
jni	জনি
joni	জনি
patffanw	পাঠানো
gadha	গাধা
hob	হব
dhornfer	ধরণের
dhoronfer	ধরণের
bebi	বেবি
on	অন
hobw	হবো
vab	ভাব
sprrsh	স্পর্শ
sporrsh	স্পর্শ
rakhe	রাখে
sotzikarer	সত্যিকারের
hwms	হোমস
hwmos	হোমস
kzamera	ক্যামেরা
utffw	উঠো
cinote	চিনতে
kupar	কুপার
dfktfor	ডক্টর
dfoktfor	ডক্টর
twder	তোদের
niw	নিও
valobasa	ভালবাসা
bece	বেচে
wtffw	ওঠো
asob	আসব
karrdf	কার্ড
cfilna	ছিলনা
cfilona	ছিলনা
abarow	আবারও
obshesfe	অবশেষে
oboshesfe	অবশেষে
ekfuni	এক্ষুনি
bwjfa	বোঝা
bzaxk	ব্যাংক
eize	এইযে
vidfiw	ভিডিও
sohz	সহ্য
zaccfen	যাচ্ছেন
cap	চাপ
esober	এসবের
cfelera	ছেলেরা
vabte	ভাবতে
vabote	ভাবতে
mail	মাইল
bipdjnk	বিপদজনক
bipodojonok	বিপদজনক
bipodjnk	বিপদজনক
bipdojnk	বিপদজনক
uddeshz	উদ্দেশ্য
muhuurrte	মুহূর্তে
ekskiuj	এক্সকিউজ
eksokiuj	এক্সকিউজ
janis	জানিস
parrtfi	পার্টি
wtfar	ওটার
clte	চলতে
colote	চলতে
colte	চলতে
clote	চলতে
rekrrdf	রেকর্ড
rekorrdf	রেকর্ড
acornf	আচরণ
acoronf	আচরণ
onurwdh	অনুরোধ
abbu	আব্বু
orrdfar	অর্ডার
zekwn	যেকোন
onzder	অন্যদের
onzoder	অন্যদের
sekhanei	সেখানেই
kwrw	কোরো
mile	মিলে
vitor	ভিতর
oi	অই
obak	অবাক
szam	স্যাম
um	উম
bipde	বিপদে
bipode	বিপদে
bzst	ব্যস্ত
bzost	ব্যস্ত
namer	নামের
khelte	খেলতে
khelote	খেলতে
ene	এনে
klant	ক্লান্ত
putr	পুত্র
sopfol	সফল
kine	কিনে
parlam	পারলাম
parolam	পারলাম
bzrrth	ব্যর্থ
bzorrth	ব্যর্থ
bzatha	ব্যাথা
pfelob	ফেলব
purusf	পুরুষ
bishber	বিশ্বের
vabcfilam	ভাবছিলাম
vabocfilam	ভাবছিলাম
korecfilen	করেছিলেন
zwgz	যোগ্য
sistfem	সিস্টেম
khorc	খরচ
khoroc	খরচ
jenarel	জেনারেল
ekhankar	এখানকার
ekhanokar	এখানকার
dekhecfilam	দেখেছিলাম
pkfe	পক্ষে
pokfe	পক্ষে
cfeletfa	ছেলেটা
ekotfai	একটাই
kosom	কসম
lapf	লাফ
sutorax	সুতরাং
vabw	ভাবো
soboi	সবই
mises	মিসেস
tffanfdfa	ঠাণ্ডা
lagol	লাগল
parena	পারেনা
khwl	খোল
sarajiibn	সারাজীবন
sarajiibon	সারাজীবন
ovinondn	অভিনন্দন
ovinondon	অভিনন্দন
potfar	পটার
korbi	করবি
korobi	করবি
matfite	মাটিতে
paini	পাইনি
agew	আগেও
bipd	বিপদ
bipod	বিপদ
atma	আত্মা
bikhzat	বিখ্যাত
hoi	হই
kwtha	কোথা
upvwg	উপভোগ
upovwg	উপভোগ
morar	মরার
ekai	একাই
df	ড
merecfe	মেরেছে
md	মদ
mod	মদ
mte	মতে
mote	মতে
sedin	সেদিন
shpth	শপথ
shopth	শপথ
shpoth	শপথ
durrbol	দুর্বল
tkhnoi	তখনই
tokhnoi	তখনই
tkhonoi	তখনই
samoner	সামনের
iccfe	ইচ্ছে
jimi	জিমি
cwr	চোর
pareni	পারেনি
soptahe	সপ্তাহে
pala	পালা
jahajer	জাহাজের
kpi	কপি
kopi	কপি
pranf	প্রাণ
shunlam	শুনলাম
shunolam	শুনলাম
smqti	স্মৃতি
susth	সুস্থ
kototfa	কতটা
preme	প্রেমে
rajar	রাজার
poristhiti	পরিস্থিতি
caccfilam	চাচ্ছিলাম
calate	চালাতে
dler	দলের
doler	দলের
caccfe	চাচ্ছে
ekjner	একজনের
ekojoner	একজনের
ekojner	একজনের
ekjoner	একজনের
gftfe	ঘটে
gfotfe	ঘটে
vabcfi	ভাবছি
vabocfi	ভাবছি
prtitfi	প্রতিটি
protitfi	প্রতিটি
korbena	করবেনা
korobena	করবেনা
kew	কেও
dffukote	ঢুকতে
pfail	ফাইল
korina	করিনা
prman	প্রমান
proman	প্রমান
blzak	ব্ল্যাক
manusfder	মানুষদের
manusfoder	মানুষদের
bap	বাপ
tdnt	তদন্ত
todnt	তদন্ত
tdont	তদন্ত
gfontfar	ঘন্টার
vorsa	ভরসা
vorosa	ভরসা
gfumate	ঘুমাতে
enecfi	এনেছি
zatra	যাত্রা
tfene	টেনে
sarrjentf	সার্জেন্ট
shudhui	শুধুই
cintit	চিন্তিত
muul	মূল
sahazzer	সাহায্যের
pab	পাব
onuman	অনুমান
mzam	ম্যাম
babu	বাবু
thaken	থাকেন
palaw	পালাও
zuddhe	যুদ্ধে
sthan	স্থান
korl	করল
korol	করল
striir	স্ত্রীর
shunw	শুনো
caini	চাইনি
humki	হুমকি
humoki	হুমকি
erik	এরিক
jwr	জোর
henori	হেনরি
s	স
palate	পালাতে
dilw	দিলো
meri	মেরি
vagzban	ভাগ্যবান
vagzoban	ভাগ্যবান
dharna	ধারনা
dharona	ধারনা
sobgulw	সবগুলো
sobogulw	সবগুলো
mukti	মুক্তি
caibe	চাইবে
unake	উনাকে
sew	সেও
ai	আই
gecfw	গেছো
korecfis	করেছিস
mtwif	মতোই
motwif	মতোই
shikhte	শিখতে
shikhote	শিখতে
bildfix	বিল্ডিং
bacfa	বাছা
soman	সমান
jnmdin	জন্মদিন
jonmdin	জন্মদিন
jnmodin	জন্মদিন
hccfi	হচ্ছি
hoccfi	হচ্ছি
utffte	উঠতে
utffote	উঠতে
cas	চাস
jmi	জমি
jomi	জমি
ejnz	এজন্য
ejonz	এজন্য
tzag	ত্যাগ
kacfei	কাছেই
shesfe	শেষে
bahinii	বাহিনী
dhorecfi	ধরেছি
prtishwdh	প্রতিশোধ
protishwdh	প্রতিশোধ
amoraw	আমরাও
pwshak	পোশাক
deshe	দেশে
emonotfa	এমনটা
humom	হুমম
alwcna	আলোচনা
alwcona	আলোচনা
mal	মাল
zerkom	যেরকম
zerokom	যেরকম
janle	জানলে
janole	জানলে
nib	নিব
derii	দেরী
eimatr	এইমাত্র
jtfil	জটিল
jotfil	জটিল
grepftar	গ্রেফতার
grepfotar	গ্রেফতার
cihn	চিহ্ন
dffuke	ঢুকে
bzabhar	ব্যাবহার
bzabohar	ব্যাবহার
nirrdesh	নির্দেশ
dhetteri	ধেত্তেরি
calaw	চালাও
diirrgf	দীর্ঘ
carrli	চার্লি
bil	বিল
pkf	পক্ষ
pokf	পক্ষ
injin	ইঞ্জিন
bzktigt	ব্যক্তিগত
bzoktigt	ব্যক্তিগত
bzktigot	ব্যক্তিগত
mucfe	মুছে
rekhecfi	রেখেছি
kortei	করতেই
korotei	করতেই
sorw	সরো
sori	সরি
hccfil	হচ্ছিল
hoccfil	হচ্ছিল
likhe	লিখে
taw	তাও
prtitfa	প্রতিটা
protitfa	প্রতিটা
thakotw	থাকতো
caccfen	চাচ্ছেন
ag	আগ
bndii	বন্দী
bondii	বন্দী
bsun	বসুন
bosun	বসুন
kolpna	কল্পনা
kolpona	কল্পনা
somszatfa	সমস্যাটা
somoszatfa	সমস্যাটা
parina	পারিনা
plen	প্লেন
zabena	যাবেনা
asen	আসেন
gftfobe	ঘটবে
gfotfobe	ঘটবে
otznt	অত্যন্ত
otzont	অত্যন্ত
kwmpani	কোম্পানি
nebw	নেবো
badha	বাধা
picci	পিচ্চি
skuler	স্কুলের
barrta	বার্তা
zemonotfa	যেমনটা
janotw	জানতো
pita	পিতা
parcf	পারছ
parocf	পারছ
parrthkz	পার্থক্য
parrthokz	পার্থক্য
hwn	হোন
tfarrgetf	টার্গেট
kiiser	কীসের
zet	যেত
amorai	আমরাই
diben	দিবেন
venge	ভেঙে
morbe	মরবে
morobe	মরবে
speshal	স্পেশাল
zini	যিনি
kaloke	কালকে
korate	করাতে
prstab	প্রস্তাব
prostab	প্রস্তাব
paccfw	পাচ্ছো
parrk	পার্ক
dfak	ডাক
nirapde	নিরাপদে
nirapode	নিরাপদে
dekhecfe	দেখেছে
maser	মাসের
vgoban	ভগবান
vogoban	ভগবান
ajob	আজব
acfis	আছিস
rakhi	রাখি
bam	বাম
prcur	প্রচুর
procur	প্রচুর
carrls	চার্লস
carrlos	চার্লস
porinft	পরিণত
porinfot	পরিণত
kotdin	কতদিন
kotodin	কতদিন
grame	গ্রামে
taile	তাইলে
orrjn	অর্জন
orrjon	অর্জন
koruk	করুক
oporadhii	অপরাধী
mithze	মিথ্যে
rkter	রক্তের
rokter	রক্তের
prshner	প্রশ্নের
proshner	প্রশ্নের
karow	কারও
puurrnf	পূর্ণ
khwlw	খোলো
shoriirer	শরীরের
prstt	প্রস্তত
prostt	প্রস্তত
prstot	প্রস্তত
vrrti	ভর্তি
vorrti	ভর্তি
bzakhza	ব্যাখ্যা
baccar	বাচ্চার
wtfake	ওটাকে
pash	পাশ
tinotfa	তিনটা
tffikacfe	ঠিকাছে
zenw	যেনো
parbi	পারবি
parobi	পারবি
dure	দুরে
sht	শত
shot	শত
zwddha	যোদ্ধা
buddhiman	বুদ্ধিমান
bwjfate	বোঝাতে
parte	পারতে
parote	পারতে
jobab	জবাব
baler	বালের
tfom	টম
kobor	কবর
onuvuuti	অনুভূতি
bndhur	বন্ধুর
bondhur	বন্ধুর
pfwnotfa	ফোনটা
perecf	পেরেছ
somszar	সমস্যার
somoszar	সমস্যার
bivinn	বিভিন্ন
sxket	সংকেত
soxket	সংকেত
twmaderke	তোমাদেরকে
twmaderoke	তোমাদেরকে
parcfw	পারছো
parocfw	পারছো
dekhabe	দেখাবে
ovizwg	অভিযোগ
korlen	করলেন
korolen	করলেন
karrl	কার্ল
jgfonz	জঘন্য
jogfonz	জঘন্য
patffate	পাঠাতে
hoben	হবেন
vabcf	ভাবছ
vabocf	ভাবছ
serkom	সেরকম
serokom	সেরকম
nkol	নকল
nokol	নকল
surkfit	সুরক্ষিত
surokfit	সুরক্ষিত
narii	নারী
harate	হারাতে
eleks	এলেক্স
rakhben	রাখবেন
rakhoben	রাখবেন
sobuj	সবুজ
prwgram	প্রোগ্রাম
ekomt	একমত
ekomot	একমত
wvar	ওভার
eibar	এইবার
paccfe	পাচ্ছে
miujik	মিউজিক
ben	বেন
li	লি
naitf	নাইট
rbarrtf	রবার্ট
robarrtf	রবার্ট
calak	চালাক
rakhbw	রাখবো
rakhobw	রাখবো
laine	লাইনে
wpore	ওপরে
khuni	খুনি
gramer	গ্রামের
jems	জেমস
jemos	জেমস
sohje	সহজে
sohoje	সহজে
dekhcfw	দেখছো
dekhocfw	দেখছো
prtigga	প্রতিজ্ঞা
protigga	প্রতিজ্ঞা
mitfix	মিটিং
witfa	ঐটা
namtfa	নামটা
namotfa	নামটা
dabi	দাবি
jner	জনের
joner	জনের
bame	বামে
onekdin	অনেকদিন
onekodin	অনেকদিন
esecfilam	এসেছিলাম
ratri	রাত্রি
kwmpanir	কোম্পানির
dkf	দক্ষ
dokf	দক্ষ
dwitz	দৈত্য
etfate	এটাতে
soraw	সরাও
shun	শুন
ztdin	যতদিন
zotodin	যতদিন
zotdin	যতদিন
ztodin	যতদিন
sbpner	স্বপ্নের
sbopner	স্বপ্নের
agrhii	আগ্রহী
agrohii	আগ্রহী
mesej	মেসেজ
vabolam	ভাবলাম
zegulw	যেগুলো
bwner	বোনের
aht	আহত
ahot	আহত
wnar	ওনার
shalar	শালার
sekhan	সেখান
dekhecfen	দেখেছেন
setf	সেট
ekhuni	এখুনি
szutf	স্যুট
gecf	গেছ
hon	হন
nirrvor	নির্ভর
dkhl	দখল
dokhl	দখল
dkhol	দখল
boltw	বলতো
bolotw	বলতো
dekhbw	দেখবো
dekhobw	দেখবো
nwuka	নৌকা
kinote	কিনতে
uddeshze	উদ্দেশ্যে
vabi	ভাবি
saradin	সারাদিন
lwkoke	লোককে
sikiuritfi	সিকিউরিটি
patffaw	পাঠাও
martfi	মারটি
marotfi	মারটি
plzatf	প্ল্যাট
boleni	বলেনি
shwna	শোনা
jadur	জাদুর
bicar	বিচার
pfutf	ফুট
kntfrwl	কন্ট্রোল
kontfrwl	কন্ট্রোল
getf	গেট
sahsii	সাহসী
sahosii	সাহসী
tfaim	টাইম
manosik	মানসিক
gacfer	গাছের
jin	জিন
shunecf	শুনেছ
ranii	রানী
sale	সালে
kwushol	কৌশল
atmhtza	আত্মহত্যা
atmohtza	আত্মহত্যা
atmhotza	আত্মহত্যা
gti	গতি
goti	গতি
ixlish	ইংলিশ
puurnf	পূরণ
puuronf	পূরণ
nx	নং
nox	নং
ini	ইনি
somvabna	সম্ভাবনা
somvabona	সম্ভাবনা
dle	দলে
dole	দলে
valwbasar	ভালোবাসার
soptaher	সপ্তাহের
gforer	ঘরের
sbad	স্বাদ
khelar	খেলার
dfeke	ডেকে
matal	মাতাল
dfn	ডন
dfon	ডন
bhon	বহন
bohon	বহন
pfeli	ফেলি
bcfore	বছরে
bocfore	বছরে
es	এস
namaw	নামাও
kicfudin	কিছুদিন
bwdh	বোধ
mukhwmukhi	মুখোমুখি
dekhcf	দেখছ
dekhocf	দেখছ
cumu	চুমু
szori	স্যরি
nij	নিজ
zaihwk	যাইহোক
jw	জো
paltfe	পাল্টে
amerikan	আমেরিকান
khulte	খুলতে
khulote	খুলতে
dhorar	ধরার
dfinar	ডিনার
hccfena	হচ্ছেনা
hoccfena	হচ্ছেনা
akrant	আক্রান্ত
aponiif	আপনিই
pliij	প্লীজ
dorjar	দরজার
dorojar	দরজার
rastar	রাস্তার
iu	ইউ
anw	আনো
praivetf	প্রাইভেট
thakoben	থাকবেন
valwvabe	ভালোভাবে
carpashe	চারপাশে
caropashe	চারপাশে
pfwne	ফোনে
lagte	লাগতে
lagote	লাগতে
jbii	জ্বী
rajz	রাজ্য
nirrdwsf	নির্দোষ
swinz	সৈন্য
dhakka	ধাক্কা
obishbasz	অবিশ্বাস্য
barbar	বারবার
barobar	বারবার
gfwsfonfa	ঘোষণা
wkhan	ওখান
caite	চাইতে
dqsftfi	দৃষ্টি
bzatfa	ব্যাটা
biman	বিমান
prtzekotfa	প্রত্যেকটা
protzekotfa	প্রত্যেকটা
tffikana	ঠিকানা
agamii	আগামী
parbwna	পারবোনা
parobwna	পারবোনা
khtom	খতম
khotom	খতম
poramrrsh	পরামর্শ
poramorrsh	পরামর্শ
dz	দ্য
jarrman	জার্মান
poriskar	পরিস্কার
bob	বব
kotkfonf	কতক্ষণ
kotokfonf	কতক্ষণ
buletf	বুলেট
bolecfw	বলেছো
pforestf	ফরেস্ট
arek	আরেক
srrbwcc	সর্বোচ্চ
sorrbwcc	সর্বোচ্চ
pflaitf	ফ্লাইট
porew	পরেও
rwbtf	রোবট
rwbotf	রোবট
spsftf	স্পষ্ট
sposftf	স্পষ্ট
sdsz	সদস্য
sodsz	সদস্য
sdosz	সদস্য
niccfe	নিচ্ছে
klas	ক্লাস
paccfen	পাচ্ছেন
bela	বেলা
otirikt	অতিরিক্ত
sigaretf	সিগারেট
arekobar	আরেকবার
panite	পানিতে
harrvi	হার্ভি
kane	কানে
porei	পরেই
brzandf	ব্র্যান্ড
nicer	নিচের
tfukora	টুকরা
sikretf	সিক্রেট
ele	এলে
zekwnw	যেকোনো
cenw	চেনো
jinisf	জিনিষ
janot	জানত
paln	পালন
palon	পালন
debar	দেবার
tfivi	টিভি
kfudharrt	ক্ষুধার্ত
bishbasoi	বিশ্বাসই
dfi	ডি
kix	কিং
dwsfii	দোষী
sobkicfur	সবকিছুর
sobokicfur	সবকিছুর
kthabarrta	কথাবার্তা
kothabarrta	কথাবার্তা
prshxsa	প্রশংসা
proshxsa	প্রশংসা
prshoxsa	প্রশংসা
holei	হলেই
stfarrk	স্টার্ক
dkfinf	দক্ষিণ
dokfinf	দক্ষিণ
utff	উঠ
poribarke	পরিবারকে
poribaroke	পরিবারকে
matroi	মাত্রই
anggul	আঙ্গুল
durrgftfna	দুর্ঘটনা
durrgfotfna	দুর্ঘটনা
durrgftfona	দুর্ঘটনা
dag	দাগ
tfukorw	টুকরো
bou	বউ
diccf	দিচ্ছ
krisomas	ক্রিসমাস
bujfbe	বুঝবে
bujfobe	বুঝবে
manob	মানব
nombor	নম্বর
utffbe	উঠবে
utffobe	উঠবে
san	সান
sotztfa	সত্যটা
sotzotfa	সত্যটা
akashe	আকাশে
mora	মরা
laitf	লাইট
korcfile	করছিলে
korocfile	করছিলে
elam	এলাম
itimdhze	ইতিমধ্যে
itimodhze	ইতিমধ্যে
emonitei	এমনিতেই
wtff	ওঠ
lwkotfake	লোকটাকে
noile	নইলে
thamun	থামুন
kqtgg	কৃতজ্ঞ
kqtogg	কৃতজ্ঞ
shw	শো
maik	মাইক
knor	কনর
konor	কনর
dfube	ডুবে
dekhanwr	দেখানোর
purwnw	পুরোনো
khuner	খুনের
prvab	প্রভাব
provab	প্রভাব
elw	এলো
grhon	গ্রহন
grohon	গ্রহন
parcfen	পারছেন
parocfen	পারছেন
hwtfele	হোটেলে
ajij	আজিজ
odqshz	অদৃশ্য
bzakti	ব্যাক্তি
oporer	অপরের
ostitb	অস্তিত্ব
mor	মর
bahqq	বাহ্
bahoqq	বাহ্
enecfe	এনেছে
zntr	যন্ত্র
zontr	যন্ত্র
pranfii	প্রাণী
kicfuna	কিছুনা
shoriire	শরীরে
deben	দেবেন
bolecfilw	বলেছিলো
kotw	কতো
vdr	ভদ্র
vodr	ভদ্র
mamola	মামলা
komandfar	কমান্ডার
khel	খেল
merii	মেরী
aseni	আসেনি
mdhz	মধ্য
modhz	মধ্য
muulzban	মূল্যবান
muulzoban	মূল্যবান
bolcfis	বলছিস
bolocfis	বলছিস
dekhanw	দেখানো
vzan	ভ্যান
viit	ভীত
kompiutfar	কম্পিউটার
eidike	এইদিকে
twre	তোরে
marbe	মারবে
marobe	মারবে
sompnn	সম্পন্ন
somponn	সম্পন্ন
greptar	গ্রেপ্তার
becara	বেচারা
batil	বাতিল
ovishap	অভিশাপ
dekhen	দেখেন
takan	তাকান
erkomoi	এরকমই
erokomoi	এরকমই
cintar	চিন্তার
valovabe	ভালভাবে
mhilar	মহিলার
mohilar	মহিলার
rajzer	রাজ্যের
dujner	দুজনের
dujoner	দুজনের
laganw	লাগানো
ekhaner	এখানের
janena	জানেনা
dfragon	ড্রাগন
non	নন
rn	রন
ron	রন
tfrene	ট্রেনে
likhte	লিখতে
likhote	লিখতে
hwtfel	হোটেল
etotfa	এতটা
tor	তর
nah	নাহ
dfakw	ডাকো
uporer	উপরের
cainij	চাইনিজ
pfirte	ফিরতে
pfirote	ফিরতে
sxgrh	সংগ্রহ
soxgrh	সংগ্রহ
sxgroh	সংগ্রহ
alap	আলাপ
krrnel	কর্নেল
korrnel	কর্নেল
sharmzan	শারম্যান
sharomzan	শারম্যান
dfake	ডাকে
asoben	আসবেন
haszkor	হাস্যকর
haszokor	হাস্যকর
gftfnar	ঘটনার
gfotfnar	ঘটনার
gftfonar	ঘটনার
hal	হাল
twmakew	তোমাকেও
upozukt	উপযুক্ত
sadharnft	সাধারণত
sadharonft	সাধারণত
sadharnfot	সাধারণত
dfane	ডানে
kuttar	কুত্তার
vore	ভরে
thakot	থাকত
beshiif	বেশিই
bsote	বসতে
bosote	বসতে
rege	রেগে
otikrm	অতিক্রম
otikrom	অতিক্রম
mukher	মুখের
kwttheke	কোত্থেকে
lepftfenzantf	লেফটেন্যান্ট
lepfotfenzantf	লেফটেন্যান্ট
sbrrger	স্বর্গের
sborrger	স্বর্গের
anondit	আনন্দিত
asolw	আসলো
partw	পারতো
parotw	পারতো
pike	পিকে
soh	সহ
uposthit	উপস্থিত
nijsb	নিজস্ব
nijosb	নিজস্ব
zedin	যেদিন
cen	চেন
pddhti	পদ্ধতি
poddhti	পদ্ধতি
pddhoti	পদ্ধতি
sbpne	স্বপ্নে
sbopne	স্বপ্নে
nilam	নিলাম
sor	সর
szatfelaitf	স্যাটেলাইট
jite	জিতে
dujnei	দুজনেই
dujonei	দুজনেই
zetam	যেতাম
dekhb	দেখব
dekhob	দেখব
dorjatfa	দরজাটা
dorojatfa	দরজাটা
ztotfa	যতটা
zototfa	যতটা
wdike	ওদিকে
setfaw	সেটাও
tinojn	তিনজন
tinojon	তিনজন
karnfei	কারণেই
karonfei	কারণেই
caicfi	চাইছি
somet	সমেত
kutta	কুত্তা
lusi	লুসি
ledfi	লেডি
sthane	স্থানে
ra	রা
jahaje	জাহাজে
lagaw	লাগাও
vwtf	ভোট
thmas	থমাস
thomas	থমাস
mond	মন্দ
angkel	আঙ্কেল
pfrenc	ফ্রেঞ্চ
tfike	টিকে
rakhcfi	রাখছি
rakhocfi	রাখছি
dzakhw	দ্যাখো
jnzow	জন্যও
jonzow	জন্যও
amitw	আমিতো
abisfkar	আবিষ্কার
zaccfilam	যাচ্ছিলাম
pferar	ফেরার
stfar	স্টার
nishana	নিশানা
mhamanz	মহামান্য
mohamanz	মহামান্য
rhsz	রহস্য
rohsz	রহস্য
rhosz	রহস্য
ditam	দিতাম
bisf	বিষ
janobe	জানবে
hu	হু
grrbit	গর্বিত
gorrbit	গর্বিত
eikhane	এইখানে
osthir	অস্থির
esecfilw	এসেছিলো
pwucfe	পৌছে
sompd	সম্পদ
sompod	সম্পদ
jel	জেল
pura	পুরা
nirrdisftf	নির্দিষ্ট
birktikor	বিরক্তিকর
biroktikor	বিরক্তিকর
mase	মাসে
minitfe	মিনিটে
zabi	যাবি
mithzuk	মিথ্যুক
tfan	টান
sommanit	সম্মানিত
hajir	হাজির
bujfecfw	বুঝেছো
amerika	আমেরিকা
bolei	বলেই
purai	পুরাই
bolcfil	বলছিল
bolocfil	বলছিল
dfrixk	ড্রিংক
onzkicfu	অন্যকিছু
onzokicfu	অন্যকিছু
sahazze	সাহায্যে
wnake	ওনাকে
ucc	উচ্চ
kis	কিস
vora	ভরা
allahqq	আল্লাহ্
allahoqq	আল্লাহ্
egulwr	এগুলোর
onzorkom	অন্যরকম
onzorokom	অন্যরকম
janaccfi	জানাচ্ছি
uh	উহ
har	হার
amakew	আমাকেও
vabcfw	ভাবছো
vabocfw	ভাবছো
tarmane	তারমানে
taromane	তারমানে
bairer	বাইরের
redfiw	রেডিও
pagolami	পাগলামি
pap	পাপ
skfom	সক্ষম
sokfom	সক্ষম
thakotam	থাকতাম
gftfcfe	ঘটছে
gfotfcfe	ঘটছে
gftfocfe	ঘটছে
gzas	গ্যাস
kome	কমে
puurrb	পূর্ব
pfelar	ফেলার
ondh	অন্ধ
zkhnoi	যখনই
zokhnoi	যখনই
zkhonoi	যখনই
korena	করেনা
mani	মানি
sommaner	সম্মানের
pasher	পাশের
jiniser	জিনিসের
tulte	তুলতে
tulote	তুলতে
kukurer	কুকুরের
shesfobar	শেষবার
khujte	খুজতে
khujote	খুজতে
bsobas	বসবাস
bosobas	বসবাস
vagw	ভাগো
atfka	আটকা
atfoka	আটকা
onzer	অন্যের
egula	এগুলা
porimanf	পরিমাণ
porw	পরো
pas	পাস
prthmobar	প্রথমবার
prothmobar	প্রথমবার
prthomobar	প্রথমবার
wtfai	ওটাই
onusftffan	অনুষ্ঠান
subidha	সুবিধা
lkf	লক্ষ
lokf	লক্ষ
cfuri	ছুরি
pfole	ফলে
bndhuke	বন্ধুকে
bondhuke	বন্ধুকে
bolis	বলিস
ciipf	চীফ
jadukor	জাদুকর
praciin	প্রাচীন
bakii	বাকী
clecfe	চলেছে
colecfe	চলেছে
muhurrte	মুহুর্তে
anar	আনার
onekei	অনেকেই
bel	বেল
kris	ক্রিস
vobisfzt	ভবিষ্যত
vobisfzot	ভবিষ্যত
bipder	বিপদের
bipoder	বিপদের
lathi	লাথি
lwkotfar	লোকটার
arrthar	আর্থার
gftfte	ঘটতে
gfotfte	ঘটতে
gftfote	ঘটতে
jnggle	জঙ্গলে
jonggle	জঙ্গলে
jnggole	জঙ্গলে
nodiir	নদীর
nigrw	নিগ্রো
hisab	হিসাব
pfelecf	ফেলেছ
porecfe	পরেছে
grh	গ্রহ
groh	গ্রহ
suurrzer	সূর্যের
khulw	খুলো
bistarit	বিস্তারিত
apfsws	আফসোস
apfosws	আফসোস
iunitf	ইউনিট
dutfi	দুটি
bili	বিলি
cupcap	চুপচাপ
cupocap	চুপচাপ
onugrh	অনুগ্রহ
onugroh	অনুগ্রহ
smarrtf	স্মার্ট
gres	গ্রেস
haramjada	হারামজাদা
haramojada	হারামজাদা
cfap	ছাপ
sitf	সিট
pketfe	পকেটে
poketfe	পকেটে
sekendfer	সেকেন্ডের
kwrna	কোরনা
kwrona	কোরনা
pfrwdfw	ফ্রোডো
jananw	জানানো
kek	কেক
thakuk	থাকুক
pailotf	পাইলট
tumar	তুমার
katfate	কাটাতে
koratfa	করাটা
shitf	শিট
lwgan	লোগান
raitf	রাইট
ekdomoi	একদমই
ekodomoi	একদমই
abba	আব্বা
zwunosnggm	যৌনসঙ্গম
zwunosonggm	যৌনসঙ্গম
zwunosnggom	যৌনসঙ্গম
danob	দানব
rekh	রেখ
majfkhane	মাঝখানে
majfokhane	মাঝখানে
khunii	খুনী
snggii	সঙ্গী
songgii	সঙ্গী
jl	জল
jol	জল
allahor	আল্লাহর
dhorbe	ধরবে
dhorobe	ধরবে
kwnkicfu	কোনকিছু
kwnokicfu	কোনকিছু
kren	ক্রেন
endf	এন্ড
samolate	সামলাতে
dekhaccfi	দেখাচ্ছি
khwdar	খোদার
tarporow	তারপরও
taroporow	তারপরও
kthar	কথার
kothar	কথার
dfraiv	ড্রাইভ
tfrak	ট্রাক
oporadher	অপরাধের
sigonzal	সিগন্যাল
jim	জিম
maramari	মারামারি
khushii	খুশী
osbiikar	অস্বীকার
parrsi	পার্সি
puurrbe	পূর্বে
wjn	ওজন
wjon	ওজন
tffikotffak	ঠিকঠাক
bwjfar	বোঝার
parrkar	পার্কার
nisfedh	নিষেধ
lagate	লাগাতে
somudr	সমুদ্র
ujjbl	উজ্জ্বল
ujjbol	উজ্জ্বল
maikel	মাইকেল
viktfor	ভিক্টর
dfev	ডেভ
jgte	জগতে
jogote	জগতে
jogte	জগতে
jgote	জগতে
pibdfi	পিবডি
pibodfi	পিবডি
kap	কাপ
sukhii	সুখী
vaike	ভাইকে
porajit	পরাজিত
eivabe	এইভাবে
paundf	পাউন্ড
etdin	এতদিন
etodin	এতদিন
shktir	শক্তির
shoktir	শক্তির
dit	দিত
sxzwg	সংযোগ
soxzwg	সংযোগ
vobisfzte	ভবিষ্যতে
vobisfzote	ভবিষ্যতে
dfzani	ড্যানি
cfai	ছাই
opman	অপমান
opoman	অপমান
koleje	কলেজে
sadharn	সাধারন
sadharon	সাধারন
tfrenix	ট্রেনিং
shishur	শিশুর
baccake	বাচ্চাকে
mitfar	মিটার
pcfnder	পছন্দের
pocfnder	পছন্দের
pcfonder	পছন্দের
ekotfuw	একটুও
dekhashwna	দেখাশোনা
aram	আরাম
vobisfzter	ভবিষ্যতের
vobisfzoter	ভবিষ্যতের
gfire	ঘিরে
brus	ব্রুস
mil	মিল
zewna	যেওনা
kthaw	কথাও
kothaw	কথাও
here	হেরে
pistl	পিস্তল
pistol	পিস্তল
helikptfar	হেলিকপ্টার
helikoptfar	হেলিকপ্টার
diif	দিই
bujfate	বুঝাতে
muvi	মুভি
dfakati	ডাকাতি
pfaitf	ফাইট
hzangk	হ্যাঙ্ক
zukti	যুক্তি
bksix	বক্সিং
boksix	বক্সিং
pere	পেরে
pfrangk	ফ্রাঙ্ক
agrh	আগ্রহ
agroh	আগ্রহ
bishb	বিশ্ব
glas	গ্লাস
bacfai	বাছাই
supar	সুপার
jbin	জ্বিন
caicfe	চাইছে
mana	মানা
klase	ক্লাসে
borpf	বরফ
boropf	বরফ
setfake	সেটাকে
tfiketf	টিকেট
sktf	স্কট
skotf	স্কট
eidfa	এইডা
shepf	শেফ
baccatfa	বাচ্চাটা
tffikomt	ঠিকমত
tffikomot	ঠিকমত
nioosondehe	নিঃসন্দেহে
dadu	দাদু
buke	বুকে
seba	সেবা
grup	গ্রুপ
srrbshesf	সর্বশেষ
sorrbshesf	সর্বশেষ
srrboshesf	সর্বশেষ
kicfukfonf	কিছুক্ষণ
caccfw	চাচ্ছো
swnar	সোনার
sbagt	স্বাগত
sbagot	স্বাগত
deh	দেহ
edf	এড
bananwr	বানানোর
anonder	আনন্দের
vabini	ভাবিনি
zekhanei	যেখানেই
oporke	অপরকে
oporoke	অপরকে
gfurte	ঘুরতে
gfurote	ঘুরতে
dekheni	দেখেনি
amakei	আমাকেই
rwl	রোল
dinotfa	দিনটা
somptti	সম্পত্তি
sompotti	সম্পত্তি
unmad	উন্মাদ
porishwdh	পরিশোধ
solwmon	সলোমন
pfitf	ফিট
grrt	গর্ত
gorrt	গর্ত
jinisopotr	জিনিসপত্র
niice	নীচে
anobe	আনবে
maratmk	মারাত্মক
maratmok	মারাত্মক
tfebile	টেবিলে
dhar	ধার
pqthibiike	পৃথিবীকে
rjar	রজার
rojar	রজার
melomzan	মেলম্যান
golptfa	গল্পটা
golpotfa	গল্পটা
amerikar	আমেরিকার
bwlw	বোলো
jiibnotfa	জীবনটা
jiibonotfa	জীবনটা
twle	তোলে
shabash	শাবাশ
sontrasii	সন্ত্রাসী
harrtf	হার্ট
valobase	ভালবাসে
ovzas	অভ্যাস
htei	হতেই
hotei	হতেই
part	পারত
parot	পারত
swinik	সৈনিক
uttejit	উত্তেজিত
rwg	রোগ
korlei	করলেই
korolei	করলেই
jma	জমা
joma	জমা
swnamnfi	সোনামণি
swnamonfi	সোনামণি
kotffwr	কঠোর
emonvabe	এমনভাবে
emonovabe	এমনভাবে
rakhb	রাখব
rakhob	রাখব
jisas	জিসাস
duijn	দুইজন
duijon	দুইজন
lwkotfi	লোকটি
mwbail	মোবাইল
dhzat	ধ্যাত
shivam	শিভাম
pulishke	পুলিশকে
pulishoke	পুলিশকে
hzagridf	হ্যাগ্রিড
sakfii	সাক্ষী
miutfzantf	মিউট্যান্ট
opohornf	অপহরণ
opohoronf	অপহরণ
keser	কেসের
borabor	বরাবর
biccfinn	বিচ্ছিন্ন
dilen	দিলেন
in	ইন
dbiipe	দ্বীপে
edfi	এডি
ruup	রূপ
biratf	বিরাট
shuni	শুনি
benjamin	বেঞ্জামিন
shunobe	শুনবে
tfzaksi	ট্যাক্সি
amara	আমারা
ahqq	আহ্
ahoqq	আহ্
valobasar	ভালবাসার
wikhane	ঐখানে
htzar	হত্যার
hotzar	হত্যার
nile	নিলে
parrtfite	পার্টিতে
striike	স্ত্রীকে
redf	রেড
sxrkfonf	সংরক্ষণ
soxrkfonf	সংরক্ষণ
sxrokfonf	সংরক্ষণ
korten	করতেন
koroten	করতেন
unnti	উন্নতি
unnoti	উন্নতি
palanwr	পালানোর
emoni	এমনি
zekhan	যেখান
khadz	খাদ্য
koira	কইরা
dfraivar	ড্রাইভার
akrmon	আক্রমন
akromon	আক্রমন
ainer	আইনের
htash	হতাশ
hotash	হতাশ
asolam	আসলাম
boltei	বলতেই
bolotei	বলতেই
prkqtir	প্রকৃতির
prokqtir	প্রকৃতির
pfarrstf	ফার্স্ট
hamolar	হামলার
kamona	কামনা
asini	আসিনি
cfade	ছাদে
sentf	সেন্ট
dekhei	দেখেই
tfar	টার
mun	মুন
sohjei	সহজেই
sohojei	সহজেই
osxkhz	অসংখ্য
osoxkhz	অসংখ্য
zetfar	যেটার
kototfuku	কতটুকু
khai	খাই
bwtl	বোতল
bwtol	বোতল
wrkom	ওরকম
wrokom	ওরকম
nirapottar	নিরাপত্তার
dfaktarer	ডাক্তারের
gwsol	গোসল
bipjjnk	বিপজ্জনক
bipojjnk	বিপজ্জনক
bipjjonk	বিপজ্জনক
bipjjnok	বিপজ্জনক
rix	রিং
gfnftfar	ঘণ্টার
gfonftfar	ঘণ্টার
dekhcfen	দেখছেন
dekhocfen	দেখছেন
sbamiir	স্বামীর
karnei	কারনেই
karonei	কারনেই
diccfen	দিচ্ছেন
bold	বলদ
bolod	বলদ
kotobar	কতবার
janu	জানু
theme	থেমে
htam	হতাম
hotam	হতাম
mzaks	ম্যাক্স
tfestf	টেস্ট
pdkfep	পদক্ষেপ
podkfep	পদক্ষেপ
pdokfep	পদক্ষেপ
ajkal	আজকাল
ajokal	আজকাল
dwkane	দোকানে
viisfonf	ভীষণ
jnke	জনকে
jonoke	জনকে
jonke	জনকে
jnoke	জনকে
misail	মিসাইল
nw	নো
updesh	উপদেশ
upodesh	উপদেশ
aponiw	আপনিও
korcfilw	করছিলো
korocfilw	করছিলো
sorkarer	সরকারের
sorokarer	সরকারের
susbadu	সুস্বাদু
bade	বাদে
nambare	নাম্বারে
gftfecfil	ঘটেছিল
gfotfecfil	ঘটেছিল
khele	খেলে
stfarlix	স্টারলিং
stfarolix	স্টারলিং
etfatw	এটাতো
holen	হলেন
rng	রঙ
rong	রঙ
manusfera	মানুষেরা
cfagolcfana	ছাগলছানা
cfagolocfana	ছাগলছানা
oskar	অস্কার
sere	সেরে
gem	গেম
ondhkare	অন্ধকারে
ondhokare	অন্ধকারে
etfukui	এটুকুই
mejor	মেজর
shwnar	শোনার
ekebarei	একেবারেই
bolt	বলত
bolot	বলত
vikfa	ভিক্ষা
stfeshone	স্টেশনে
obwidh	অবৈধ
zukt	যুক্ত
lak	লাক
bwnke	বোনকে
bwnoke	বোনকে
duookher	দুঃখের
lok	লক
astha	আস্থা
kotjn	কতজন
kotojon	কতজন
kotojn	কতজন
kotjon	কতজন
pi	পি
porii	পরী
ashepashe	আশেপাশে
cfeleder	ছেলেদের
baccatfake	বাচ্চাটাকে
sain	সাইন
dibi	দিবি
anocfi	আনছি
prtirwdh	প্রতিরোধ
protirwdh	প্রতিরোধ
boltam	বলতাম
bolotam	বলতাম
suutr	সূত্র
srrboda	সর্বদা
sorrboda	সর্বদা
bndi	বন্দি
bondi	বন্দি
wize	ঐযে
stfeshon	স্টেশন
vor	ভর
zesob	যেসব
hiu	হিউ
jigzes	জিগ্যেস
dhorun	ধরুন
kiutf	কিউট
zadukor	যাদুকর
tfn	টন
tfon	টন
tfakatfa	টাকাটা
pora	পরা
othc	অথচ
othoc	অথচ
dwhai	দোহাই
prkqt	প্রকৃত
prokqt	প্রকৃত
osadharn	অসাধারন
osadharon	অসাধারন
pabar	পাবার
sobce	সবচে
soboce	সবচে
twmakei	তোমাকেই
khabarer	খাবারের
nibw	নিবো
upkar	উপকার
upokar	উপকার
utffecfe	উঠেছে
mton	মতন
moton	মতন
sondhan	সন্ধান
niht	নিহত
nihot	নিহত
bzast	ব্যাস্ত
ckoletf	চকলেট
cokoletf	চকলেট
vebecfi	ভেবেছি
purwtfa	পুরোটা
pasopwrrtf	পাসপোর্ট
bibahit	বিবাহিত
axtfi	আংটি
bolobena	বলবেনা
el	এল
bataser	বাতাসের
mom	মম
dfitfekotfiv	ডিটেকটিভ
opareshon	অপারেশন
tinotfi	তিনটি
tarpore	তারপরে
taropore	তারপরে
sbadhiin	স্বাধীন
pabena	পাবেনা
tfni	টনি
tfoni	টনি
arekjn	আরেকজন
arekojon	আরেকজন
arekojn	আরেকজন
arekjon	আরেকজন
stfipfen	স্টিফেন
cfeletfar	ছেলেটার
paris	পারিস
vitti	ভিত্তি
rumer	রুমের
brek	ব্রেক
cakorii	চাকরী
stfarrn	স্টার্ন
porte	পরতে
porote	পরতে
vgobaner	ভগবানের
vogobaner	ভগবানের
perecfe	পেরেছে
nogd	নগদ
nogod	নগদ
widike	ঐদিকে
manote	মানতে
sentfral	সেন্ট্রাল
oviggta	অভিজ্ঞতা
oviggota	অভিজ্ঞতা
kvar	কভার
kovar	কভার
cena	চেনা
pfolw	ফলো
hobei	হবেই
premik	প্রেমিক
bibecna	বিবেচনা
bibecona	বিবেচনা
plan	প্লান
mire	মিরে
zaccfis	যাচ্ছিস
sobaroi	সবারই
gfumer	ঘুমের
sokaler	সকালের
ekakii	একাকী
dekhben	দেখবেন
dekhoben	দেখবেন
pewna	পেওনা
marrk	মার্ক
dqshz	দৃশ্য
su	সু
dfakote	ডাকতে
vangga	ভাঙ্গা
montr	মন্ত্র
der	দের
sharrtf	শার্ট
bzatfomzan	ব্যাটম্যান
sarrvis	সার্ভিস
vortfeks	ভরটেক্স
vorotfeks	ভরটেক্স
blk	ব্লক
blok	ব্লক
baibel	বাইবেল
ukil	উকিল
wmor	ওমর
sontaner	সন্তানের
kzan	ক্যান
bujfa	বুঝা
heijel	হেইজেল
mwkabela	মোকাবেলা
bzabstha	ব্যাবস্থা
bzabostha	ব্যাবস্থা
nirrbwdh	নির্বোধ
arekotfi	আরেকটি
bolobi	বলবি
tfikitf	টিকিট
tarai	তারাই
sena	সেনা
ishan	ইশান
prshikfonf	প্রশিক্ষণ
proshikfonf	প্রশিক্ষণ
calanw	চালানো
van	ভান
gujob	গুজব
pfri	ফ্রি
netqtb	নেতৃত্ব
mari	মারি
shishuder	শিশুদের
dfamblodfwr	ডাম্বলডোর
dfambolodfwr	ডাম্বলডোর
gw	গো
pakhir	পাখির
manocitr	মানচিত্র
baik	বাইক
haranwr	হারানোর
pecfn	পেছন
pecfon	পেছন
korni	করনি
koroni	করনি
zntrnfa	যন্ত্রণা
zontrnfa	যন্ত্রণা
zntronfa	যন্ত্রণা
rws	রোস
kacfer	কাছের
eijnz	এইজন্য
eijonz	এইজন্য
prstuti	প্রস্তুতি
prostuti	প্রস্তুতি
cfutfe	ছুটে
krrtobz	কর্তব্য
korrtobz	কর্তব্য
axkel	আংকেল
soi	সই
alwr	আলোর
mhilake	মহিলাকে
mohilake	মহিলাকে
emonoi	এমনই
jitote	জিততে
taja	তাজা
qnf	ঋণ
sottbew	সত্ত্বেও
dfarrlix	ডার্লিং
man	মান
gretf	গ্রেট
merei	মেরেই
ovzst	অভ্যস্ত
ovzost	অভ্যস্ত
jeren	জেরেন
huh	হুহ
tfanw	টানো
militfari	মিলিটারি
vabtam	ভাবতাম
vabotam	ভাবতাম
ekosngge	একসঙ্গে
ekosongge	একসঙ্গে
odhiine	অধীনে
ithan	ইথান
wjfa	ওঝা
wu	ঔ
grrb	গর্ব
gorrb	গর্ব
bajobe	বাজবে
kagjpotr	কাগজপত্র
kagojpotr	কাগজপত্র
kagjopotr	কাগজপত্র
onusftffane	অনুষ্ঠানে
ullekh	উল্লেখ
das	দাস
shantite	শান্তিতে
bodlate	বদলাতে
bodolate	বদলাতে
sbrrge	স্বর্গে
sborrge	স্বর্গে
gobesfonfa	গবেষণা
ashcrrz	আশ্চর্য
ashcorrz	আশ্চর্য
wtffe	ওঠে
shunle	শুনলে
shunole	শুনলে
aguner	আগুনের
grrjn	গর্জন
gorrjn	গর্জন
grrjon	গর্জন
prapz	প্রাপ্য
kim	কিম
hccfilw	হচ্ছিলো
hoccfilw	হচ্ছিলো
onusondhan	অনুসন্ধান
bi	বি
komishonar	কমিশনার
wvabe	ওভাবে
amaroi	আমারই
drrshon	দর্শন
dorrshon	দর্শন
alopfa	আলফা
ainojiibii	আইনজীবী
jnggler	জঙ্গলের
jonggler	জঙ্গলের
jnggoler	জঙ্গলের
ztoi	যতই
zotoi	যতই
niooshbas	নিঃশ্বাস
garrdf	গার্ড
perecfw	পেরেছো
somrrthn	সমর্থন
somorrthn	সমর্থন
somrrthon	সমর্থন
damii	দামী
samorik	সামরিক
cabitfa	চাবিটা
britfish	ব্রিটিশ
bwkar	বোকার
sakfz	সাক্ষ্য
adalte	আদালতে
adalote	আদালতে
thakobena	থাকবেনা
arrmi	আর্মি
kwutuk	কৌতুক
porbe	পরবে
porobe	পরবে
vabcfe	ভাবছে
vabocfe	ভাবছে
parcfe	পারছে
parocfe	পারছে
saikel	সাইকেল
hiuj	হিউজ
bzbsar	ব্যবসার
bzobsar	ব্যবসার
bzbosar	ব্যবসার
brw	ব্রো
dusftf	দুষ্ট
batase	বাতাসে
vairas	ভাইরাস
korwni	করোনি
bzbhqt	ব্যবহৃত
bzobhqt	ব্যবহৃত
bzbohqt	ব্যবহৃত
lagole	লাগলে
taratari	তারাতারি
poribrrte	পরিবর্তে
poriborrte	পরিবর্তে
esecfilen	এসেছিলেন
matfir	মাটির
hzapi	হ্যাপি
bwrrdf	বোর্ড
dfirektfor	ডিরেক্টর
tfer	টের
jen	জেন
thamobe	থামবে
nen	নেন
amagw	আমাগো
guptcor	গুপ্তচর
guptocor	গুপ্তচর
sevabe	সেভাবে
debtar	দেবতার
debotar	দেবতার
pagola	পাগলা
dffwkar	ঢোকার
sarpraij	সারপ্রাইজ
saropraij	সারপ্রাইজ
lanc	লাঞ্চ
sbakfor	স্বাক্ষর
pepar	পেপার
vese	ভেসে
listf	লিস্ট
dfil	ডিল
kicfukfonfer	কিছুক্ষণের
matra	মাত্রা
etoi	এতই
somudrer	সমুদ্রের
dekhtei	দেখতেই
dekhotei	দেখতেই
dan	দান
golper	গল্পের
ascfen	আসছেন
asocfen	আসছেন
samonei	সামনেই
pfaruk	ফারুক
ztkfon	যতক্ষন
zotkfon	যতক্ষন
ztokfon	যতক্ষন
opfar	অফার
bololi	বললি
khelna	খেলনা
khelona	খেলনা
obsor	অবসর
obosor	অবসর
jeni	জেনি
bijnes	বিজনেস
bijones	বিজনেস
sarah	সারাহ
obsthar	অবস্থার
obosthar	অবস্থার
prtirkfa	প্রতিরক্ষা
protirkfa	প্রতিরক্ষা
prtirokfa	প্রতিরক্ষা
picfn	পিছন
picfon	পিছন
pal	পাল
sarrkas	সার্কাস
gecfilam	গেছিলাম
zaccfil	যাচ্ছিল
hatotfa	হাতটা
pawna	পাওনা
tumitw	তুমিতো
czalenj	চ্যালেঞ্জ
akrrsfonf	আকর্ষণ
akorrsfonf	আকর্ষণ
sotzitfa	সত্যিটা
pwla	পোলা
dekhai	দেখাই
dfanodike	ডানদিকে
bndf	বন্ড
bondf	বন্ড
oneke	অনেকে
nikotf	নিকট
lndfne	লন্ডনে
londfne	লন্ডনে
lndfone	লন্ডনে
pol	পল
kicfutei	কিছুতেই
dekhan	দেখান
bekub	বেকুব
gtorate	গতরাতে
gotorate	গতরাতে
shrddha	শ্রদ্ধা
shroddha	শ্রদ্ধা
tak	তাক
kthagulw	কথাগুলো
kothagulw	কথাগুলো
rajkumarii	রাজকুমারী
rajokumarii	রাজকুমারী
zfacel	্যাচেল
shuveccfa	শুভেচ্ছা
prthmt	প্রথমত
prothmt	প্রথমত
prthomt	প্রথমত
prthmot	প্রথমত
ekotr	একত্র
bispfwrnf	বিস্ফোরণ
bispfwronf	বিস্ফোরণ
shikhe	শিখে
petam	পেতাম
vetorer	ভেতরের
pabolik	পাবলিক
qnfii	ঋণী
abeg	আবেগ
cal	চাল
sorkarii	সরকারী
sorokarii	সরকারী
ena	এনা
saimon	সাইমন
patffanwr	পাঠানোর
opfiser	অফিসের
aen	অ্যান
caicf	চাইছ
puraton	পুরাতন
dfzadf	ড্যাড
bhu	বহু
bohu	বহু
jiibnew	জীবনেও
jiibonew	জীবনেও
unnt	উন্নত
unnot	উন্নত
aha	আহা
valwr	ভালোর
onont	অনন্ত
kpal	কপাল
kopal	কপাল
dekhcfilam	দেখছিলাম
dekhocfilam	দেখছিলাম
pfishar	ফিশার
taraw	তারাও
blek	ব্লেক
kaukei	কাউকেই
tfzaxk	ট্যাংক
lagobena	লাগবেনা
caitam	চাইতাম
adrrsh	আদর্শ
adorrsh	আদর্শ
enecf	এনেছ
jgter	জগতের
jogoter	জগতের
jogter	জগতের
jgoter	জগতের
sh	শ
da	দা
spzarw	স্প্যারো
sudrrshon	সুদর্শন
sudorrshon	সুদর্শন
btfe	বটে
botfe	বটে
vabei	ভাবেই
bndhutb	বন্ধুত্ব
bondhutb	বন্ধুত্ব
shwdh	শোধ
rajnwitik	রাজনৈতিক
rajonwitik	রাজনৈতিক
mamoni	মামনি
sejnz	সেজন্য
sejonz	সেজন্য
grher	গ্রহের
groher	গ্রহের
amartfa	আমারটা
amarotfa	আমারটা
dicfe	দিছে
pzaris	প্যারিস
bzari	ব্যারি
nwtf	নোট
poripuurrnf	পরিপূর্ণ
giita	গীতা
jedf	জেড
krrmii	কর্মী
korrmii	কর্মী
rimwtf	রিমোট
em	এম
kosftfer	কষ্টের
cfeletfi	ছেলেটি
jnmer	জন্মের
jonmer	জন্মের
la	লা
jadukorii	জাদুকরী
gulir	গুলির
rajtb	রাজত্ব
rajotb	রাজত্ব
krs	ক্রস
kros	ক্রস
vagzer	ভাগ্যের
pahara	পাহারা
dushcinta	দুশ্চিন্তা
oshuv	অশুভ
torunf	তরুণ
sommukhiin	সম্মুখীন
rwgii	রোগী
base	বাসে
gelen	গেলেন
log	লগ
sthir	স্থির
rekhecfilam	রেখেছিলাম
janoten	জানতেন
dom	দম
oj	অজ
dfrag	ড্রাগ
muktir	মুক্তির
putul	পুতুল
shunecfw	শুনেছো
pel	পেল
sombndhe	সম্বন্ধে
sombondhe	সম্বন্ধে
jiibnt	জীবন্ত
jiibont	জীবন্ত
rnjit	রঞ্জিত
ronjit	রঞ্জিত
poristhitite	পরিস্থিতিতে
shikhecfi	শিখেছি
somapti	সমাপ্তি
pzarise	প্যারিসে
udfi	উডি
gurutb	গুরুত্ব
shon	শন
szup	স্যুপ
utffaw	উঠাও
tiir	তীর
dujnoi	দুজনই
dujonoi	দুজনই
spzanish	স্প্যানিশ
janabe	জানাবে
mstisfk	মস্তিষ্ক
mostisfk	মস্তিষ্ক
sathew	সাথেও
osbavabik	অস্বাভাবিক
gfumaw	ঘুমাও
bodomash	বদমাশ
khwlar	খোলার
ashiirrbad	আশীর্বাদ
katfte	কাটতে
katfote	কাটতে
prdhanomontrii	প্রধানমন্ত্রী
prodhanomontrii	প্রধানমন্ত্রী
janai	জানাই
khit	খিত
lwke	লোকে
atfkate	আটকাতে
atfokate	আটকাতে
pfilip	ফিলিপ
khabw	খাবো
rketf	রকেট
roketf	রকেট
pshu	পশু
poshu	পশু
dkfta	দক্ষতা
dokfta	দক্ষতা
dkfota	দক্ষতা
ot	অত
dhwirrz	ধৈর্য
lukanw	লুকানো
parrtfir	পার্টির
etotfukui	এতটুকুই
korcfina	করছিনা
korocfina	করছিনা
khulobe	খুলবে
balok	বালক
anobw	আনবো
janaw	জানাও
niiti	নীতি
listfe	লিস্টে
dhwka	ধোকা
sokoler	সকলের
dikei	দিকেই
oti	অতি
jme	জমে
jome	জমে
akasher	আকাশের
baz	বায
jahanname	জাহান্নামে
shtruder	শত্রুদের
shotruder	শত্রুদের
sbrrg	স্বর্গ
sborrg	স্বর্গ
marbw	মারবো
marobw	মারবো
zas	যাস
thorin	থরিন
shresftff	শ্রেষ্ঠ
shunocf	শুনছ
janwif	জানোই
gadhar	গাধার
hccfen	হচ্ছেন
hoccfen	হচ্ছেন
carrj	চার্জ
si	সি
zabt	যাবত
zabot	যাবত
oporadhiider	অপরাধীদের
koraw	করাও
pzak	প্যাক
kwnodin	কোনদিন
porishrm	পরিশ্রম
porishrom	পরিশ্রম
ihudii	ইহুদী
lagtw	লাগতো
lagotw	লাগতো
ajaira	আজাইরা
prtiik	প্রতীক
protiik	প্রতীক
gviire	গভীরে
goviire	গভীরে
zetw	যেতো
pfwner	ফোনের
dfzadfi	ড্যাডি
tfivite	টিভিতে
ultfapaltfa	উল্টাপাল্টা
vwg	ভোগ
kwrrtf	কোর্ট
aendfi	অ্যান্ডি
dhap	ধাপ
jnzei	জন্যেই
jonzei	জন্যেই
kemone	কেমনে
shesfer	শেষের
khan	খান
jldszu	জলদস্যু
joldszu	জলদস্যু
jlodszu	জলদস্যু
jldoszu	জলদস্যু
ovizan	অভিযান
kfomtar	ক্ষমতার
kfomotar	ক্ষমতার
gendfalopf	গেন্ডালফ
mondire	মন্দিরে
onzora	অন্যরা
gfranf	ঘ্রাণ
itihaser	ইতিহাসের
adfdfa	আড্ডা
shk	শক
shok	শক
tot	তত
marrpf	মার্ফ
katfar	কাটার
calanwr	চালানোর
pzantf	প্যান্ট
komopkfe	কমপক্ষে
komopokfe	কমপক্ষে
carrc	চার্চ
onekgulw	অনেকগুলো
onekogulw	অনেকগুলো
morecfe	মরেছে
dfijain	ডিজাইন
norke	নরকে
noroke	নরকে
jamal	জামাল
dfx	ডং
dfox	ডং
lukas	লুকাস
bideshii	বিদেশী
pshcim	পশ্চিম
poshcim	পশ্চিম
twmarow	তোমারও
hixsr	হিংস্র
sorate	সরাতে
kzaleb	ক্যালেব
twlw	তোলো
shiwr	শিওর
rajii	রাজী
somratf	সম্রাট
bqddhi	বৃদ্ধি
taholei	তাহলেই
raj	রাজ
jius	জিউস
edik	এদিক
sontanoder	সন্তানদের
dilei	দিলেই
beltf	বেল্ট
tfaiper	টাইপের
baks	বাক্স
wstad	ওস্তাদ
kfudr	ক্ষুদ্র
blu	ব্লু
dekhecfile	দেখেছিলে
plene	প্লেনে
pawni	পাওনি
htf	হট
hotf	হট
amma	আম্মা
guru	গুরু
ekotrit	একত্রিত
bzatfari	ব্যাটারি
iva	ইভা
smornf	স্মরণ
smoronf	স্মরণ
khni	খনি
khoni	খনি
ur	উর
bahiniir	বাহিনীর
tfrener	ট্রেনের
shkh	শখ
shokh	শখ
ovizukt	অভিযুক্ত
abrrjna	আবর্জনা
aborrjna	আবর্জনা
abrrjona	আবর্জনা
jwkar	জোকার
bujftei	বুঝতেই
bujfotei	বুঝতেই
ojana	অজানা
uil	উইল
sngg	সঙ্গ
songg	সঙ্গ
tarporew	তারপরেও
taroporew	তারপরেও
bzaxke	ব্যাংকে
prdan	প্রদান
prodan	প্রদান
utffun	উঠুন
shunocfw	শুনছো
adha	আধা
omon	অমন
korli	করলি
koroli	করলি
dfentf	ডেন্ট
jws	জোস
pagoler	পাগলের
cfeletfake	ছেলেটাকে
bzktir	ব্যক্তির
bzoktir	ব্যক্তির
bks	বক্স
boks	বক্স
tfomi	টমি
mugdh	মুগ্ধ
rajze	রাজ্যে
latffi	লাঠি
agune	আগুনে
dujnke	দুজনকে
dujonoke	দুজনকে
dujonke	দুজনকে
dujnoke	দুজনকে
likhecfe	লিখেছে
mdhu	মধু
modhu	মধু
nasta	নাস্তা
utffcfe	উঠছে
utffocfe	উঠছে
barer	বারের
pfelecfw	ফেলেছো
pashei	পাশেই
mishe	মিশে
mukhwsh	মুখোশ
premika	প্রেমিকা
zfatfi	্যাটি
merecfi	মেরেছি
egsi	এগসি
egosi	এগসি
kzap	ক্যাপ
uttore	উত্তরে
onushiiln	অনুশীলন
onushiilon	অনুশীলন
purusfder	পুরুষদের
purusfoder	পুরুষদের
ibru	ইব্রু
jatir	জাতির
bzaxker	ব্যাংকের
sesob	সেসব
dwstora	দোস্তরা
iha	ইহা
eirkom	এইরকম
eirokom	এইরকম
capa	চাপা
kajei	কাজেই
shunecfen	শুনেছেন
prasad	প্রাসাদ
tfedfi	টেডি
trrk	তর্ক
torrk	তর্ক
klarrk	ক্লার্ক
lii	লী
tfakagulw	টাকাগুলো
gfuraw	ঘুরাও
lndfn	লন্ডন
londfn	লন্ডন
lndfon	লন্ডন
taitw	তাইতো
onusare	অনুসারে
sel	সেল
nishcoi	নিশ্চই
brrnfona	বর্ণনা
borrnfona	বর্ণনা
shason	শাসন
ipos	ইপস
shunini	শুনিনি
amarw	আমারো
beilii	বেইলী
jnogonfer	জনগণের
jonogonfer	জনগণের
shuvoratri	শুভরাত্রি
oh	অহ
twmare	তোমারে
mqduhasi	মৃদুহাসি
ekorkom	একরকম
ekorokom	একরকম
nisfiddh	নিষিদ্ধ
cine	চিনে
hoibw	হইবো
totkfonf	ততক্ষণ
totokfonf	ততক্ষণ
tala	তালা
cfilwna	ছিলোনা
samajik	সামাজিক
premer	প্রেমের
ketf	কেট
cein	চেইন
sthapon	স্থাপন
patffaccfi	পাঠাচ্ছি
onzdike	অন্যদিকে
onzodike	অন্যদিকে
ekfunfi	এক্ষুণি
hitf	হিট
gre	গ্রে
prtiva	প্রতিভা
protiva	প্রতিভা
duurtb	দূরত্ব
duurotb	দূরত্ব
dbiip	দ্বীপ
ditw	দিতো
kevin	কেভিন
nijew	নিজেও
bolten	বলতেন
boloten	বলতেন
onusorn	অনুসরন
onusoron	অনুসরন
petfe	পেটে
shantir	শান্তির
birti	বিরতি
biroti	বিরতি
matffe	মাঠে
shhorbasii	শহরবাসী
shohorbasii	শহরবাসী
shhorobasii	শহরবাসী
ratei	রাতেই
bismit	বিস্মিত
mzac	ম্যাচ
twl	তোল
kumar	কুমার
legecfil	লেগেছিল
dapfn	দাফন
dapfon	দাফন
amder	আমদের
amoder	আমদের
diccfw	দিচ্ছো
prkar	প্রকার
prokar	প্রকার
hukum	হুকুম
borpfer	বরফের
boropfer	বরফের
rkfar	রক্ষার
rokfar	রক্ষার
rnger	রঙের
ronger	রঙের
dekhabw	দেখাবো
dhorei	ধরেই
vulei	ভুলেই
tkhnow	তখনও
tokhnow	তখনও
tkhonow	তখনও
etkfonf	এতক্ষণ
etokfonf	এতক্ষণ
zetei	যেতেই
bishbst	বিশ্বস্ত
bishbost	বিশ্বস্ত
surkfa	সুরক্ষা
surokfa	সুরক্ষা
pfelcfe	ফেলছে
pfelocfe	ফেলছে
kaman	কামান
siddharrth	সিদ্ধার্থ
luk	লুক
bapore	বাপরে
lageni	লাগেনি
vebecfile	ভেবেছিলে
medfikel	মেডিকেল
parpfektf	পারফেক্ট
paropfektf	পারফেক্ট
mstisfker	মস্তিষ্কের
mostisfker	মস্তিষ্কের
htffat	হঠাত
hotffat	হঠাত
somgr	সমগ্র
somogr	সমগ্র
elis	এলিস
janabw	জানাবো
thakobi	থাকবি
pabi	পাবি
dfana	ডানা
cihnit	চিহ্নিত
etwtfa	এতোটা
hiustfn	হিউস্টন
hiustfon	হিউস্টন
sakfat	সাক্ষাত
pther	পথের
pother	পথের
hwsen	হোসেন
aidfi	আইডি
mzasej	ম্যাসেজ
shtf	শট
shotf	শট
cej	চেজ
asobi	আসবি
swuvagz	সৌভাগ্য
pfadar	ফাদার
korbna	করবনা
korobona	করবনা
korobna	করবনা
korbona	করবনা
caridike	চারিদিকে
aju	আজু
ledfis	লেডিস
ascf	আসছ
asocf	আসছ
tamil	তামিল
gwpone	গোপনে
nacte	নাচতে
nacote	নাচতে
porow	পরও
sonakt	সনাক্ত
bishesfgg	বিশেষজ্ঞ
bishesfogg	বিশেষজ্ঞ
poricalna	পরিচালনা
poricalona	পরিচালনা
monke	মনকে
monoke	মনকে
gipftf	গিফট
gipfotf	গিফট
jesi	জেসি
beshikfonf	বেশিক্ষণ
shariirik	শারীরিক
pfzaktfori	ফ্যাক্টরি
thamte	থামতে
thamote	থামতে
bekar	বেকার
hzak	হ্যাক
parcfilam	পারছিলাম
parocfilam	পারছিলাম
nebar	নেবার
vuut	ভূত
rekhecf	রেখেছ
bzas	ব্যাস
inspektfor	ইন্সপেক্টর
insopektfor	ইন্সপেক্টর
rkomer	রকমের
rokomer	রকমের
tfu	টু
m	ম
khulun	খুলুন
niif	নিই
pfwrrs	ফোর্স
ekhnkar	এখনকার
ekhonkar	এখনকার
ekhnokar	এখনকার
jutar	জুতার
hasan	হাসান
vebecf	ভেবেছ
jgt	জগত
jogot	জগত
jogt	জগত
jgot	জগত
vaijan	ভাইজান
siima	সীমা
komandf	কমান্ড
laisens	লাইসেন্স
masum	মাসুম
ultfw	উল্টো
niben	নিবেন
bacate	বাচাতে
amontrnf	আমন্ত্রণ
amontronf	আমন্ত্রণ
mathatfa	মাথাটা
ranfii	রাণী
tfailar	টাইলার
kapurusf	কাপুরুষ
sitfe	সিটে
pursfkar	পুরষ্কার
purosfkar	পুরষ্কার
seirkom	সেইরকম
seirokom	সেইরকম
tffikvabe	ঠিকভাবে
tffikovabe	ঠিকভাবে
bwkami	বোকামি
arrtf	আর্ট
gupt	গুপ্ত
diirrgfshbas	দীর্ঘশ্বাস
diirrgfoshbas	দীর্ঘশ্বাস
gelei	গেলেই
holud	হলুদ
kwnvabei	কোনভাবেই
kwnovabei	কোনভাবেই
dadar	দাদার
bstu	বস্তু
bostu	বস্তু
wusfdh	ঔষধ
wusfodh	ঔষধ
somprrkit	সম্পর্কিত
somporrkit	সম্পর্কিত
bipkfe	বিপক্ষে
bipokfe	বিপক্ষে
lasher	লাশের
cfbir	ছবির
cfobir	ছবির
mask	মাস্ক
nomuna	নমুনা
whw	ওহো
ovab	অভাব
korai	করাই
shunecfilam	শুনেছিলাম
adhunik	আধুনিক
ederke	এদেরকে
ederoke	এদেরকে
hccfetfa	হচ্ছেটা
hoccfetfa	হচ্ছেটা
vinu	ভিনু
an	আন
durrbolta	দুর্বলতা
durrbolota	দুর্বলতা
kft	ক্ষত
kfot	ক্ষত
khwka	খোকা
pfelole	ফেললে
vabna	ভাবনা
vabona	ভাবনা
picfner	পিছনের
picfoner	পিছনের
bigganii	বিজ্ঞানী
banabw	বানাবো
maxser	মাংসের
emonitew	এমনিতেও
mtamt	মতামত
motamot	মতামত
motamt	মতামত
mtamot	মতামত
somprti	সম্প্রতি
somproti	সম্প্রতি
mwtf	মোট
ricarrdf	রিচার্ড
arki	আরকি
aroki	আরকি
diwna	দিওনা
bicark	বিচারক
bicarok	বিচারক
manusfotfa	মানুষটা
bwtf	বোট
nesha	নেশা
jnogonf	জনগণ
jonogonf	জনগণ
orrthhiin	অর্থহীন
orrthohiin	অর্থহীন
lwkgulw	লোকগুলো
lwkogulw	লোকগুলো
cfutfir	ছুটির
oporicit	অপরিচিত
seilor	সেইলর
poribesh	পরিবেশ
laiga	লাইগা
etkfonfe	এতক্ষণে
etokfonfe	এতক্ষণে
nirrdharnf	নির্ধারণ
nirrdharonf	নির্ধারণ
ztotfuku	যতটুকু
zototfuku	যতটুকু
varrn	ভার্ন
parrker	পার্কের
marb	মারব
marob	মারব
gfusf	ঘুষ
aoo	আঃ
beshirvag	বেশিরভাগ
beshirovag	বেশিরভাগ
esecfis	এসেছিস
sotzikar	সত্যিকার
apatot	আপাতত
bishbasgfatk	বিশ্বাসঘাতক
bishbasogfatk	বিশ্বাসঘাতক
bishbasgfatok	বিশ্বাসঘাতক
jnota	জনতা
jonota	জনতা
dfzans	ড্যান্স
ekotfaw	একটাও
bzage	ব্যাগে
pfsol	ফসল
pfosol	ফসল
prtishruti	প্রতিশ্রুতি
protishruti	প্রতিশ্রুতি
janona	জাননা
cembar	চেম্বার
atfk	আটক
atfok	আটক
garrlopfrendf	গার্লফ্রেন্ড
bololei	বললেই
gfumanwr	ঘুমানোর
bastobta	বাস্তবতা
bastobota	বাস্তবতা
mejaj	মেজাজ
elakar	এলাকার
nacer	নাচের
gfusfi	ঘুষি
brij	ব্রিজ
mharaj	মহারাজ
moharaj	মহারাজ
pfelolam	ফেললাম
prdrrshon	প্রদর্শন
prodrrshon	প্রদর্শন
prdorrshon	প্রদর্শন
aponaderke	আপনাদেরকে
aponaderoke	আপনাদেরকে
lwkjner	লোকজনের
lwkojoner	লোকজনের
lwkojner	লোকজনের
lwkjoner	লোকজনের
dfenis	ডেনিস
dferek	ডেরেক
dfraivix	ড্রাইভিং
pitffe	পিঠে
hzandf	হ্যান্ড
muult	মূলত
muulot	মূলত
dhrrmer	ধর্মের
dhorrmer	ধর্মের
tfebiler	টেবিলের
banabe	বানাবে
gamp	গাম্প
porecfi	পরেছি
ciken	চিকেন
paicfi	পাইছি
bzagtfa	ব্যাগটা
bzagotfa	ব্যাগটা
nksha	নকশা
noksha	নকশা
nkosha	নকশা
dis	দিস
clar	চলার
colar	চলার
jepf	জেফ
skipar	স্কিপার
kuil	কুইল
hauj	হাউজ
jinisgulw	জিনিসগুলো
jinisogulw	জিনিসগুলো
bolcfina	বলছিনা
bolocfina	বলছিনা
shtrur	শত্রুর
shotrur	শত্রুর
jiibnke	জীবনকে
jiibonoke	জীবনকে
jiibonke	জীবনকে
jiibnoke	জীবনকে
kosftfe	কষ্টে
saler	সালের
pletf	প্লেট
swinzder	সৈন্যদের
swinzoder	সৈন্যদের
hatfte	হাটতে
hatfote	হাটতে
torbari	তরবারি
torobari	তরবারি
kzamp	ক্যাম্প
sxzukt	সংযুক্ত
soxzukt	সংযুক্ত
tfep	টেপ
rajknza	রাজকন্যা
rajoknza	রাজকন্যা
rajkonza	রাজকন্যা
orrci	অর্চি
gwthamer	গোথামের
tfobi	টবি
prrzapt	পর্যাপ্ত
porrzapt	পর্যাপ্ত
baper	বাপের
culer	চুলের
ixlzandf	ইংল্যান্ড
bwm	বোম
prvur	প্রভুর
provur	প্রভুর
epfbiai	এফবিআই
epfobiai	এফবিআই
manusfoi	মানুষই
pforhad	ফরহাদ
pforohad	ফরহাদ
dekhab	দেখাব
prtarnfa	প্রতারণা
protarnfa	প্রতারণা
prtaronfa	প্রতারণা
litfl	লিটল
litfol	লিটল
dfakcfe	ডাকছে
dfakocfe	ডাকছে
zetfake	যেটাকে
pitf	পিট
dilek	দিলেক
calan	চালান
gfurcfe	ঘুরছে
gfurocfe	ঘুরছে
sheripf	শেরিফ
parwna	পারোনা
lukanwr	লুকানোর
hzanor	হ্যানর
malopotr	মালপত্র
k	ক
dffeke	ঢেকে
gzarantfi	গ্যারান্টি
cene	চেনে
purwtfai	পুরোটাই
merw	মেরো
vabobe	ভাববে
diker	দিকের
antfi	আন্টি
bser	বসের
boser	বসের
mwr	মোর
cfbigulw	ছবিগুলো
cfobigulw	ছবিগুলো
hzatf	হ্যাট
swinzora	সৈন্যরা
bolcfile	বলছিলে
bolocfile	বলছিলে
aelaki	অ্যালাকি
asamii	আসামী
takei	তাকেই
dfigrii	ডিগ্রী
nijederke	নিজেদেরকে
nijederoke	নিজেদেরকে
rakhen	রাখেন
przakotfis	প্র্যাকটিস
jal	জাল
mele	মেলে
salam	সালাম
cfbitfa	ছবিটা
cfobitfa	ছবিটা
onzkwn	অন্যকোন
onzokwn	অন্যকোন
dhorecfe	ধরেছে
talika	তালিকা
tficar	টিচার
ganer	গানের
namw	নামো
lwkjnoder	লোকজনদের
lwkojonoder	লোকজনদের
lwkojnoder	লোকজনদের
lwkjonoder	লোকজনদের
dfetf	ডেট
ztduur	যতদূর
zotoduur	যতদূর
zotduur	যতদূর
ztoduur	যতদূর
pew	পেও
pitar	পিতার
sukhe	সুখে
bujfecfen	বুঝেছেন
stfritf	স্ট্রিট
rakhcfe	রাখছে
rakhocfe	রাখছে
nisftffur	নিষ্ঠুর
antrrjatik	আন্তর্জাতিক
antorrjatik	আন্তর্জাতিক
prjatir	প্রজাতির
projatir	প্রজাতির
simoba	সিমবা
cepe	চেপে
basar	বাসার
ast	আস্ত
vebw	ভেবো
janan	জানান
oxshiidar	অংশীদার
abedn	আবেদন
abedon	আবেদন
ucu	উচু
katffer	কাঠের
meramt	মেরামত
meramot	মেরামত
axtfitfa	আংটিটা
udhaw	উধাও
grrdfn	গর্ডন
gorrdfn	গর্ডন
grrdfon	গর্ডন
ashar	আশার
usfn	উষ্ণ
giitake	গীতাকে
kidfnzap	কিডন্যাপ
kidfonzap	কিডন্যাপ
dfaini	ডাইনি
sobkhane	সবখানে
sobokhane	সবখানে
ga	গা
pthei	পথেই
pothei	পথেই
dutfwif	দুটোই
kotwtfa	কতোটা
nijerai	নিজেরাই
gustw	গুস্তো
mdfel	মডেল
modfel	মডেল
ascfw	আসছো
asocfw	আসছো
serkomoi	সেরকমই
serokomoi	সেরকমই
kpale	কপালে
kopale	কপালে
itimdhzei	ইতিমধ্যেই
itimodhzei	ইতিমধ্যেই
cenen	চেনেন
kzatf	ক্যাট
olwukik	অলৌকিক
ovishpt	অভিশপ্ত
ovishopt	অভিশপ্ত
khujcfi	খুজছি
khujocfi	খুজছি
ls	লস
los	লস
namte	নামতে
namote	নামতে
dqsftfite	দৃষ্টিতে
asobena	আসবেনা
gftflw	ঘটলো
gfotflw	ঘটলো
gftfolw	ঘটলো
cartfa	চারটা
carotfa	চারটা
vabcfen	ভাবছেন
vabocfen	ভাবছেন
esopwsitw	এসপোসিতো
jnmgrhonf	জন্মগ্রহণ
jonmgrhonf	জন্মগ্রহণ
jnmogrhonf	জন্মগ্রহণ
jnmgrohonf	জন্মগ্রহণ
guha	গুহা
rup	রুপ
bzak	ব্যাক
wtffar	ওঠার
kajoi	কাজই
ekotfar	একটার
shrrt	শর্ত
shorrt	শর্ত
rkfk	রক্ষক
rokfk	রক্ষক
rkfok	রক্ষক
hetfe	হেটে
anonde	আনন্দে
poristhitir	পরিস্থিতির
punorabqtti	পুনরাবৃত্তি
klarik	ক্লারিক
lzab	ল্যাব
kenona	কেননা
gftfnatfa	ঘটনাটা
gfotfnatfa	ঘটনাটা
gftfonatfa	ঘটনাটা
buker	বুকের
banaw	বানাও
paccfina	পাচ্ছিনা
shz	শ্য
skzan	স্ক্যান
grhe	গ্রহে
grohe	গ্রহে
jmir	জমির
jomir	জমির
knftff	কণ্ঠ
konftff	কণ্ঠ
vngg	ভঙ্গ
vongg	ভঙ্গ
prathmik	প্রাথমিক
prathomik	প্রাথমিক
agaw	আগাও
muurrkh	মূর্খ
plener	প্লেনের
parmanfobik	পারমাণবিক
paromanfobik	পারমাণবিক
knza	কন্যা
konza	কন্যা
sohkarii	সহকারী
sohokarii	সহকারী
manei	মানেই
banan	বানান
upadan	উপাদান
vkt	ভক্ত
vokt	ভক্ত
mder	মদের
moder	মদের
shikarii	শিকারী
korenoni	করেননি
bikolp	বিকল্প
etfom	এটম
nirrbacn	নির্বাচন
nirrbacon	নির্বাচন
tuiw	তুইও
samrrthz	সামর্থ্য
samorrthz	সামর্থ্য
hasote	হাসতে
mrrnix	মর্নিং
morrnix	মর্নিং
pegasas	পেগাসাস
soranw	সরানো
vulte	ভুলতে
vulote	ভুলতে
raundf	রাউন্ড
boitfa	বইটা
jananwr	জানানোর
nic	নিচ
seks	সেক্স
kzatfnis	ক্যাটনিস
kzatfonis	ক্যাটনিস
bishbaser	বিশ্বাসের
ljjit	লজ্জিত
lojjit	লজ্জিত
kenar	কেনার
odhik	অধিক
pus	পুস
lipftf	লিফট
lipfotf	লিফট
jble	জ্বলে
jbole	জ্বলে
twlar	তোলার
mzap	ম্যাপ
oggan	অজ্ঞান
gwtrer	গোত্রের
nisfpap	নিষ্পাপ
otiiter	অতীতের
dfinarer	ডিনারের
rekhecfil	রেখেছিল
sohozwgita	সহযোগিতা
pfelecfil	ফেলেছিল
sabek	সাবেক
dhrrsfonf	ধর্ষণ
dhorrsfonf	ধর্ষণ
hadfdfi	হাড্ডি
parrkix	পার্কিং
tfp	টপ
tfop	টপ
gzax	গ্যাং
khelw	খেলো
bisftffa	বিষ্ঠা
bishbasgfatkota	বিশ্বাসঘাতকতা
bishbasogfatkota	বিশ্বাসঘাতকতা
bishbasgfatokota	বিশ্বাসঘাতকতা
surkfar	সুরক্ষার
surokfar	সুরক্ষার
ocena	অচেনা
czanel	চ্যানেল
vinosentf	ভিনসেন্ট
iccfuk	ইচ্ছুক
khatire	খাতিরে
ammuke	আম্মুকে
prshntfa	প্রশ্নটা
proshntfa	প্রশ্নটা
prshnotfa	প্রশ্নটা
udozapon	উদযাপন
bivrant	বিভ্রান্ত
madhzakrrsfonf	মাধ্যাকর্ষণ
madhzakorrsfonf	মাধ্যাকর্ষণ
pecfner	পেছনের
pecfoner	পেছনের
ixlishoo	ইংলিশঃ
meshiner	মেশিনের
mare	মারে
hedf	হেড
gwl	গোল
bishp	বিশপ
bishop	বিশপ
samolaw	সামলাও
mwloker	মোলকের
calaki	চালাকি
enecfw	এনেছো
bolwni	বলোনি
atmar	আত্মার
somvabz	সম্ভাব্য
pfelecfilam	ফেলেছিলাম
pacfa	পাছা
oxshtfa	অংশটা
oxshotfa	অংশটা
pwsfak	পোষাক
bathorume	বাথরুমে
tfarrnar	টার্নার
bajare	বাজারে
shunocfen	শুনছেন
zwgdan	যোগদান
zwgodan	যোগদান
omor	অমর
dibna	দিবনা
dibona	দিবনা
pfks	ফক্স
pfoks	ফক্স
somudre	সমুদ্রে
clen	চলেন
colen	চলেন
swundrrz	সৌন্দর্য
swundorrz	সৌন্দর্য
sondehvajn	সন্দেহভাজন
sondehovajn	সন্দেহভাজন
sondehvajon	সন্দেহভাজন
uttorer	উত্তরের
bolcfilw	বলছিলো
bolocfilw	বলছিলো
polatk	পলাতক
polatok	পলাতক
milit	মিলিত
redfiwte	রেডিওতে
sevabei	সেভাবেই
bzaktigt	ব্যাক্তিগত
bzaktigot	ব্যাক্তিগত
aelan	অ্যালান
vitorer	ভিতরের
jiib	জীব
tffele	ঠেলে
mishone	মিশনে
lidfar	লিডার
duoosbpn	দুঃস্বপ্ন
duoosbopn	দুঃস্বপ্ন
pfg	ফগ
pfog	ফগ
gecfis	গেছিস
nirash	নিরাশ
dfres	ড্রেস
aelopfredf	অ্যালফ্রেড
shobdtfa	শব্দটা
shobdotfa	শব্দটা
macfer	মাছের
nik	নিক
poriikfar	পরীক্ষার
hasobe	হাসবে
shtaxsh	শতাংশ
shotaxsh	শতাংশ
khaicfe	খাইছে
tulobe	তুলবে
korba	করবা
koroba	করবা
parna	পারনা
parona	পারনা
likha	লিখা
duibar	দুইবার
dffukecfe	ঢুকেছে
gurutor	গুরুতর
hwtfeler	হোটেলের
ostrer	অস্ত্রের
ja	জা
para	পারা
pres	প্রেস
sptf	স্পট
spotf	স্পট
di	দি
nirrdeshona	নির্দেশনা
rajkumar	রাজকুমার
rajokumar	রাজকুমার
pagolamw	পাগলামো
sekretfari	সেক্রেটারি
bwigganik	বৈজ্ঞানিক
rwm	রোম
bimane	বিমানে
sagorer	সাগরের
debii	দেবী
shbshur	শ্বশুর
shboshur	শ্বশুর
pfil	ফিল
mukhtfa	মুখটা
mukhotfa	মুখটা
klab	ক্লাব
ekauntf	একাউন্ট
parrtfnar	পার্টনার
parrtfonar	পার্টনার
hzandfel	হ্যান্ডেল
dfinare	ডিনারে
brendfa	ব্রেন্ডা
rakhlam	রাখলাম
rakholam	রাখলাম
bare	বারে
paltfate	পাল্টাতে
pfetfe	ফেটে
prrzbekfonf	পর্যবেক্ষণ
porrzbekfonf	পর্যবেক্ষণ
prrzobekfonf	পর্যবেক্ষণ
rikw	রিকো
mha	মহা
moha	মহা
sararat	সারারাত
dfe	ডে
pfirbe	ফিরবে
pfirobe	ফিরবে
patffabw	পাঠাবো
pshcime	পশ্চিমে
poshcime	পশ্চিমে
angguler	আঙ্গুলের
dflarer	ডলারের
dfolarer	ডলারের
nrrm	নর্ম
norrm	নর্ম
esecfile	এসেছিলে
shalara	শালারা
loge	লগে
prakqtik	প্রাকৃতিক
saja	সাজা
monekori	মনেকরি
lwdf	লোড
rahul	রাহুল
mqtdeh	মৃতদেহ
mqtodeh	মৃতদেহ
oxshe	অংশে
grzandf	গ্র্যান্ড
sondehjnk	সন্দেহজনক
sondehojnk	সন্দেহজনক
sondehjonk	সন্দেহজনক
sondehjnok	সন্দেহজনক
dfakobe	ডাকবে
uposthapon	উপস্থাপন
kwtf	কোট
koranw	করানো
shuvsokal	শুভসকাল
shuvosokal	শুভসকাল
caicfilam	চাইছিলাম
casf	চাষ
tfai	টাই
bicarer	বিচারের
pfelecfen	ফেলেছেন
nambartfa	নাম্বারটা
nambarotfa	নাম্বারটা
vuler	ভুলের
korew	করেও
mhima	মহিমা
mohima	মহিমা
sqsftfikrrta	সৃষ্টিকর্তা
sqsftfikorrta	সৃষ্টিকর্তা
dadiima	দাদীমা
nomskar	নমস্কার
nomoskar	নমস্কার
ailzandf	আইল্যান্ড
rekhecfw	রেখেছো
janobw	জানবো
poribrrtit	পরিবর্তিত
poriborrtit	পরিবর্তিত
bajcfe	বাজছে
bajocfe	বাজছে
dhori	ধরি
twmaroi	তোমারই
papa	পাপা
ototfa	অতটা
barrni	বার্নি
cfutfite	ছুটিতে
osiim	অসীম
vanggar	ভাঙ্গার
kebolomatr	কেবলমাত্র
majfemdhze	মাঝেমধ্যে
majfemodhze	মাঝেমধ্যে
hw	হো
tla	তলা
tola	তলা
grrdov	গর্দভ
gorrdov	গর্দভ
nirrmanf	নির্মাণ
ob	অব
vdrlwk	ভদ্রলোক
vodrlwk	ভদ্রলোক
vdrolwk	ভদ্রলোক
kw	কো
emili	এমিলি
takew	তাকেও
narrvas	নার্ভাস
oksijen	অক্সিজেন
nagorik	নাগরিক
banaccfi	বানাচ্ছি
vrmon	ভ্রমন
vromon	ভ্রমন
onubadk	অনুবাদক
onubadok	অনুবাদক
udvtf	উদ্ভট
udvotf	উদ্ভট
peni	পেনি
bne	বনে
bone	বনে
geli	গেলি
mornf	মরণ
moronf	মরণ
apotti	আপত্তি
zaini	যাইনি
thakcfi	থাকছি
thakocfi	থাকছি
biir	বীর
ukx	উকং
ukox	উকং
moris	মরিস
niriih	নিরীহ
rowna	রওনা
kha	খা
sxrkfit	সংরক্ষিত
soxrkfit	সংরক্ষিত
sxrokfit	সংরক্ষিত
shtabdii	শতাব্দী
shotabdii	শতাব্দী
igw	ইগো
nork	নরক
norok	নরক
jitecfi	জিতেছি
main	মাইন
pesh	পেশ
niccf	নিচ্ছ
sw	সো
carrce	চার্চে
cinotam	চিনতাম
tfaip	টাইপ
lzari	ল্যারি
sinduk	সিন্দুক
akrmnfer	আক্রমণের
akromnfer	আক্রমণের
akrmonfer	আক্রমণের
klabe	ক্লাবে
kwle	কোলে
atmsomrrpnf	আত্মসমর্পণ
atmosomrrpnf	আত্মসমর্পণ
atmsomorrpnf	আত্মসমর্পণ
atmsomrrponf	আত্মসমর্পণ
harabe	হারাবে
zevabei	যেভাবেই
debtader	দেবতাদের
debotader	দেবতাদের
mwiden	মৈদেন
porinfti	পরিণতি
porinfoti	পরিণতি
dfjn	ডজন
dfojn	ডজন
dfjon	ডজন
zuger	যুগের
khaccfe	খাচ্ছে
ju	জু
pathorer	পাথরের
vais	ভাইস
asotw	আসতো
kzatforina	ক্যাটরিনা
mitran	মিত্রান
je	জে
kwrrtfe	কোর্টে
etduur	এতদূর
etoduur	এতদূর
thamanwr	থামানোর
six	সিং
paip	পাইপ
bakira	বাকিরা
stfail	স্টাইল
eguli	এগুলি
jiggasabad	জিজ্ঞাসাবাদ
bla	ব্লা
kawke	কাওকে
inci	ইঞ্চি
brunfw	ব্রুণো
muvir	মুভির
shurur	শুরুর
dfarrk	ডার্ক
bkobk	বকবক
bokobok	বকবক
bokobk	বকবক
bkobok	বকবক
kfomtadhor	ক্ষমতাধর
kfomotadhor	ক্ষমতাধর
volodfemrrtf	ভলডেমর্ট
volodfemorrtf	ভলডেমর্ট
ekjnoi	একজনই
ekojonoi	একজনই
ekojnoi	একজনই
ekjonoi	একজনই
pfilm	ফিল্ম
dfrp	ড্রপ
dfrop	ড্রপ
cumw	চুমো
dfakobw	ডাকবো
karigor	কারিগর
kuxpfu	কুংফু
kwnvabe	কোনভাবে
kwnovabe	কোনভাবে
patff	পাঠ
majfei	মাঝেই
beimzaks	বেইম্যাক্স
pketf	পকেট
poketf	পকেট
prante	প্রান্তে
hsopitfale	হসপিটালে
hosopitfale	হসপিটালে
emoniif	এমনিই
cardike	চারদিকে
carodike	চারদিকে
obsthane	অবস্থানে
obosthane	অবস্থানে
manibzag	মানিব্যাগ
karrdftfa	কার্ডটা
karrdfotfa	কার্ডটা
zaderke	যাদেরকে
zaderoke	যাদেরকে
rkte	রক্তে
rokte	রক্তে
potr	পত্র
khabi	খাবি
etfuku	এটুকু
clecfi	চলেছি
colecfi	চলেছি
milar	মিলার
pfelcfi	ফেলছি
pfelocfi	ফেলছি
maui	মাউই
tfrzak	ট্র্যাক
khaben	খাবেন
gulwr	গুলোর
lagcfil	লাগছিল
lagocfil	লাগছিল
lej	লেজ
roil	রইল
zttsob	যত্তসব
zottsob	যত্তসব
zttosob	যত্তসব
opcfnd	অপছন্দ
opocfnd	অপছন্দ
opcfond	অপছন্দ
sorl	সরল
sorol	সরল
mwoo	মোঃ
khul	খুল
parten	পারতেন
paroten	পারতেন
vagze	ভাগ্যে
naker	নাকের
bxsher	বংশের
boxsher	বংশের
atna	আত্না
lora	লরা
kail	কাইল
vangte	ভাঙতে
vangote	ভাঙতে
witihasik	ঐতিহাসিক
jini	জিনি
khelcfe	খেলছে
khelocfe	খেলছে
gontobz	গন্তব্য
otzacar	অত্যাচার
shuvkamona	শুভকামনা
shuvokamona	শুভকামনা
nirrbacit	নির্বাচিত
grrte	গর্তে
gorrte	গর্তে
nishcitvabe	নিশ্চিতভাবে
nishcitovabe	নিশ্চিতভাবে
durrgondh	দুর্গন্ধ
oprtzashit	অপ্রত্যাশিত
oprotzashit	অপ্রত্যাশিত
bnz	বন্য
bonz	বন্য
prapt	প্রাপ্ত
kheli	খেলি
mukutf	মুকুট
sontusftf	সন্তুষ্ট
apon	আপন
esobe	এসবে
bacaw	বাচাও
badam	বাদাম
onekobar	অনেকবার
gwtfa	গোটা
otfw	অটো
bobi	ববি
nilw	নিলো
poton	পতন
zaccfilw	যাচ্ছিলো
sur	সুর
bmi	বমি
bomi	বমি
cabuk	চাবুক
lingguiini	লিঙ্গুঈনি
paina	পাইনা
dfivais	ডিভাইস
remii	রেমী
caicfw	চাইছো
bnduker	বন্দুকের
bonduker	বন্দুকের
asotam	আসতাম
somajer	সমাজের
vorun	ভরুন
krisomaser	ক্রিসমাসের
dhbxser	ধ্বংসের
dhboxser	ধ্বংসের
bidrwh	বিদ্রোহ
pelen	পেলেন
prkqti	প্রকৃতি
prokqti	প্রকৃতি
dfobi	ডবি
memwri	মেমোরি
gganii	জ্ঞানী
pfesobuk	ফেসবুক
nrrth	নর্থ
norrth	নর্থ
vabtew	ভাবতেও
vabotew	ভাবতেও
dhorbw	ধরবো
dhorobw	ধরবো
sitfi	সিটি
selai	সেলাই
nabik	নাবিক
ram	রাম
hatei	হাতেই
neben	নেবেন
cennai	চেন্নাই
khwj	খোজ
sbamiike	স্বামীকে
gacfe	গাছে
merecf	মেরেছ
shwne	শোনে
prcar	প্রচার
procar	প্রচার
rekhecfen	রেখেছেন
asotecfe	আসতেছে
upolobdhi	উপলব্ধি
sarrc	সার্চ
itf	ইট
nil	নিল
viitu	ভীতু
jahannam	জাহান্নাম
itihase	ইতিহাসে
sal	সাল
kacfew	কাছেও
kagje	কাগজে
kagoje	কাগজে
prtzasha	প্রত্যাশা
protzasha	প্রত্যাশা
ganotfa	গানটা
mrrzada	মর্যাদা
morrzada	মর্যাদা
dabii	দাবী
kraistf	ক্রাইস্ট
manobojatir	মানবজাতির
dfiuk	ডিউক
dfaun	ডাউন
umom	উমম
dfabol	ডাবল
dfelivari	ডেলিভারি
dujnkei	দুজনকেই
dujonokei	দুজনকেই
dujonkei	দুজনকেই
dujnokei	দুজনকেই
gaite	গাইতে
bahir	বাহির
barwtfa	বারোটা
bum	বুম
poribrrtoner	পরিবর্তনের
poriborrtoner	পরিবর্তনের
vobisfzdbanfii	ভবিষ্যদ্বাণী
vobisfzodbanfii	ভবিষ্যদ্বাণী
dkfin	দক্ষিন
dokfin	দক্ষিন
bujfecfis	বুঝেছিস
rwj	রোজ
gwlam	গোলাম
kwralain	কোরালাইন
dharnf	ধারণ
dharonf	ধারণ
ontor	অন্তর
durrvagzbsht	দুর্ভাগ্যবশত
durrvagzobsht	দুর্ভাগ্যবশত
durrvagzbosht	দুর্ভাগ্যবশত
durrvagzbshot	দুর্ভাগ্যবশত
thakis	থাকিস
thakolew	থাকলেও
vut	ভুত
parrke	পার্কে
nikfep	নিক্ষেপ
coritr	চরিত্র
janlen	জানলেন
janolen	জানলেন
mithzabadii	মিথ্যাবাদী
eks	এক্স
paka	পাকা
sokalei	সকালেই
thaman	থামান
keil	কেইল
shilpii	শিল্পী
res	রেস
martfin	মারটিন
marotfin	মারটিন
ketfecfe	কেটেছে
mauntf	মাউন্ট
dur	দুর
mwtfamutfi	মোটামুটি
prjnmer	প্রজন্মের
projnmer	প্রজন্মের
prjonmer	প্রজন্মের
ashakori	আশাকরি
shekhar	শেখার
gas	গাস
muurrti	মূর্তি
hzam	হ্যাম
au	আউ
kwmpanite	কোম্পানিতে
gzandfalopf	গ্যান্ডালফ
ustad	উস্তাদ
pzatfrik	প্যাট্রিক
cfili	ছিলি
sabtfaitfelotfi	সাবটাইটেলটি
sabotfaitfelotfi	সাবটাইটেলটি
sohkrrmii	সহকর্মী
sohokrrmii	সহকর্মী
sohkorrmii	সহকর্মী
kaner	কানের
blak	ব্লাক
tfrinitfi	ট্রিনিটি
sbadhiinotar	স্বাধীনতার
prmanfit	প্রমাণিত
promanfit	প্রমাণিত
carjn	চারজন
carojon	চারজন
carojn	চারজন
carjon	চারজন
kzasi	ক্যাসি
suic	সুইচ
kotduur	কতদূর
kotoduur	কতদূর
mqdu	মৃদু
tfask	টাস্ক
hauje	হাউজে
palaccfe	পালাচ্ছে
etei	এতেই
kredfitf	ক্রেডিট
renjar	রেঞ্জার
kajin	কাজিন
bner	বনের
boner	বনের
ajkei	আজকেই
ajokei	আজকেই
rupanjel	রুপাঞ্জেল
paspartu	পাস্পারতু
pasparotu	পাস্পারতু
deini	দেইনি
bzakoap	ব্যাকআপ
jentflomzan	জেন্টলম্যান
jentfolomzan	জেন্টলম্যান
cfwtfw	ছোটো
kzampe	ক্যাম্পে
htzakarii	হত্যাকারী
hotzakarii	হত্যাকারী
eksidfentf	এক্সিডেন্ট
vetorei	ভেতরেই
tfedf	টেড
zatrii	যাত্রী
rwman	রোমান
opuurrb	অপূর্ব
sceton	সচেতন
soceton	সচেতন
mairala	মাইরালা
lwkeder	লোকেদের
bisfakt	বিষাক্ত
samudrik	সামুদ্রিক
purusfer	পুরুষের
kubora	কুবরা
eki	একি
saij	সাইজ
asolan	আসলান
luis	লুইস
aevatfar	অ্যাভাটার
munnii	মুন্নী
tllashi	তল্লাশি
tollashi	তল্লাশি
amke	আমকে
amoke	আমকে
bati	বাতি
bwidh	বৈধ
lnc	লঞ্চ
lonc	লঞ্চ
stfetf	স্টেট
odhzapk	অধ্যাপক
odhzapok	অধ্যাপক
bakitfa	বাকিটা
onusftffaner	অনুষ্ঠানের
shesfobarer	শেষবারের
totoi	ততই
nirrzaton	নির্যাতন
shikfit	শিক্ষিত
bzapk	ব্যাপক
bzapok	ব্যাপক
sajanw	সাজানো
kkfonw	কক্ষনো
kokfonw	কক্ষনো
jein	জেইন
kaloker	কালকের
sab	সাব
huu	হূ
rakhle	রাখলে
rakhole	রাখলে
tamasha	তামাশা
ljjajnk	লজ্জাজনক
lojjajnk	লজ্জাজনক
ljjajonk	লজ্জাজনক
ljjajnok	লজ্জাজনক
mejfete	মেঝেতে
baburrci	বাবুর্চি
segulwr	সেগুলোর
saratfa	সারাটা
hoilw	হইলো
marle	মারলে
marole	মারলে
bktbz	বক্তব্য
boktbz	বক্তব্য
bktobz	বক্তব্য
zacai	যাচাই
onzvabe	অন্যভাবে
onzovabe	অন্যভাবে
vilen	ভিলেন
babaw	বাবাও
vuumi	ভূমি
amaderoi	আমাদেরই
szutfkes	স্যুটকেস
szutfokes	স্যুটকেস
karagare	কারাগারে
behuda	বেহুদা
mzari	ম্যারি
pftfw	ফটো
pfotfw	ফটো
klaber	ক্লাবের
dkhle	দখলে
dokhle	দখলে
dkhole	দখলে
bujfcf	বুঝছ
bujfocf	বুঝছ
o	অ
abshzk	আবশ্যক
aboshzk	আবশ্যক
abshzok	আবশ্যক
roilw	রইলো
marselas	মারসেলাস
maroselas	মারসেলাস
dfzan	ড্যান
ekobarow	একবারও
ziishu	যীশু
mils	মিলস
milos	মিলস
bajaw	বাজাও
dhorcfi	ধরছি
dhorocfi	ধরছি
jrrdfan	জর্ডান
jorrdfan	জর্ডান
ondhkarer	অন্ধকারের
ondhokarer	অন্ধকারের
bivag	বিভাগ
kzansar	ক্যান্সার
lainer	লাইনের
dhuumopan	ধূমপান
jalal	জালাল
anu	আনু
oshbarwhii	অশ্বারোহী
kqtggta	কৃতজ্ঞতা
kqtoggta	কৃতজ্ঞতা
kqtggota	কৃতজ্ঞতা
shindflar	শিন্ডলার
shindfolar	শিন্ডলার
gundfa	গুন্ডা
amin	আমিন
uik	উইক
gwtham	গোথাম
hascfe	হাসছে
hasocfe	হাসছে
nojore	নজরে
zntrpati	যন্ত্রপাতি
zontrpati	যন্ত্রপাতি
zntropati	যন্ত্রপাতি
ceharar	চেহারার
kwnodike	কোনদিকে
dwkaner	দোকানের
ador	আদর
cturrth	চতুর্থ
coturrth	চতুর্থ
paccfilam	পাচ্ছিলাম
cfader	ছাদের
pzarish	প্যারিশ
bishqngkhla	বিশৃঙ্খলা
bishqngkhola	বিশৃঙ্খলা
kolejer	কলেজের
patta	পাত্তা
goriib	গরীব
khelatfa	খেলাটা
kannakatfi	কান্নাকাটি
durrdant	দুর্দান্ত
poroi	পরই
jimmi	জিম্মি
utffar	উঠার
citffitfa	চিঠিটা
cestfa	চেস্টা
jeler	জেলের
jnmdiner	জন্মদিনের
jonmdiner	জন্মদিনের
jnmodiner	জন্মদিনের
jfamelar	ঝামেলার
zahwk	যাহোক
duookhjnk	দুঃখজনক
duookhojnk	দুঃখজনক
duookhjonk	দুঃখজনক
duookhjnok	দুঃখজনক
lzabe	ল্যাবে
khborer	খবরের
khoborer	খবরের
suparish	সুপারিশ
dkfinfe	দক্ষিণে
dokfinfe	দক্ষিণে
dicfi	দিছি
ane	আনে
pwsfa	পোষা
bagan	বাগান
lkfonf	লক্ষণ
lokfonf	লক্ষণ
sukher	সুখের
kwnkicfui	কোনকিছুই
kwnokicfui	কোনকিছুই
gtffn	গঠন
gotffn	গঠন
gtffon	গঠন
pzan	প্যান
prthmobarer	প্রথমবারের
prothmobarer	প্রথমবারের
prthomobarer	প্রথমবারের
kortecfe	করতেছে
korotecfe	করতেছে
sftfeshon	ষ্টেশন
szandfouic	স্যান্ডউইচ
calaccfe	চালাচ্ছে
korcfilen	করছিলেন
korocfilen	করছিলেন
durrvagz	দুর্ভাগ্য
manusfora	মানুষরা
bigganer	বিজ্ঞানের
sxzukti	সংযুক্তি
soxzukti	সংযুক্তি
utffa	উঠা
shuunz	শূন্য
helen	হেলেন
shobder	শব্দের
bsobe	বসবে
bosobe	বসবে
morbw	মরবো
morobw	মরবো
bujfini	বুঝিনি
level	লেভেল
sqsftfir	সৃষ্টির
kharaper	খারাপের
zaite	যাইতে
suparmzan	সুপারম্যান
suparomzan	সুপারম্যান
ekor	একর
ekotre	একত্রে
gruu	গ্রূ
krrtqpkf	কর্তৃপক্ষ
korrtqpkf	কর্তৃপক্ষ
krrtqpokf	কর্তৃপক্ষ
sinemar	সিনেমার
dfainii	ডাইনী
abal	আবাল
kob	কব
pfelun	ফেলুন
lekhar	লেখার
madar	মাদার
stfwn	স্টোন
onzke	অন্যকে
onzoke	অন্যকে
jeson	জেসন
ajiibn	আজীবন
ajiibon	আজীবন
kutftfan	কুট্টান
endfarson	এন্ডারসন
endfaroson	এন্ডারসন
al	আল
jinisoi	জিনিসই
utfflw	উঠলো
utffolw	উঠলো
zwun	যৌন
sixher	সিংহের
rajputr	রাজপুত্র
rajoputr	রাজপুত্র
umar	উমার
nk	নক
nok	নক
intfarnetf	ইন্টারনেট
intfaronetf	ইন্টারনেট
batfn	বাটন
batfon	বাটন
pretatma	প্রেতাত্মা
cirkal	চিরকাল
cirokal	চিরকাল
sagore	সাগরে
betfa	বেটা
wisob	ঐসব
swnalii	সোনালী
rakhis	রাখিস
ammur	আম্মুর
dshtfa	দশটা
doshtfa	দশটা
dshotfa	দশটা
biporiit	বিপরীত
hzandfsam	হ্যান্ডসাম
hzandfosam	হ্যান্ডসাম
snw	স্নো
raganbit	রাগান্বিত
cfi	ছি
dhatu	ধাতু
krrtqtb	কর্তৃত্ব
korrtqtb	কর্তৃত্ব
nevigeshon	নেভিগেশন
onuvuti	অনুভুতি
egulwif	এগুলোই
mehoman	মেহমান
presidfentfer	প্রেসিডেন্টের
niuj	নিউজ
jutw	জুতো
natw	নাতো
beshza	বেশ্যা
itzadi	ইত্যাদি
tfeilor	টেইলর
homom	হমম
sorkari	সরকারি
sorokari	সরকারি
poriman	পরিমান
enecfen	এনেছেন
paribarik	পারিবারিক
tfrake	ট্রাকে
sapf	সাফ
shurute	শুরুতে
udbign	উদ্বিগ্ন
thakolw	থাকলো
maiki	মাইকি
maliker	মালিকের
vuumikomp	ভূমিকম্প
baganer	বাগানের
bwtam	বোতাম
rwmantfik	রোমান্টিক
korlew	করলেও
korolew	করলেও
pelei	পেলেই
shwnaccfe	শোনাচ্ছে
dekhis	দেখিস
zaccfena	যাচ্ছেনা
lin	লিন
arekjner	আরেকজনের
arekojoner	আরেকজনের
arekojner	আরেকজনের
arekjoner	আরেকজনের
normzan	নরম্যান
noromzan	নরম্যান
jemi	জেমি
hwpar	হোপার
lzandfix	ল্যান্ডিং
bilbw	বিল্বো
dzakh	দ্যাখ
bolecfili	বলেছিলি
tiibr	তীব্র
prjnm	প্রজন্ম
projnm	প্রজন্ম
prjonm	প্রজন্ম
paper	পাপের
mdhzew	মধ্যেও
modhzew	মধ্যেও
zuba	যুবা
obtornf	অবতরণ
obotornf	অবতরণ
obtoronf	অবতরণ
rannagfore	রান্নাঘরে
arrtonad	আর্তনাদ
katfuk	কাটুক
thakatfa	থাকাটা
katff	কাঠ
kotgulw	কতগুলো
kotogulw	কতগুলো
jwns	জোন্স
lwv	লোভ
nalish	নালিশ
gfas	ঘাস
jzant	জ্যান্ত
mshai	মশাই
moshai	মশাই
dekhecfis	দেখেছিস
bibah	বিবাহ
mwjambike	মোজাম্বিকে
rajake	রাজাকে
pori	পরি
kuin	কুইন
tapmatra	তাপমাত্রা
tapomatra	তাপমাত্রা
siddhante	সিদ্ধান্তে
taroi	তারই
lu	লু
ultfa	উল্টা
itwmdhze	ইতোমধ্যে
itwmodhze	ইতোমধ্যে
brrtomane	বর্তমানে
borrtomane	বর্তমানে
dudin	দুদিন
prdrrshonii	প্রদর্শনী
prodrrshonii	প্রদর্শনী
prdorrshonii	প্রদর্শনী
srrbnash	সর্বনাশ
sorrbnash	সর্বনাশ
srrbonash	সর্বনাশ
klu	ক্লু
jsh	জশ
josh	জশ
omanz	অমান্য
dharalw	ধারালো
janiw	জানিও
cirdiner	চিরদিনের
cirodiner	চিরদিনের
dfaltfn	ডাল্টন
dfaltfon	ডাল্টন
brein	ব্রেইন
prhorii	প্রহরী
prohorii	প্রহরী
lzandf	ল্যান্ড
sneip	স্নেইপ
aelen	অ্যালেন
wpare	ওপারে
ol	অল
caku	চাকু
mjadar	মজাদার
mojadar	মজাদার
tulna	তুলনা
tulona	তুলনা
asotei	আসতেই
dekhashuna	দেখাশুনা
valwbasote	ভালোবাসতে
mzanejar	ম্যানেজার
borkhast	বরখাস্ত
borokhast	বরখাস্ত
kzamerar	ক্যামেরার
sopfor	সফর
prtzeke	প্রত্যেকে
protzeke	প্রত্যেকে
nedf	নেড
purskar	পুরস্কার
puroskar	পুরস্কার
janob	জানব
madarcwd	মাদারচোদ
madarocwd	মাদারচোদ
carrcer	চার্চের
zadu	যাদু
shunobw	শুনবো
ishbor	ইশ্বর
krrmkrrta	কর্মকর্তা
korrmkrrta	কর্মকর্তা
krrmokrrta	কর্মকর্তা
krrmkorrta	কর্মকর্তা
bathorum	বাথরুম
twmartfa	তোমারটা
twmarotfa	তোমারটা
subidhar	সুবিধার
patffan	পাঠান
tdnter	তদন্তের
todnter	তদন্তের
tdonter	তদন্তের
jamai	জামাই
khab	খাব
prcndf	প্রচন্ড
procndf	প্রচন্ড
prcondf	প্রচন্ড
dfekecfe	ডেকেছে
vi	ভি
kesotfa	কেসটা
ekobare	একবারে
mina	মিনা
bispfwrit	বিস্ফোরিত
ospsftf	অস্পষ্ট
osposftf	অস্পষ্ট
prtizwgita	প্রতিযোগিতা
protizwgita	প্রতিযোগিতা
etfike	এটিকে
haus	হাউস
gfumaccfe	ঘুমাচ্ছে
bhisfkar	বহিষ্কার
bohisfkar	বহিষ্কার
zwgzta	যোগ্যতা
zwgzota	যোগ্যতা
ixreji	ইংরেজি
ojuhat	অজুহাত
shirwnam	শিরোনাম
vabar	ভাবার
bzabsa	ব্যাবসা
bzabosa	ব্যাবসা
mhilara	মহিলারা
mohilara	মহিলারা
bandhbii	বান্ধবী
bandhobii	বান্ধবী
murgir	মুরগির
murogir	মুরগির
stfapf	স্টাফ
marrkas	মার্কাস
shalake	শালাকে
mwhammd	মোহাম্মদ
mwhammod	মোহাম্মদ
kilwmitfar	কিলোমিটার
swjasuji	সোজাসুজি
harami	হারামি
jlil	জলিল
jolil	জলিল
drrshk	দর্শক
dorrshk	দর্শক
drrshok	দর্শক
bzangk	ব্যাঙ্ক
birwdhii	বিরোধী
ason	আসন
mekanik	মেকানিক
bwtfe	বোটে
dekhlei	দেখলেই
dekholei	দেখলেই
namk	নামক
namok	নামক
jwsepf	জোসেফ
hasw	হাসো
nigrwder	নিগ্রোদের
bicfanar	বিছানার
dibena	দিবেনা
pelw	পেলো
banai	বানাই
cli	চলি
coli	চলি
tototfa	ততটা
pzaketf	প্যাকেট
bwjfe	বোঝে
bwjfai	বোঝাই
kaku	কাকু
gurutbpuurrn	গুরুত্বপূর্ন
gurutbopuurrn	গুরুত্বপূর্ন
stfiv	স্টিভ
majf	মাঝ
medhabii	মেধাবী
tom	তম
prpwj	প্রপোজ
propwj	প্রপোজ
tkhni	তখনি
tokhni	তখনি
tkhoni	তখনি
aboddh	আবদ্ধ
dfiparrtfomentf	ডিপার্টমেন্ট
janwna	জানোনা
bolecfis	বলেছিস
presidfentfke	প্রেসিডেন্টকে
presidfentfoke	প্রেসিডেন্টকে
tulecfe	তুলেছে
nodiite	নদীতে
rwme	রোমে
odhikaxsh	অধিকাংশ
tfimer	টিমের
tfelipfwn	টেলিফোন
tfana	টানা
sthanantor	স্থানান্তর
hwm	হোম
thakolei	থাকলেই
asuk	আসুক
pakha	পাখা
prtzekei	প্রত্যেকেই
protzekei	প্রত্যেকেই
kkfe	কক্ষে
kokfe	কক্ষে
kinecfi	কিনেছি
var	ভার
laipf	লাইফ
lekhk	লেখক
lekhok	লেখক
kftir	ক্ষতির
kfotir	ক্ষতির
uccarnf	উচ্চারণ
uccaronf	উচ্চারণ
lenoden	লেনদেন
jzam	জ্যাম
vaider	ভাইদের
ejnzei	এজন্যেই
ejonzei	এজন্যেই
rwgiir	রোগীর
poribare	পরিবারে
grrvobtii	গর্ভবতী
gorrvobtii	গর্ভবতী
grrvobotii	গর্ভবতী
beshidin	বেশিদিন
namow	নামও
dikotfa	দিকটা
lukate	লুকাতে
dfs	ডস
dfos	ডস
pulishe	পুলিশে
hstkfep	হস্তক্ষেপ
hostkfep	হস্তক্ষেপ
hstokfep	হস্তক্ষেপ
gwmej	গোমেজ
bnza	বন্যা
bonza	বন্যা
opfisarer	অফিসারের
ajow	আজও
iujin	ইউজিন
tfingkar	টিঙ্কার
porm	পরম
porom	পরম
bastobe	বাস্তবে
bqsftfir	বৃষ্টির
jus	জুস
ozwgz	অযোগ্য
katfanwr	কাটানোর
dharnfai	ধারণাই
dharonfai	ধারণাই
golar	গলার
pranfiir	প্রাণীর
saplai	সাপ্লাই
vabun	ভাবুন
ekdl	একদল
ekodol	একদল
ekodl	একদল
ekdol	একদল
madk	মাদক
madok	মাদক
cfbite	ছবিতে
cfobite	ছবিতে
wishborik	ঐশ্বরিক
dusftfu	দুষ্টু
ratotfa	রাতটা
bdfi	বডি
bodfi	বডি
sompadna	সম্পাদনা
sompadona	সম্পাদনা
nzazz	ন্যায্য
nijera	নিজেরা
lukaw	লুকাও
not	নত
mwrales	মোরালেস
senabahinii	সেনাবাহিনী
marrkin	মার্কিন
kwnorkom	কোনরকম
kwnorokom	কোনরকম
bujfcfi	বুঝছি
bujfocfi	বুঝছি
varsamz	ভারসাম্য
varosamz	ভারসাম্য
bivager	বিভাগের
dfk	ডক
dfok	ডক
timi	তিমি
injiner	ইঞ্জিনের
big	বিগ
prtzeker	প্রত্যেকের
protzeker	প্রত্যেকের
nwukar	নৌকার
khbortfa	খবরটা
khobortfa	খবরটা
khborotfa	খবরটা
gviirvabe	গভীরভাবে
goviirovabe	গভীরভাবে
goviirvabe	গভীরভাবে
gviirovabe	গভীরভাবে
tfravel	ট্রাভেল
vgobanke	ভগবানকে
vogobanoke	ভগবানকে
vogobanke	ভগবানকে
vgobanoke	ভগবানকে
tumake	তুমাকে
hccf	হচ্ছ
hoccf	হচ্ছ
bestf	বেস্ট
janalar	জানালার
adwu	আদৌ
obshisftf	অবশিষ্ট
oboshisftf	অবশিষ্ট
nikotfe	নিকটে
cahida	চাহিদা
vdrmhila	ভদ্রমহিলা
vodrmhila	ভদ্রমহিলা
vdromhila	ভদ্রমহিলা
vdrmohila	ভদ্রমহিলা
udahornf	উদাহরণ
udahoronf	উদাহরণ
nitam	নিতাম
tffikomtw	ঠিকমতো
tffikomotw	ঠিকমতো
lutf	লুট
varter	ভারতের
varoter	ভারতের
parrl	পার্ল
vari	ভারি
doridr	দরিদ্র
be	বে
valwvabei	ভালোভাবেই
cfwkora	ছোকরা
pfranser	ফ্রান্সের
durrgftfnar	দুর্ঘটনার
durrgfotfnar	দুর্ঘটনার
durrgftfonar	দুর্ঘটনার
cipf	চিফ
shekhate	শেখাতে
kali	কালি
sejnzoi	সেজন্যই
sejonzoi	সেজন্যই
musa	মুসা
wtfate	ওটাতে
pistlotfa	পিস্তলটা
pistolotfa	পিস্তলটা
egww	এগোও
vobn	ভবন
vobon	ভবন
tfzaks	ট্যাক্স
caicfen	চাইছেন
pqsftffa	পৃষ্ঠা
smqtir	স্মৃতির
hobu	হবু
duurrgftfna	দূর্ঘটনা
duurrgfotfna	দূর্ঘটনা
duurrgftfona	দূর্ঘটনা
ulopf	উলফ
jater	জাতের
jfule	ঝুলে
widin	ঐদিন
bes	বেস
cala	চালা
curir	চুরির
aebagnel	অ্যাবাগ্নেল
bacanwr	বাচানোর
prtisftffan	প্রতিষ্ঠান
protisftffan	প্রতিষ্ঠান
hoise	হইসে
parba	পারবা
paroba	পারবা
khuli	খুলি
marrshal	মার্শাল
ciwl	চিওল
prjati	প্রজাতি
projati	প্রজাতি
brrm	বর্ম
borrm	বর্ম
dehe	দেহে
agfater	আঘাতের
lkfii	লক্ষী
lokfii	লক্ষী
ogastfas	অগাস্টাস
balan	বালান
beje	বেজে
golopf	গলফ
sbarrthpor	স্বার্থপর
sbarrthopor	স্বার্থপর
pwp	পোপ
tomij	তমিজ
jari	জারি
bzaj	ব্যাজ
khushir	খুশির
jnzew	জন্যেও
jonzew	জন্যেও
rs	রস
ros	রস
onumwdn	অনুমোদন
onumwdon	অনুমোদন
bishrii	বিশ্রী
bzktitb	ব্যক্তিত্ব
bzoktitb	ব্যক্তিত্ব
miutfzantfder	মিউট্যান্টদের
miutfzantfoder	মিউট্যান্টদের
otw	অতো
bajanw	বাজানো
dawni	দাওনি
muhuurrter	মুহূর্তের
pfrendf	ফ্রেন্ড
dfaki	ডাকি
marben	মারবেন
maroben	মারবেন
caka	চাকা
sekendfe	সেকেন্ডে
prtishwdher	প্রতিশোধের
protishwdher	প্রতিশোধের
osvz	অসভ্য
osovz	অসভ্য
mzatfriks	ম্যাট্রিক্স
hatir	হাতির
sxstha	সংস্থা
soxstha	সংস্থা
mhilader	মহিলাদের
mohilader	মহিলাদের
cak	চাক
silk	সিল্ক
shuvsondhza	শুভসন্ধ্যা
shuvosondhza	শুভসন্ধ্যা
dbigunf	দ্বিগুণ
dekhni	দেখনি
dekhoni	দেখনি
sekhankar	সেখানকার
sekhanokar	সেখানকার
karnfotfa	কারণটা
karonfotfa	কারণটা
mzajik	ম্যাজিক
cinw	চিনো
witihz	ঐতিহ্য
potaka	পতাকা
orrjun	অর্জুন
ku	কু
potrika	পত্রিকা
andaj	আন্দাজ
calabe	চালাবে
prvabit	প্রভাবিত
provabit	প্রভাবিত
bolni	বলনি
boloni	বলনি
selin	সেলিন
pflwre	ফ্লোরে
ij	ইজ
begom	বেগম
gunf	গুণ
horinf	হরিণ
shikarer	শিকারের
edfmandf	এডমান্ড
edfomandf	এডমান্ড
nariir	নারীর
kamorul	কামরুল
gfwraw	ঘোরাও
cakoritfa	চাকরিটা
onubadkder	অনুবাদকদের
onubadokoder	অনুবাদকদের
onubadokder	অনুবাদকদের
onubadkoder	অনুবাদকদের
kebin	কেবিন
lkfze	লক্ষ্যে
lokfze	লক্ষ্যে
pontha	পন্থা
mdhur	মধুর
modhur	মধুর
acfei	আছেই
tffikoacfe	ঠিকআছে
pfuler	ফুলের
tfranspfar	ট্রান্সফার
tfransopfar	ট্রান্সফার
mqtzute	মৃত্যুতে
debtara	দেবতারা
debotara	দেবতারা
dfinw	ডিনো
clnt	চলন্ত
colnt	চলন্ত
clont	চলন্ত
hil	হিল
prtidinoi	প্রতিদিনই
protidinoi	প্রতিদিনই
uhu	উহু
inggit	ইঙ্গিত
tfaitf	টাইট
gftfar	ঘটার
gfotfar	ঘটার
gordfw	গরডো
gorodfw	গরডো
dekhlen	দেখলেন
dekholen	দেখলেন
namobe	নামবে
sinetfor	সিনেটর
kirkom	কিরকম
kirokom	কিরকম
kuborar	কুবরার
katf	কাট
petfer	পেটের
gtite	গতিতে
gotite	গতিতে
monozwg	মনযোগ
onztom	অন্যতম
onzotom	অন্যতম
jiba	জিবা
shrrtf	শর্ট
shorrtf	শর্ট
perecfen	পেরেছেন
pd	পদ
pod	পদ
iunipfrrm	ইউনিফর্ম
iunipforrm	ইউনিফর্ম
jetar	জেতার
kendr	কেন্দ্র
kzaptfener	ক্যাপ্টেনের
laigza	লাইগ্যা
emil	এমিল
keis	কেইস
pfaul	ফাউল
ovivabk	অভিভাবক
ovivabok	অভিভাবক
hema	হেমা
sapwrrtf	সাপোর্ট
dfainwsor	ডাইনোসর
egulwke	এগুলোকে
lagt	লাগত
lagot	লাগত
dew	দেও
jirw	জিরো
jitobe	জিতবে
pfredf	ফ্রেড
somqddh	সমৃদ্ধ
tfw	টো
tkhnw	তখনো
tokhnw	তখনো
tkhonw	তখনো
gorur	গরুর
pjishon	পজিশন
pojishon	পজিশন
prins	প্রিন্স
atmhtzar	আত্মহত্যার
atmohtzar	আত্মহত্যার
atmhotzar	আত্মহত্যার
bivage	বিভাগে
twmorai	তোমরাই
durrlov	দুর্লভ
bamon	বামন
sjag	সজাগ
sojag	সজাগ
bindu	বিন্দু
prinses	প্রিন্সেস
oloredfi	অলরেডি
dekhale	দেখালে
prthmei	প্রথমেই
prothmei	প্রথমেই
prthomei	প্রথমেই
prtzakhzan	প্রত্যাখ্যান
protzakhzan	প্রত্যাখ্যান
parlen	পারলেন
parolen	পারলেন
jwkarer	জোকারের
mjobut	মজবুত
mojobut	মজবুত
pddhtite	পদ্ধতিতে
poddhtite	পদ্ধতিতে
pddhotite	পদ্ধতিতে
prbesher	প্রবেশের
probesher	প্রবেশের
vabii	ভাবী
karrzkrm	কার্যক্রম
karrzokrm	কার্যক্রম
karrzkrom	কার্যক্রম
isomail	ইসমাইল
drutoi	দ্রুতই
okejw	অকেজো
parsz	পারস্য
parosz	পারস্য
pdarrth	পদার্থ
podarrth	পদার্থ
dfrwn	ড্রোন
ekhanew	এখানেও
gwla	গোলা
bujfw	বুঝো
kru	ক্রু
shikha	শিখা
berwte	বেরোতে
eigula	এইগুলা
pshur	পশুর
poshur	পশুর
sbasthzer	স্বাস্থ্যের
valwbasobe	ভালোবাসবে
pil	পিল
cacar	চাচার
zabna	যাবনা
zabona	যাবনা
pis	পিস
bndukotfa	বন্দুকটা
bondukotfa	বন্দুকটা
ema	এমা
cfeletfir	ছেলেটির
ajorate	আজরাতে
keh	কেহ
naile	নাইলে
aekauntf	অ্যাকাউন্ট
vuumika	ভূমিকা
bandor	বান্দর
aena	অ্যানা
ridf	রিড
dhorecf	ধরেছ
pfainal	ফাইনাল
vaja	ভাজা
nirrdharit	নির্ধারিত
pflzash	ফ্ল্যাশ
srrbshresftff	সর্বশ্রেষ্ঠ
sorrbshresftff	সর্বশ্রেষ্ঠ
srrboshresftff	সর্বশ্রেষ্ঠ
kitfi	কিটি
ibi	ইবি
arekjnke	আরেকজনকে
arekojonoke	আরেকজনকে
arekojnke	আরেকজনকে
arekjonke	আরেকজনকে
hwl	হোল
sotzer	সত্যের
dujne	দুজনে
dujone	দুজনে
ixrejii	ইংরেজী
bilobw	বিলবো
thakena	থাকেনা
mushkil	মুশকিল
mushokil	মুশকিল
diccfil	দিচ্ছিল
parlw	পারলো
parolw	পারলো
rwger	রোগের
valobasw	ভালবাসো
murgii	মুরগী
murogii	মুরগী
bor	বর
uccta	উচ্চতা
uccota	উচ্চতা
lwn	লোন
buddhimaner	বুদ্ধিমানের
cirtore	চিরতরে
cirotore	চিরতরে
jntu	জন্তু
jontu	জন্তু
emonotfai	এমনটাই
kortew	করতেও
korotew	করতেও
tiniif	তিনিই
kzamone	ক্যামনে
gwlomal	গোলমাল
hasir	হাসির
danober	দানবের
prrda	পর্দা
porrda	পর্দা
barrthdfe	বার্থডে
barrthodfe	বার্থডে
eitfai	এইটাই
majfew	মাঝেও
aemw	অ্যামো
cfidr	ছিদ্র
grrdfi	গর্ডি
gorrdfi	গর্ডি
dekhcfis	দেখছিস
dekhocfis	দেখছিস
gwldfen	গোল্ডেন
etgulw	এতগুলো
etogulw	এতগুলো
bakider	বাকিদের
sobaikei	সবাইকেই
pzac	প্যাচ
cetona	চেতনা
itwmdhzei	ইতোমধ্যেই
itwmodhzei	ইতোমধ্যেই
bhut	বহুত
bohut	বহুত
amaderow	আমাদেরও
slip	স্লিপ
zawni	যাওনি
bujflen	বুঝলেন
bujfolen	বুঝলেন
somadhaner	সমাধানের
sauth	সাউথ
cans	চান্স
ztw	যতো
zotw	যতো
sotffikvabe	সঠিকভাবে
sotffikovabe	সঠিকভাবে
cloman	চলমান
coloman	চলমান
ckwletf	চকোলেট
cokwletf	চকোলেট
anun	আনুন
bahirer	বাহিরের
bispfwrk	বিস্ফোরক
bispfwrok	বিস্ফোরক
bishbasii	বিশ্বাসী
zaccfina	যাচ্ছিনা
kortecfw	করতেছো
korotecfw	করতেছো
prjektf	প্রজেক্ট
projektf	প্রজেক্ট
shim	শিম
bishuddh	বিশুদ্ধ
medfikzal	মেডিক্যাল
dzatf	দ্যাট
ren	রেন
shpix	শপিং
shopix	শপিং
majfemajfe	মাঝেমাঝে
pflag	ফ্লাগ
torpf	তরফ
toropf	তরফ
rajdhanii	রাজধানী
rajodhanii	রাজধানী
sorborah	সরবরাহ
soroborah	সরবরাহ
lzanistfar	ল্যানিস্টার
nrrthap	নর্থাপ
norrthap	নর্থাপ
zubtii	যুবতী
zubotii	যুবতী
anob	আনব
dfivwrrs	ডিভোর্স
onubadkoo	অনুবাদকঃ
onubadokoo	অনুবাদকঃ
asis	আসিস
totdin	ততদিন
totodin	ততদিন
praktn	প্রাক্তন
prakton	প্রাক্তন
loki	লকি
ela	এলা
gaw	গাও
obolombn	অবলম্বন
obolombon	অবলম্বন
vebecfw	ভেবেছো
sotrrkota	সতর্কতা
sotorrkota	সতর্কতা
ljjar	লজ্জার
lojjar	লজ্জার
resipi	রেসিপি
dffeu	ঢেউ
tonn	তন্ন
somprrker	সম্পর্কের
somporrker	সম্পর্কের
niirb	নীরব
niirob	নীরব
bidhbst	বিধ্বস্ত
bidhbost	বিধ্বস্ত
pca	পচা
poca	পচা
kicfute	কিছুতে
pfelol	ফেলল
zthesftff	যথেষ্ঠ
zothesftff	যথেষ্ঠ
uttoradhikarii	উত্তরাধিকারী
hujur	হুজুর
vagavagi	ভাগাভাগি
aponakew	আপনাকেও
shhiid	শহীদ
shohiid	শহীদ
buv	বুভ
sommti	সম্মতি
sommoti	সম্মতি
paccfis	পাচ্ছিস
ip	ইপ
ekola	একলা
cfwtfobela	ছোটবেলা
juls	জুলস
julos	জুলস
barrn	বার্ন
mmfce	মঞ্চে
momfce	মঞ্চে
tarka	তারকা
taroka	তারকা
hoini	হইনি
kzathorin	ক্যাথরিন
karur	কারুর
hese	হেসে
tfrapfik	ট্রাফিক
bzs	ব্যস
bzos	ব্যস
poricalit	পরিচালিত
iishborke	ঈশ্বরকে
iishboroke	ঈশ্বরকে
thamanw	থামানো
onuvuut	অনুভূত
khelobe	খেলবে
sitfir	সিটির
vanu	ভানু
onzkeu	অন্যকেউ
onzokeu	অন্যকেউ
dimu	দিমু
prcnfdf	প্রচণ্ড
procnfdf	প্রচণ্ড
prconfdf	প্রচণ্ড
dfekecfi	ডেকেছি
rni	রনি
roni	রনি
drutgamii	দ্রুতগামী
drutogamii	দ্রুতগামী
vrmnfer	ভ্রমণের
vromnfer	ভ্রমণের
vrmonfer	ভ্রমণের
jale	জালে
emobrwj	এমব্রোজ
witfai	ঐটাই
sani	সানি
dfa	ডা
nacw	নাচো
pzatfsi	প্যাটসি
pzatfosi	প্যাটসি
onekkfonf	অনেকক্ষণ
onekokfonf	অনেকক্ষণ
mqtzuke	মৃত্যুকে
marrtfin	মার্টিন
porar	পরার
japfor	জাফর
tfraker	ট্রাকের
helometf	হেলমেট
humkir	হুমকির
humokir	হুমকির
atfkaw	আটকাও
atfokaw	আটকাও
janoi	জানই
patffabe	পাঠাবে
senabahiniir	সেনাবাহিনীর
hisebei	হিসেবেই
pfutfej	ফুটেজ
paudfar	পাউডার
sixhason	সিংহাসন
shktike	শক্তিকে
shoktike	শক্তিকে
hasopataler	হাসপাতালের
tfikote	টিকতে
dfekecfen	ডেকেছেন
bikele	বিকেলে
oporadhiike	অপরাধীকে
dhare	ধারে
grin	গ্রিন
niccfw	নিচ্ছো
rutf	রুট
apfrikar	আফ্রিকার
kqtrim	কৃত্রিম
eigulw	এইগুলো
ruupktha	রূপকথা
ruupoktha	রূপকথা
ruupkotha	রূপকথা
bwjfw	বোঝো
prsarit	প্রসারিত
prosarit	প্রসারিত
kire	কিরে
shan	শান
uttortfa	উত্তরটা
uttorotfa	উত্তরটা
bujfli	বুঝলি
bujfoli	বুঝলি
presar	প্রেসার
shwk	শোক
spes	স্পেস
karkhana	কারখানা
karokhana	কারখানা
cinen	চিনেন
bolna	বলনা
bolona	বলনা
put	পুত
opfisarder	অফিসারদের
opfisaroder	অফিসারদের
hccfw	হচ্ছো
hoccfw	হচ্ছো
dffwka	ঢোকা
ashcrrzjnk	আশ্চর্যজনক
ashcorrzjnk	আশ্চর্যজনক
ashcrrzojnk	আশ্চর্যজনক
ashcrrzjonk	আশ্চর্যজনক
bispfwrnfer	বিস্ফোরণের
bispfwronfer	বিস্ফোরণের
jzaj	জ্যাজ
kise	কিসে
gecfil	গেছিল
laki	লাকি
gvrrnor	গভর্নর
govrrnor	গভর্নর
gvorrnor	গভর্নর
morbi	মরবি
morobi	মরবি
mshiur	মশিউর
moshiur	মশিউর
lz	ল্য
isolam	ইসলাম
gali	গালি
tforas	টরাস
sorpforaj	সরফরাজ
soropforaj	সরফরাজ
crrca	চর্চা
corrca	চর্চা
kzasel	ক্যাসেল
rk	রক
rok	রক
wna	ওনা
rwdf	রোড
tfzangk	ট্যাঙ্ক
gula	গুলা
kraim	ক্রাইম
zuktorasftfrer	যুক্তরাষ্ট্রের
kicene	কিচেনে
cwrer	চোরের
pfzamili	ফ্যামিলি
kinobe	কিনবে
tulw	তুলো
somapt	সমাপ্ত
rannagfor	রান্নাঘর
pqthibiitfa	পৃথিবীটা
bzagins	ব্যাগিন্স
sabas	সাবাস
lwvii	লোভী
bair	বাইর
ekobaroi	একবারই
mondirer	মন্দিরের
kwlwski	কোলোস্কি
cakorir	চাকরির
uporei	উপরেই
bzalthajar	ব্যালথাজার
bzalothajar	ব্যালথাজার
dupurer	দুপুরের
janaben	জানাবেন
shrenfiir	শ্রেণীর
ajebaje	আজেবাজে
griisfmer	গ্রীষ্মের
lekotfar	লেকটার
gusftfi	গুষ্টি
ss	সস
sos	সস
gruper	গ্রুপের
zug	যুগ
valuk	ভালুক
cfuritfa	ছুরিটা
uttm	উত্তম
uttom	উত্তম
koranwr	করানোর
pul	পুল
peli	পেলি
lwkoi	লোকই
pfajlami	ফাজলামি
pfajolami	ফাজলামি
idaniix	ইদানীং
bndiider	বন্দীদের
bondiider	বন্দীদের
bina	বিনা
hou	হউ
stfarrker	স্টার্কের
porinfam	পরিণাম
wsfudher	ওষুধের
dfisk	ডিস্ক
bujfar	বুঝার
nati	নাতি
greis	গ্রেইস
sondhzar	সন্ধ্যার
ceharatfa	চেহারাটা
kftikor	ক্ষতিকর
kfotikor	ক্ষতিকর
kosftfkor	কষ্টকর
kosftfokor	কষ্টকর
korbwna	করবোনা
korobwna	করবোনা
karrzkor	কার্যকর
karrzokor	কার্যকর
khanek	খানেক
pwstf	পোস্ট
vittite	ভিত্তিতে
akare	আকারে
khap	খাপ
prshnoi	প্রশ্নই
proshnoi	প্রশ্নই
cfwtfkhatfw	ছোটখাটো
cfwtfokhatfw	ছোটখাটো
vulw	ভুলো
tap	তাপ
uijli	উইজলি
uijoli	উইজলি
bakse	বাক্সে
prozukti	প্রযুক্তি
ratre	রাত্রে
pfeloben	ফেলবেন
guruji	গুরুজি
gganer	জ্ঞানের
tiire	তীরে
nirrmit	নির্মিত
eh	এহ
sakfor	সাক্ষর
sompadnaoo	সম্পাদনাঃ
sompadonaoo	সম্পাদনাঃ
osohz	অসহ্য
ruupe	রূপে
sabmisiv	সাবমিসিভ
sabomisiv	সাবমিসিভ
rakfs	রাক্ষস
rakfos	রাক্ষস
porimanfe	পরিমাণে
vasfonf	ভাষণ
satotfa	সাতটা
dfigri	ডিগ্রি
eker	একের
etim	এতিম
miliwn	মিলিওন
koli	কলি
bedhe	বেধে
dfl	ডল
dfol	ডল
gftfecfilw	ঘটেছিলো
gfotfecfilw	ঘটেছিলো
jadukorder	জাদুকরদের
jadukoroder	জাদুকরদের
arame	আরামে
angkl	আঙ্কল
angkol	আঙ্কল
kese	কেসে
jiibnozapon	জীবনযাপন
jiibonozapon	জীবনযাপন
banaccfe	বানাচ্ছে
netqtbe	নেতৃত্বে
pfurrti	ফুর্তি
hzal	হ্যাল
katfw	কাটো
manusfotfake	মানুষটাকে
katfanw	কাটানো
inojekshon	ইনজেকশন
inojekoshon	ইনজেকশন
merecfw	মেরেছো
temoni	তেমনি
shimul	শিমুল
lagar	লাগার
mair	মাইর
karrdfer	কার্ডের
acorn	আচরন
acoron	আচরন
etfakei	এটাকেই
jgogu	জগগু
jogogu	জগগু
ovizane	অভিযানে
patffai	পাঠাই
sthgit	স্থগিত
sthogit	স্থগিত
aendf	অ্যান্ড
help	হেল্প
ditei	দিতেই
kendre	কেন্দ্রে
jorimana	জরিমানা
blakoudf	ব্লাকউড
wkhankar	ওখানকার
wkhanokar	ওখানকার
patr	পাত্র
jle	জলে
jole	জলে
tare	তারে
lagena	লাগেনা
sistfeme	সিস্টেমে
cawna	চাওনা
saxgfatik	সাংঘাতিক
bndhn	বন্ধন
bondhn	বন্ধন
bndhon	বন্ধন
tali	তালি
skainetf	স্কাইনেট
tal	তাল
masftfar	মাষ্টার
adalter	আদালতের
adaloter	আদালতের
uposthiti	উপস্থিতি
dfragoner	ড্রাগনের
muskil	মুস্কিল
sistfemer	সিস্টেমের
sxkfipt	সংক্ষিপ্ত
soxkfipt	সংক্ষিপ্ত
shunecfe	শুনেছে
prtizwgii	প্রতিযোগী
protizwgii	প্রতিযোগী
merin	মেরিন
dhape	ধাপে
dwsfarwp	দোষারোপ
gelew	গেলেও
antorik	আন্তরিক
marcfe	মারছে
marocfe	মারছে
ekok	একক
valovabei	ভালভাবেই
ani	আনি
hzanahqq	হ্যানাহ্
hzanahoqq	হ্যানাহ্
jastf	জাস্ট
gonfona	গণনা
zuge	যুগে
asena	আসেনা
jzw	জ্যো
jenecfi	জেনেছি
golpe	গল্পে
hk	হক
hok	হক
akar	আকার
likhit	লিখিত
mitra	মিত্রা
laganwr	লাগানোর
citqqkar	চিত্কার
citoqqkar	চিত্কার
palanw	পালানো
cmke	চমকে
comoke	চমকে
comke	চমকে
cmoke	চমকে
kotkfon	কতক্ষন
kotokfon	কতক্ষন
cakuri	চাকুরি
nevil	নেভিল
pfelolw	ফেললো
calok	চালক
smith	স্মিথ
bolobna	বলবনা
bolobona	বলবনা
kicfudiner	কিছুদিনের
hamptfi	হাম্পটি
hampotfi	হাম্পটি
whe	ওহে
sora	সরা
bodl	বদল
bodol	বদল
siddhanter	সিদ্ধান্তের
atfkanw	আটকানো
atfokanw	আটকানো
rajkumarer	রাজকুমারের
rajokumarer	রাজকুমারের
milsoo	মিলসঃ
milosoo	মিলসঃ
en	এন
parcfna	পারছনা
parocfna	পারছনা
parcfona	পারছনা
mamolar	মামলার
upf	উফ
stfp	স্টপ
stfop	স্টপ
onuposthit	অনুপস্থিত
prtzahar	প্রত্যাহার
protzahar	প্রত্যাহার
glindfa	গ্লিন্ডা
jema	জেমা
gwlapi	গোলাপি
pfain	ফাইন
lagcfena	লাগছেনা
lagocfena	লাগছেনা
vebecfil	ভেবেছিল
hadfson	হাডসন
hadfoson	হাডসন
pmfcm	পঞ্চম
pomfcm	পঞ্চম
pmfcom	পঞ্চম
matrar	মাত্রার
bzager	ব্যাগের
komoi	কমই
buxdfx	বুংডং
buxdfox	বুংডং
oporadhiira	অপরাধীরা
tfzatfu	ট্যাটু
durrg	দুর্গ
madhzmei	মাধ্যমেই
madhzomei	মাধ্যমেই
pfranse	ফ্রান্সে
hira	হিরা
tfresarektf	ট্রেসারেক্ট
las	লাস
ponir	পনির
jetf	জেট
lein	লেইন
valobasen	ভালবাসেন
jzaketf	জ্যাকেট
tfempletfn	টেমপ্লেটন
tfemopletfn	টেমপ্লেটন
tfempletfon	টেমপ্লেটন
rshi	রশি
roshi	রশি
ava	আভা
korna	করনা
korona	করনা
bins	বিন্স
onrrthk	অনর্থক
onorrthk	অনর্থক
onrrthok	অনর্থক
zetfate	যেটাতে
stfarrtf	স্টার্ট
lwkosan	লোকসান
takabe	তাকাবে
sundorvabe	সুন্দরভাবে
sundorovabe	সুন্দরভাবে
gfwrapfera	ঘোরাফেরা
jagw	জাগো
hahqq	হাহ্
hahoqq	হাহ্
sthl	স্থল
sthol	স্থল
komti	কমতি
komoti	কমতি
okft	অক্ষত
okfot	অক্ষত
giitar	গীতার
cakurii	চাকুরী
citr	চিত্র
tfarrs	টার্স
vuloben	ভুলবেন
akforik	আক্ষরিক
vitorei	ভিতরেই
sarite	সারিতে
sokole	সকলে
asotecfi	আসতেছি
jbinoder	জ্বিনদের
nirrjn	নির্জন
nirrjon	নির্জন
cintavabna	চিন্তাভাবনা
cintavabona	চিন্তাভাবনা
pzariser	প্যারিসের
deshke	দেশকে
deshoke	দেশকে
otiite	অতীতে
tinobar	তিনবার
sxsthar	সংস্থার
soxsthar	সংস্থার
bikrir	বিক্রির
gluvar	গ্লুভার
rasftfrpoti	রাষ্ট্রপতি
rasftfropoti	রাষ্ট্রপতি
tfomas	টমাস
pranfiider	প্রাণীদের
ascfil	আসছিল
asocfil	আসছিল
shisfz	শিষ্য
srepf	স্রেফ
manocfi	মানছি
shekhan	শেখান
ciina	চীনা
shilp	শিল্প
prrbte	পর্বতে
porrbte	পর্বতে
prrbote	পর্বতে
melate	মেলাতে
klik	ক্লিক
seven	সেভেন
bzandf	ব্যান্ড
ksi	ক্সি
mwtabek	মোতাবেক
senapoti	সেনাপতি
jiuser	জিউসের
bimaner	বিমানের
montobz	মন্তব্য
jwsh	জোশ
minamma	মিনাম্মা
bajate	বাজাতে
dadii	দাদী
lndfner	লন্ডনের
londfner	লন্ডনের
lndfoner	লন্ডনের
twirir	তৈরির
manobojati	মানবজাতি
vabole	ভাবলে
rwmer	রোমের
khwdai	খোদাই
twmara	তোমারা
mw	মো
saitf	সাইট
dfzudf	ড্যুড
cmk	চমক
comok	চমক
comk	চমক
cmok	চমক
potit	পতিত
calai	চালাই
totkfonfe	ততক্ষণে
totokfonfe	ততক্ষণে
sotota	সততা
pfirecfe	ফিরেছে
brijer	ব্রিজের
bwidzutik	বৈদ্যুতিক
pret	প্রেত
kolar	কলার
elijabeth	এলিজাবেথ
poritzkt	পরিত্যক্ত
poritzokt	পরিত্যক্ত
oshru	অশ্রু
tatei	তাতেই
ruupantorit	রূপান্তরিত
nitei	নিতেই
tarow	তারও
ctur	চতুর
cotur	চতুর
jzakob	জ্যাকব
lup	লুপ
nambarer	নাম্বারের
zntrnfavwg	যন্ত্রণাভোগ
zontrnfavwg	যন্ত্রণাভোগ
zntronfavwg	যন্ত্রণাভোগ
sohjvabe	সহজভাবে
sohojovabe	সহজভাবে
sohojvabe	সহজভাবে
sohjovabe	সহজভাবে
kajgulw	কাজগুলো
kajogulw	কাজগুলো
gzarej	গ্যারেজ
kajtfi	কাজটি
kajotfi	কাজটি
ahban	আহ্বান
mwtfw	মোটো
nap	নাপ
reiven	রেইভেন
ricar	রিচার
dhiir	ধীর
dhbxsabshesf	ধ্বংসাবশেষ
dhboxsabshesf	ধ্বংসাবশেষ
dhbxsaboshesf	ধ্বংসাবশেষ
sontanke	সন্তানকে
sontanoke	সন্তানকে
suitf	সুইট
erjnz	এরজন্য
erojnz	এরজন্য
erjonz	এরজন্য
szarer	স্যারের
pnggu	পঙ্গু
ponggu	পঙ্গু
sadhu	সাধু
plzanotfa	প্ল্যানটা
svz	সভ্য
sovz	সভ্য
prarrthnar	প্রার্থনার
prarrthonar	প্রার্থনার
siil	সীল
bzbharer	ব্যবহারের
bzobharer	ব্যবহারের
bzboharer	ব্যবহারের
bztikrm	ব্যতিক্রম
bzotikrm	ব্যতিক্রম
bztikrom	ব্যতিক্রম
sapfolzer	সাফল্যের
anugtz	আনুগত্য
anugotz	আনুগত্য
aemerikan	অ্যামেরিকান
dhorb	ধরব
dhorob	ধরব
wrrb	ওর্ব
spsftfvabe	স্পষ্টভাবে
sposftfvabe	স্পষ্টভাবে
spsftfovabe	স্পষ্টভাবে
ektha	একথা
ekotha	একথা
zdina	যদিনা
zodina	যদিনা
bravw	ব্রাভো
airin	আইরিন
meil	মেইল
kzandfi	ক্যান্ডি
hakan	হাকান
jentflomen	জেন্টলমেন
jentfolomen	জেন্টলমেন
bzpare	ব্যপারে
bzopare	ব্যপারে
rumtfa	রুমটা
rumotfa	রুমটা
caib	চাইব
etotfai	এতটাই
citf	চিট
jarj	জারজ
jaroj	জারজ
gobesfonfar	গবেষণার
bujfben	বুঝবেন
bujfoben	বুঝবেন
hajarw	হাজারো
pfeltam	ফেলতাম
pfelotam	ফেলতাম
bwjfanwr	বোঝানোর
knars	কনারস
konaros	কনারস
konars	কনারস
knaros	কনারস
pfrij	ফ্রিজ
kintoufuf	কিন্তুু
sadik	সাদিক
pfupfa	ফুফা
harrdf	হার্ড
meridfa	মেরিডা
megfer	মেঘের
pacar	পাচার
somarsetfoo	সমারসেটঃ
somarosetfoo	সমারসেটঃ
hzans	হ্যান্স
onumit	অনুমিত
cfeletfike	ছেলেটিকে
cenj	চেঞ্জ
karrtf	কার্ট
valobasobe	ভালবাসবে
shutfix	শুটিং
nioosngg	নিঃসঙ্গ
nioosongg	নিঃসঙ্গ
thamabe	থামাবে
emoeloe	এমএলএ
utffl	উঠল
utffol	উঠল
stor	স্তর
unmukt	উন্মুক্ত
swpfi	সোফি
makhn	মাখন
makhon	মাখন
dhorecfilam	ধরেছিলাম
prwgramer	প্রোগ্রামের
prbahit	প্রবাহিত
probahit	প্রবাহিত
nacobe	নাচবে
ashepasher	আশেপাশের
karwr	কারোর
akosmik	আকস্মিক
birt	বিরত
birot	বিরত
mwtfei	মোটেই
harli	হারলি
haroli	হারলি
nojordari	নজরদারি
nojorodari	নজরদারি
pfrans	ফ্রান্স
dfakat	ডাকাত
morb	মরব
morob	মরব
kzarl	ক্যারল
kzarol	ক্যারল
pet	পেত
zarai	যারাই
bagfer	বাঘের
hstantor	হস্তান্তর
hostantor	হস্তান্তর
pakistan	পাকিস্তান
bzktigtvabe	ব্যক্তিগতভাবে
bzoktigtvabe	ব্যক্তিগতভাবে
bzktigotvabe	ব্যক্তিগতভাবে
bzktigtovabe	ব্যক্তিগতভাবে
suli	সুলি
esei	এসেই
jldiif	জলদিই
jolodiif	জলদিই
joldiif	জলদিই
jlodiif	জলদিই
biler	বিলের
merecfil	মেরেছিল
shikari	শিকারি
vulew	ভুলেও
cintaw	চিন্তাও
brrdfen	বর্ডেন
borrdfen	বর্ডেন
khabartfa	খাবারটা
khabarotfa	খাবারটা
kftipuurnf	ক্ষতিপূরণ
kfotipuurnf	ক্ষতিপূরণ
kftipuuronf	ক্ষতিপূরণ
wpashe	ওপাশে
babol	বাবল
bkse	বক্সে
bokse	বক্সে
gfumwte	ঘুমোতে
mui	মুই
u	উ
oncle	অঞ্চলে
oncole	অঞ্চলে
armv	আরম্ভ
aromv	আরম্ভ
sethu	সেথু
karrtfar	কার্টার
swhag	সোহাগ
twif	তোই
cekhe	চেখে
anand	আনান্দ
gfeu	ঘেউ
sarrviser	সার্ভিসের
bivkt	বিভক্ত
bivokt	বিভক্ত
kauntf	কাউন্ট
patla	পাতলা
patola	পাতলা
akqti	আকৃতি
iurw	ইউরো
sbrrnfer	স্বর্ণের
sborrnfer	স্বর্ণের
tfake	টাকে
harabw	হারাবো
korabe	করাবে
prcesftfa	প্রচেষ্টা
procesftfa	প্রচেষ্টা
vorpur	ভরপুর
voropur	ভরপুর
jblcfe	জ্বলছে
jbolcfe	জ্বলছে
jblocfe	জ্বলছে
valwbasotw	ভালোবাসতো
sobtheke	সবথেকে
sobotheke	সবথেকে
porerbar	পরেরবার
porerobar	পরেরবার
dompti	দম্পতি
dompoti	দম্পতি
tottb	তত্ত্ব
rwdfs	রোডস
rwdfos	রোডস
normal	নরমাল
noromal	নরমাল
kortecfi	করতেছি
korotecfi	করতেছি
gfurw	ঘুরো
parwni	পারোনি
janlam	জানলাম
janolam	জানলাম
trishuul	ত্রিশূল
lagolam	লাগলাম
zfaxgw	্যাংগো
dhzan	ধ্যান
sunam	সুনাম
nake	নাকে
shix	শিং
tfrip	ট্রিপ
gacftfa	গাছটা
gacfotfa	গাছটা
rwbtfer	রোবটের
rwbotfer	রোবটের
aeleks	অ্যালেক্স
cule	চুলে
beshir	বেশির
sekshon	সেকশন
sekoshon	সেকশন
shhorke	শহরকে
shohorke	শহরকে
shhoroke	শহরকে
porbrrtiite	পরবর্তীতে
porobrrtiite	পরবর্তীতে
porborrtiite	পরবর্তীতে
somobedna	সমবেদনা
somobedona	সমবেদনা
sva	সভা
sova	সভা
parni	পারনি
paroni	পারনি
pak	পাক
t	ত
calaccfi	চালাচ্ছি
hxkx	হংকং
hoxkx	হংকং
hxkox	হংকং
gonfesh	গণেশ
houk	হউক
kik	কিক
tas	তাস
beshiirvag	বেশীরভাগ
beshiirovag	বেশীরভাগ
pashapashi	পাশাপাশি
gftfeni	ঘটেনি
gfotfeni	ঘটেনি
koriw	করিও
jbalani	জ্বালানি
kamai	কামাই
pflin	ফ্লিন
binamuulze	বিনামূল্যে
kwmol	কোমল
mishel	মিশেল
boddh	বদ্ধ
valobasote	ভালবাসতে
opareshoner	অপারেশনের
hiseb	হিসেব
raipfel	রাইফেল
kukhzat	কুখ্যাত
tuccf	তুচ্ছ
begunii	বেগুনী
osubidha	অসুবিধা
pfrrdf	ফর্ড
pforrdf	ফর্ড
iccfar	ইচ্ছার
elarrm	এলার্ম
caitw	চাইতো
norker	নরকের
noroker	নরকের
bhudin	বহুদিন
bohudin	বহুদিন
dloke	দলকে
doloke	দলকে
saidf	সাইড
oncler	অঞ্চলের
oncoler	অঞ্চলের
likhecfi	লিখেছি
caccfil	চাচ্ছিল
kftigrst	ক্ষতিগ্রস্ত
kfotigrst	ক্ষতিগ্রস্ত
kftigrost	ক্ষতিগ্রস্ত
prwgrame	প্রোগ্রামে
grag	গ্রাগ
erpore	এরপরে
eropore	এরপরে
braun	ব্রাউন
deher	দেহের
bidzman	বিদ্যমান
bidzoman	বিদ্যমান
bolena	বলেনা
jindabad	জিন্দাবাদ
kastfmar	কাস্টমার
kastfomar	কাস্টমার
cacatw	চাচাতো
pin	পিন
shredfar	শ্রেডার
abisfkqt	আবিষ্কৃত
prwpfail	প্রোফাইল
maner	মানের
torngg	তরঙ্গ
torongg	তরঙ্গ
camc	চামচ
camoc	চামচ
pfesobuke	ফেসবুকে
baccakacca	বাচ্চাকাচ্চা
sornjam	সরঞ্জাম
soronjam	সরঞ্জাম
mathamwtfa	মাথামোটা
jbiin	জ্বীন
diten	দিতেন
pfrrm	ফর্ম
pforrm	ফর্ম
shikagw	শিকাগো
lashtfa	লাশটা
lashotfa	লাশটা
khal	খাল
valwbese	ভালোবেসে
korcfena	করছেনা
korocfena	করছেনা
kompiutfarer	কম্পিউটারের
dffal	ঢাল
barrgar	বার্গার
keji	কেজি
poridrrshon	পরিদর্শন
poridorrshon	পরিদর্শন
nahqq	নাহ্
nahoqq	নাহ্
bndhugonf	বন্ধুগণ
bondhugonf	বন্ধুগণ
bidrwhii	বিদ্রোহী
sapfolz	সাফল্য
poritzag	পরিত্যাগ
pwlapan	পোলাপান
tlob	তলব
tolob	তলব
tfakaroo	টাকারঃ
alinggn	আলিঙ্গন
alinggon	আলিঙ্গন
bici	বিচি
vzatfikzan	ভ্যাটিক্যান
kkf	কক্ষ
kokf	কক্ষ
witw	ঐতো
dhwirrzz	ধৈর্য্য
jamatfa	জামাটা
vebecfe	ভেবেছে
sxshwdhon	সংশোধন
soxshwdhon	সংশোধন
ajoi	আজই
khwsh	খোশ
etotfuku	এতটুকু
shikhate	শিখাতে
haujer	হাউজের
samal	সামাল
gustwr	গুস্তোর
dupure	দুপুরে
zwgazwger	যোগাযোগের
dubar	দুবার
pfredfi	ফ্রেডি
haramii	হারামী
soni	সনি
karen	কারেন
samar	সামার
shila	শিলা
shwnen	শোনেন
dfwj	ডোজ
spaidfar	স্পাইডার
khzati	খ্যাতি
hi	হি
klaser	ক্লাসের
pulishora	পুলিশরা
nizukt	নিযুক্ত
wli	ওলি
saxbadik	সাংবাদিক
pfzan	ফ্যান
parrtf	পার্ট
benji	বেঞ্জি
wlek	ওলেক
dekhval	দেখভাল
dekhoval	দেখভাল
gfonisftff	ঘনিষ্ঠ
moira	মইরা
clapfera	চলাফেরা
colapfera	চলাফেরা
atmake	আত্মাকে
pfwuj	ফৌজ
jitecfe	জিতেছে
belor	বেলর
pfransis	ফ্রান্সিস
tinojner	তিনজনের
tinojoner	তিনজনের
shesfomesh	শেষমেশ
muhurrt	মুহুর্ত
huiski	হুইস্কি
mstisfke	মস্তিষ্কে
mostisfke	মস্তিষ্কে
twmoraw	তোমরাও
aerwra	অ্যারোরা
oporadhe	অপরাধে
bibqti	বিবৃতি
hatfu	হাটু
sigonal	সিগনাল
morei	মরেই
pfirdaus	ফিরদাউস
pfirodaus	ফিরদাউস
dbiiper	দ্বীপের
acar	আচার
mkkel	মক্কেল
mokkel	মক্কেল
lwhar	লোহার
dffele	ঢেলে
sdszder	সদস্যদের
sodszder	সদস্যদের
sdoszder	সদস্যদের
sdszoder	সদস্যদের
tfenshon	টেনশন
tfenoshon	টেনশন
etfiif	এটিই
pflzatfe	ফ্ল্যাটে
ostrtfa	অস্ত্রটা
ostrotfa	অস্ত্রটা
khushite	খুশিতে
imarjensi	ইমারজেন্সি
imarojensi	ইমারজেন্সি
temonoi	তেমনই
likhecfen	লিখেছেন
jesas	জেসাস
cfagoler	ছাগলের
jnmdine	জন্মদিনে
jonmdine	জন্মদিনে
jnmodine	জন্মদিনে
punoruddhar	পুনরুদ্ধার
tarporoi	তারপরই
taroporoi	তারপরই
ixlzandfer	ইংল্যান্ডের
bngganubade	বঙ্গানুবাদে
bongganubade	বঙ্গানুবাদে
skarletf	স্কারলেট
skaroletf	স্কারলেট
zaccfile	যাচ্ছিলে
vabcfis	ভাবছিস
vabocfis	ভাবছিস
kwrwna	কোরোনা
mishoner	মিশনের
cekotfa	চেকটা
mqtder	মৃতদের
mqtoder	মৃতদের
ogrsor	অগ্রসর
ogrosor	অগ্রসর
utffecfi	উঠেছি
nirrvorshiil	নির্ভরশীল
nirrvoroshiil	নির্ভরশীল
bsar	বসার
bosar	বসার
orrthe	অর্থে
bishlesfonf	বিশ্লেষণ
duijner	দুইজনের
duijoner	দুইজনের
sobshesfe	সবশেষে
soboshesfe	সবশেষে
bishesfvabe	বিশেষভাবে
bishesfovabe	বিশেষভাবে
alii	আলী
zamu	যামু
swikote	সৈকতে
pfu	ফু
elen	এলেন
pfarrm	ফার্ম
parcfis	পারছিস
parocfis	পারছিস
ved	ভেদ
namar	নামার
janab	জানাব
gras	গ্রাস
osomman	অসম্মান
caiben	চাইবেন
shtrura	শত্রুরা
shotrura	শত্রুরা
dekhwni	দেখোনি
tfanote	টানতে
nirrbacne	নির্বাচনে
nirrbacone	নির্বাচনে
bsi	বসি
bosi	বসি
grutf	গ্রুট
tfwp	টোপ
bolotfa	বলটা
shwnaw	শোনাও
bacfara	বাছারা
nis	নিস
mwulik	মৌলিক
puujar	পূজার
mwtfor	মোটর
rul	রুল
jler	জলের
joler	জলের
pwucfate	পৌছাতে
vaboben	ভাববেন
poli	পলি
prtzekdin	প্রত্যেকদিন
protzekdin	প্রত্যেকদিন
prtzekodin	প্রত্যেকদিন
buddha	বুদ্ধা
snwdfen	স্নোডেন
aetfak	অ্যাটাক
n	ন
kfetr	ক্ষেত্র
dharnai	ধারনাই
dharonai	ধারনাই
zntrtfa	যন্ত্রটা
zontrtfa	যন্ত্রটা
zntrotfa	যন্ত্রটা
kiirkom	কীরকম
kiirokom	কীরকম
khamar	খামার
ragii	রাগী
amen	আমেন
muulze	মূল্যে
oxshgrhonf	অংশগ্রহণ
oxshogrhonf	অংশগ্রহণ
oxshgrohonf	অংশগ্রহণ
brekpfastf	ব্রেকফাস্ট
brekopfastf	ব্রেকফাস্ট
nkftr	নক্ষত্র
nokftr	নক্ষত্র
nkfotr	নক্ষত্র
bicarker	বিচারকের
bicaroker	বিচারকের
diccfis	দিচ্ছিস
jahajtfa	জাহাজটা
jahajotfa	জাহাজটা
czan	চ্যান
cuktir	চুক্তির
aisokrim	আইসক্রিম
dkftar	দক্ষতার
dokftar	দক্ষতার
dkfotar	দক্ষতার
map	মাপ
prrbter	পর্বতের
porrbter	পর্বতের
prrboter	পর্বতের
kicfukfon	কিছুক্ষন
pfelt	ফেলত
pfelot	ফেলত
pfix	ফিং
parlei	পারলেই
parolei	পারলেই
bishbasozwgz	বিশ্বাসযোগ্য
somadhi	সমাধি
leg	লেগ
eni	এনি
dfistfarrb	ডিস্টার্ব
pwucfte	পৌছতে
pwucfote	পৌছতে
dhorcfe	ধরছে
dhorocfe	ধরছে
pflwr	ফ্লোর
koborer	কবরের
bacs	বাচস
bacos	বাচস
jigu	জিগু
oneker	অনেকের
sobcaite	সবচাইতে
sobocaite	সবচাইতে
trutfi	ত্রুটি
utffle	উঠলে
utffole	উঠলে
poricalok	পরিচালক
mahomud	মাহমুদ
polisi	পলিসি
banfii	বাণী
maindf	মাইন্ড
tfzur	ট্যুর
meshinotfa	মেশিনটা
uniif	উনিই
pfiuri	ফিউরি
pfalaw	ফালাও
siimit	সীমিত
dekhbi	দেখবি
dekhobi	দেখবি
pw	পো
karagar	কারাগার
cfdmbesh	ছদ্মবেশ
cfodmbesh	ছদ্মবেশ
cfdmobesh	ছদ্মবেশ
lancer	লাঞ্চের
ullas	উল্লাস
prtivaban	প্রতিভাবান
protivaban	প্রতিভাবান
mqtzudnfdf	মৃত্যুদণ্ড
mqtzudonfdf	মৃত্যুদণ্ড
spiidf	স্পীড
eli	এলি
patar	পাতার
seth	সেথ
czanselor	চ্যান্সেলর
aelobi	অ্যালবি
scl	সচল
socol	সচল
socl	সচল
scol	সচল
kpfin	কফিন
kopfin	কফিন
min	মিন
htew	হতেও
hotew	হতেও
kajkrrm	কাজকর্ম
kajokrrm	কাজকর্ম
kajkorrm	কাজকর্ম
saijer	সাইজের
agomon	আগমন
kaunsil	কাউন্সিল
sftfeshone	ষ্টেশনে
gfon	ঘন
retf	রেট
nicei	নিচেই
misqq	মিস্
misoqq	মিস্
pfelecfilw	ফেলেছিলো
tfaigar	টাইগার
gile	গিলে
kedfa	কেডা
uish	উইশ
ix	ইং
cait	চাইত
muulzhiin	মূল্যহীন
muulzohiin	মূল্যহীন
bisrrjn	বিসর্জন
bisorrjn	বিসর্জন
bisrrjon	বিসর্জন
badamii	বাদামী
calabw	চালাবো
poribesher	পরিবেশের
zetfai	যেটাই
piramidf	পিরামিড
rwmans	রোমান্স
sarrj	সার্জ
pfr	ফ্র
baser	বাসের
jfuki	ঝুকি
stfraikar	স্ট্রাইকার
porikolpnar	পরিকল্পনার
porikolponar	পরিকল্পনার
akqsftf	আকৃষ্ট
mahima	মাহিমা
shunocfe	শুনছে
srsftfa	স্রষ্টা
srosftfa	স্রষ্টা
prtibndhii	প্রতিবন্ধী
protibndhii	প্রতিবন্ধী
prtibondhii	প্রতিবন্ধী
alaikum	আলাইকুম
wgulwr	ওগুলোর
shhortfa	শহরটা
shohortfa	শহরটা
shhorotfa	শহরটা
swuvagzer	সৌভাগ্যের
salad	সালাদ
kobir	কবির
belun	বেলুন
knpfarens	কনফারেন্স
konpfarens	কনফারেন্স
knopfarens	কনফারেন্স
abiskar	আবিস্কার
sektfor	সেক্টর
tffatftfa	ঠাট্টা
mwlok	মোলক
krwdh	ক্রোধ
pfusopfus	ফুসফুস
ashepashei	আশেপাশেই
oztha	অযথা
ozotha	অযথা
veste	ভেস্তে
monib	মনিব
dwsfotfa	দোষটা
seksi	সেক্সি
cwif	চোই
kili	কিলি
bagane	বাগানে
vart	ভারত
varot	ভারত
tfe	টে
pardrrshii	পারদর্শী
parodrrshii	পারদর্শী
pardorrshii	পারদর্শী
sokoloke	সকলকে
marbi	মারবি
marobi	মারবি
mshkora	মশকরা
moshkora	মশকরা
mshokora	মশকরা
dekhenoni	দেখেননি
taka	তাকা
risarrc	রিসার্চ
bzatf	ব্যাট
potfvuumi	পটভূমি
potfovuumi	পটভূমি
siimana	সীমানা
somkamii	সমকামী
somokamii	সমকামী
amontrn	আমন্ত্রন
amontron	আমন্ত্রন
krme	ক্রমে
krome	ক্রমে
puurrber	পূর্বের
dhorecfil	ধরেছিল
suspsftf	সুস্পষ্ট
susposftf	সুস্পষ্ট
ovabe	অভাবে
karbar	কারবার
karobar	কারবার
shzampen	শ্যাম্পেন
alamt	আলামত
alamot	আলামত
ekoivabe	একইভাবে
pwka	পোকা
srrbtr	সর্বত্র
sorrbtr	সর্বত্র
srrbotr	সর্বত্র
airis	আইরিস
kntff	কন্ঠ
kontff	কন্ঠ
sotzta	সত্যতা
sotzota	সত্যতা
dfm	ডম
dfom	ডম
gole	গলে
edfmondf	এডমন্ড
edfomondf	এডমন্ড
malar	মালার
pakka	পাক্কা
vije	ভিজে
intfarnetfe	ইন্টারনেটে
intfaronetfe	ইন্টারনেটে
khwjar	খোজার
dffukole	ঢুকলে
metfrw	মেট্রো
prrb	পর্ব
porrb	পর্ব
tarikhe	তারিখে
ohxkarii	অহংকারী
ohoxkarii	অহংকারী
ovdr	অভদ্র
ovodr	অভদ্র
pesha	পেশা
caicfil	চাইছিল
perecfilam	পেরেছিলাম
samrajzer	সাম্রাজ্যের
dfakatir	ডাকাতির
hani	হানি
msqnf	মসৃণ
mosqnf	মসৃণ
cakor	চাকর
parpfium	পারফিউম
paropfium	পারফিউম
grenedf	গ্রেনেড
laiv	লাইভ
khulole	খুললে
tarer	তারের
bidhoba	বিধবা
shamil	শামিল
kfipt	ক্ষিপ্ত
shunani	শুনানি
haran	হারান
patffab	পাঠাব
ciin	চীন
htasha	হতাশা
hotasha	হতাশা
vanuke	ভানুকে
kolpnaw	কল্পনাও
kolponaw	কল্পনাও
prshikfit	প্রশিক্ষিত
proshikfit	প্রশিক্ষিত
natasha	নাতাশা
dfrakula	ড্রাকুলা
navwrski	নাভোরস্কি
navwroski	নাভোরস্কি
sshstr	সশস্ত্র
soshstr	সশস্ত্র
sshostr	সশস্ত্র
bktqta	বক্তৃতা
boktqta	বক্তৃতা
bqtha	বৃথা
porinot	পরিনত
sommt	সম্মত
sommot	সম্মত
riiti	রীতি
sohozwgii	সহযোগী
wtffaw	ওঠাও
bolenoni	বলেননি
vabtei	ভাবতেই
vabotei	ভাবতেই
eic	এইচ
karpv	কারপভ
karopov	কারপভ
karopv	কারপভ
karpov	কারপভ
spftfik	স্ফটিক
spfotfik	স্ফটিক
bujfbw	বুঝবো
bujfobw	বুঝবো
bsecfe	বসেছে
bosecfe	বসেছে
patffaccfe	পাঠাচ্ছে
khejur	খেজুর
dfijitfal	ডিজিটাল
manobe	মানবে
etfir	এটির
mein	মেইন
prarrthii	প্রার্থী
onggiikar	অঙ্গীকার
manusfotfar	মানুষটার
biskutf	বিস্কুট
kompiutfare	কম্পিউটারে
prtark	প্রতারক
protark	প্রতারক
prtarok	প্রতারক
pdatik	পদাতিক
podatik	পদাতিক
gibs	গিবস
gibos	গিবস
salahqq	সালাহ্
salahoqq	সালাহ্
bolwna	বলোনা
sobgulwif	সবগুলোই
sobogulwif	সবগুলোই
clcfil	চলছিল
colcfil	চলছিল
clocfil	চলছিল
khujcfe	খুজছে
khujocfe	খুজছে
dekhaccf	দেখাচ্ছ
thakotei	থাকতেই
shrmikder	শ্রমিকদের
shromikder	শ্রমিকদের
shrmikoder	শ্রমিকদের
kram	ক্রাম
sxgram	সংগ্রাম
soxgram	সংগ্রাম
bali	বালি
cfioo	ছিঃ
soite	সইতে
aijzak	আইজ্যাক
rekha	রেখা
ogni	অগ্নি
shtruta	শত্রুতা
shotruta	শত্রুতা
pals	পালস
palos	পালস
eris	এরিস
sxkrant	সংক্রান্ত
soxkrant	সংক্রান্ত
brash	ব্রাশ
shiitl	শীতল
shiitol	শীতল
dhonuk	ধনুক
bolcfilen	বলছিলেন
bolocfilen	বলছিলেন
pengguin	পেঙ্গুইন
krrtqpkfer	কর্তৃপক্ষের
korrtqpkfer	কর্তৃপক্ষের
krrtqpokfer	কর্তৃপক্ষের
krrm	কর্ম
korrm	কর্ম
pfzaris	ফ্যারিস
minar	মিনার
hoitacfe	হইতাছে
oji	অজি
baccatfar	বাচ্চাটার
klimens	ক্লিমেন্স
moli	মলি
samprtik	সাম্প্রতিক
samprotik	সাম্প্রতিক
ckkor	চক্কর
cokkor	চক্কর
arrmir	আর্মির
adorer	আদরের
klangk	ক্লাঙ্ক
skar	স্কার
obzaht	অব্যাহত
obzahot	অব্যাহত
bouke	বউকে
zuddhkfetre	যুদ্ধক্ষেত্রে
zuddhokfetre	যুদ্ধক্ষেত্রে
auc	আউচ
apu	আপু
wm	ওম
azfmon	আ্যমন
azfomon	আ্যমন
jlhstii	জলহস্তী
jolhstii	জলহস্তী
jlohstii	জলহস্তী
jlhostii	জলহস্তী
shairn	শাইরন
shairon	শাইরন
tfrai	ট্রাই
erkomtfa	এরকমটা
erokomtfa	এরকমটা
erkomotfa	এরকমটা
atshobaji	আতশবাজি
atoshobaji	আতশবাজি
apfrika	আফ্রিকা
jzaker	জ্যাকের
rilaks	রিলাক্স
mzanej	ম্যানেজ
pde	পদে
pode	পদে
thakolam	থাকলাম
prtidbndbii	প্রতিদ্বন্দ্বী
protidbndbii	প্রতিদ্বন্দ্বী
prtidbondbii	প্রতিদ্বন্দ্বী
gftfnasthle	ঘটনাস্থলে
gfotfnasthle	ঘটনাস্থলে
gftfonasthle	ঘটনাস্থলে
gftfnasthole	ঘটনাস্থলে
sitfite	সিটিতে
cip	চিপ
susan	সুসান
bishesftb	বিশেষত্ব
bishesfotb	বিশেষত্ব
sentfar	সেন্টার
ranfiir	রাণীর
rhomt	রহমত
rohomot	রহমত
rohomt	রহমত
rhomot	রহমত
hantf	হান্ট
snggiit	সঙ্গীত
songgiit	সঙ্গীত
intfarviu	ইন্টারভিউ
intfaroviu	ইন্টারভিউ
caper	চাপের
kn	কন
kon	কন
paundfer	পাউন্ডের
atngkit	আতঙ্কিত
atongkit	আতঙ্কিত
hixsa	হিংসা
intfarestfix	ইন্টারেস্টিং
obsthit	অবস্থিত
obosthit	অবস্থিত
sboruup	স্বরূপ
tfeknwlji	টেকনোলজি
tfekonwlji	টেকনোলজি
tfeknwloji	টেকনোলজি
potfarer	পটারের
prtisftffa	প্রতিষ্ঠা
protisftffa	প্রতিষ্ঠা
kwnotfi	কোনটি
mamuli	মামুলি
mauntfen	মাউন্টেন
mudf	মুড
arrk	আর্ক
sujan	সুজান
kwmor	কোমর
tfiurix	টিউরিং
d	দ
ivi	ইভি
stfrrm	স্টর্ম
stforrm	স্টর্ম
sijar	সিজার
dhatur	ধাতুর
palish	পালিশ
karkhanar	কারখানার
karokhanar	কারখানার
mwkabila	মোকাবিলা
rikhtfar	রিখটার
rikhotfar	রিখটার
egwte	এগোতে
zthazth	যথাযথ
zothazth	যথাযথ
zthazoth	যথাযথ
lx	লং
lox	লং
cailei	চাইলেই
iunaitfedf	ইউনাইটেড
munapfa	মুনাফা
gfqna	ঘৃনা
sarrkaser	সার্কাসের
ekshw	একশো
ekoshw	একশো
saheber	সাহেবের
shesfoprrznt	শেষপর্যন্ত
shesfoporrznt	শেষপর্যন্ত
shesfoprrzont	শেষপর্যন্ত
temonotfa	তেমনটা
sbrrnf	স্বর্ণ
sborrnf	স্বর্ণ
prdrrshoniir	প্রদর্শনীর
prodrrshoniir	প্রদর্শনীর
prdorrshoniir	প্রদর্শনীর
mhamarii	মহামারী
mohamarii	মহামারী
mzatf	ম্যাট
vege	ভেগে
gwldf	গোল্ড
mhilatfa	মহিলাটা
mohilatfa	মহিলাটা
obceton	অবচেতন
oboceton	অবচেতন
pqthk	পৃথক
pqthok	পৃথক
bejnma	বেজন্মা
bejonma	বেজন্মা
bistar	বিস্তার
visa	ভিসা
hobi	হবি
grik	গ্রিক
dfangka	ডাঙ্কা
indfi	ইন্ডি
acornfer	আচরণের
acoronfer	আচরণের
kolpnar	কল্পনার
kolponar	কল্পনার
apa	আপা
cabir	চাবির
mzalokom	ম্যালকম
korunfa	করুণা
bzapartfai	ব্যাপারটাই
bzaparotfai	ব্যাপারটাই
ostitber	অস্তিত্বের
pfaiv	ফাইভ
kfomaprarrthii	ক্ষমাপ্রার্থী
mzal	ম্যাল
orrther	অর্থের
domon	দমন
jnjal	জঞ্জাল
jonjal	জঞ্জাল
pitfa	পিটা
udarta	উদারতা
udarota	উদারতা
bitf	বিট
cwla	চোলা
negetfiv	নেগেটিভ
porle	পরলে
porole	পরলে
monika	মনিকা
upekfa	উপেক্ষা
cawni	চাওনি
kriitdas	ক্রীতদাস
kriitodas	ক্রীতদাস
shikhbe	শিখবে
shikhobe	শিখবে
peintfix	পেইন্টিং
antf	আন্ট
ekei	একেই
maikrpftf	মাইক্রফট
maikropftf	মাইক্রফট
maikrpfotf	মাইক্রফট
ekosathei	একসাথেই
shahajadi	শাহাজাদি
mhakrrsf	মহাকর্ষ
mohakrrsf	মহাকর্ষ
mhakorrsf	মহাকর্ষ
kalpnik	কাল্পনিক
kalponik	কাল্পনিক
ogradhikar	অগ্রাধিকার
okrrmar	অকর্মার
okorrmar	অকর্মার
marrketf	মার্কেট
dekhecfil	দেখেছিল
prernfa	প্রেরণা
preronfa	প্রেরণা
htwna	হতোনা
hotwna	হতোনা
iccfamt	ইচ্ছামত
iccfamot	ইচ্ছামত
marrtha	মার্থা
gun	গুন
pfeltw	ফেলতো
pfelotw	ফেলতো
axtfir	আংটির
calit	চালিত
prkqtpkfe	প্রকৃতপক্ষে
prokqtpkfe	প্রকৃতপক্ষে
prkqtopkfe	প্রকৃতপক্ষে
prkqtpokfe	প্রকৃতপক্ষে
dfistfriktf	ডিস্ট্রিক্ট
pfauntfen	ফাউন্টেন
rktpat	রক্তপাত
roktpat	রক্তপাত
rktopat	রক্তপাত
dinei	দিনেই
ekfonf	এক্ষণ
ripwrrtfe	রিপোর্টে
dfrak	ড্রাক
susu	সুসু
pfrrmula	ফর্মুলা
pforrmula	ফর্মুলা
caibw	চাইবো
amom	আমম
onzkarw	অন্যকারো
onzokarw	অন্যকারো
hiira	হীরা
kompas	কম্পাস
zwddhar	যোদ্ধার
elwmelw	এলোমেলো
tfanel	টানেল
parar	পারার
bwishisftfz	বৈশিষ্ট্য
tfip	টিপ
hush	হুশ
jzakoson	জ্যাকসন
ovisfek	অভিষেক
prmanfer	প্রমাণের
promanfer	প্রমাণের
hobitf	হবিট
aedfams	অ্যাডামস
aedfamos	অ্যাডামস
piic	পীচ
banab	বানাব
unader	উনাদের
grzantf	গ্র্যান্ট
grrdhob	গর্ধব
gorrdhob	গর্ধব
cfwtfkhatf	ছোটখাট
cfwtfokhatf	ছোটখাট
hedfis	হেডিস
tfime	টিমে
dlneta	দলনেতা
doloneta	দলনেতা
dolneta	দলনেতা
dloneta	দলনেতা
setw	সেতো
halka	হাল্কা
balin	বালিন
enigoma	এনিগমা
jpmala	জপমালা
jopomala	জপমালা
jopmala	জপমালা
jpomala	জপমালা
brrsha	বর্শা
borrsha	বর্শা
jrrdfaner	জর্ডানের
jorrdfaner	জর্ডানের
becari	বেচারি
udvid	উদ্ভিদ
szandfi	স্যান্ডি
upjati	উপজাতি
upojati	উপজাতি
nijekei	নিজেকেই
marrlin	মার্লিন
parenoni	পারেননি
zntrer	যন্ত্রের
zontrer	যন্ত্রের
shute	শুতে
porecf	পরেছ
lwve	লোভে
dffukobe	ঢুকবে
vuul	ভূল
hrrn	হর্ন
horrn	হর্ন
jinisotfar	জিনিসটার
jenaretfor	জেনারেটর
oncl	অঞ্চল
oncol	অঞ্চল
ontrrvukt	অন্তর্ভুক্ত
ontorrvukt	অন্তর্ভুক্ত
sftfeil	ষ্টেইল
oggat	অজ্ঞাত
rehai	রেহাই
ijabel	ইজাবেল
siddharrther	সিদ্ধার্থের
dhon	ধন
thakoten	থাকতেন
lagobei	লাগবেই
ejentfer	এজেন্টের
sommane	সম্মানে
abisfkarer	আবিষ্কারের
bahu	বাহু
shunei	শুনেই
buddhitfa	বুদ্ধিটা
lukwcuri	লুকোচুরি
pshcima	পশ্চিমা
poshcima	পশ্চিমা
maira	মাইরা
prant	প্রান্ত
dekheshune	দেখেশুনে
dffukcfe	ঢুকছে
dffukocfe	ঢুকছে
tfakai	টাকাই
shshsh	শশশ
shoshsh	শশশ
shshosh	শশশ
mzagajin	ম্যাগাজিন
ahare	আহারে
sistfar	সিস্টার
ish	ইশ
siaie	সিআইএ
jblnt	জ্বলন্ত
jbolnt	জ্বলন্ত
jblont	জ্বলন্ত
holi	হলি
assalamu	আসসালামু
asosalamu	আসসালামু
twiriir	তৈরীর
shastir	শাস্তির
kwrrtfer	কোর্টের
pforenosik	ফরেনসিক
lwkjnke	লোকজনকে
lwkojonoke	লোকজনকে
lwkojnke	লোকজনকে
lwkjonke	লোকজনকে
durrbqtt	দুর্বৃত্ত
poribeshon	পরিবেশন
duusfit	দূষিত
pfese	ফেসে
borbad	বরবাদ
borobad	বরবাদ
madarcw	মাদারচো
madarocw	মাদারচো
arwhonf	আরোহণ
drrshkder	দর্শকদের
dorrshkder	দর্শকদের
drrshokder	দর্শকদের
drrshkoder	দর্শকদের
iurwp	ইউরোপ
bzapartfar	ব্যাপারটার
bzaparotfar	ব্যাপারটার
pac	পাচ
cfapa	ছাপা
dftf	ডট
dfotf	ডট
kdom	কদম
kodom	কদম
dekhlw	দেখলো
dekholw	দেখলো
dudher	দুধের
korecfili	করেছিলি
otibahit	অতিবাহিত
mumbai	মুম্বাই
shekhor	শেখর
prtibedn	প্রতিবেদন
protibedn	প্রতিবেদন
prtibedon	প্রতিবেদন
dhulw	ধুলো
rhszer	রহস্যের
rohszer	রহস্যের
rhoszer	রহস্যের
cador	চাদর
tusfar	তুষার
kavar	কাভার
vugte	ভুগতে
vugote	ভুগতে
han	হান
teler	তেলের
bzatfake	ব্যাটাকে
pshcimer	পশ্চিমের
poshcimer	পশ্চিমের
upkuul	উপকূল
upokuul	উপকূল
dekhtew	দেখতেও
dekhotew	দেখতেও
ciine	চীনে
rekhecfilw	রেখেছিলো
tore	তরে
zaba	যাবা
nwtfish	নোটিশ
bws	বোস
kormu	করমু
koromu	করমু
osam	অসাম
prmwshon	প্রমোশন
promwshon	প্রমোশন
obilombe	অবিলম্বে
ovigg	অভিজ্ঞ
gwsftffii	গোষ্ঠী
rki	রকি
roki	রকি
gfwr	ঘোর
nirrbacner	নির্বাচনের
nirrbaconer	নির্বাচনের
harun	হারুন
senader	সেনাদের
mishorer	মিশরের
onutpt	অনুতপ্ত
onutopt	অনুতপ্ত
oshwk	অশোক
kada	কাদা
rakhtam	রাখতাম
rakhotam	রাখতাম
thri	থ্রি
kzameratfa	ক্যামেরাটা
netar	নেতার
deboduut	দেবদূত
lwkotfike	লোকটিকে
vobanii	ভবানী
bacte	বাচতে
bacote	বাচতে
aembulens	অ্যাম্বুলেন্স
rana	রানা
kandf	কান্ড
bamonoder	বামনদের
moruvuumite	মরুভূমিতে
hzarir	হ্যারির
aloga	আলগা
airish	আইরিশ
monwvab	মনোভাব
torun	তরুন
shishuke	শিশুকে
jbalaw	জ্বালাও
prmij	প্রমিজ
promij	প্রমিজ
jihba	জিহ্বা
meksikan	মেক্সিকান
gai	গাই
lapfaw	লাফাও
bod	বদ
pshuder	পশুদের
poshuder	পশুদের
enogejmentf	এনগেজমেন্ট
enogejomentf	এনগেজমেন্ট
sompurrn	সম্পুর্ন
kreta	ক্রেতা
pflaitfe	ফ্লাইটে
zfans	্যান্স
obgt	অবগত
obogot	অবগত
obogt	অবগত
obgot	অবগত
carpasher	চারপাশের
caropasher	চারপাশের
premikar	প্রেমিকার
betoner	বেতনের
cittakrrsfok	চিত্তাকর্ষক
cittakorrsfok	চিত্তাকর্ষক
pfaile	ফাইলে
pforasi	ফরাসি
cwudhurii	চৌধুরী
jmj	জমজ
jomoj	জমজ
jomj	জমজ
jmoj	জমজ
kupfuri	কুফুরি
bojjat	বজ্জাত
khanikotfa	খানিকটা
raniir	রানীর
jnonii	জননী
jononii	জননী
btfei	বটেই
botfei	বটেই
swhel	সোহেল
basinda	বাসিন্দা
bispfwrnfe	বিস্ফোরণে
bispfwronfe	বিস্ফোরণে
tothzer	তথ্যের
karwroi	কারোরই
duurrbol	দূর্বল
zmuna	যমুনা
zomuna	যমুনা
pdtzag	পদত্যাগ
podtzag	পদত্যাগ
pdotzag	পদত্যাগ
dfipfens	ডিফেন্স
rejaltf	রেজাল্ট
pzandfwra	প্যান্ডোরা
shi	শি
kwholi	কোহলি
kzamper	ক্যাম্পের
pfzaktforir	ফ্যাক্টরির
lainotfa	লাইনটা
muvite	মুভিতে
sbvab	স্বভাব
sbovab	স্বভাব
kaka	কাকা
grrber	গর্বের
gorrber	গর্বের
gfwsfona	ঘোষনা
beaini	বেআইনি
pfedfarel	ফেডারেল
khunir	খুনির
bikqt	বিকৃত
grenwli	গ্রেনোলি
sopfoltar	সফলতার
sopfolotar	সফলতার
vegase	ভেগাসে
vuumite	ভূমিতে
store	স্তরে
picfaw	পিছাও
aebi	অ্যাবি
pfircfi	ফিরছি
pfirocfi	ফিরছি
bishbe	বিশ্বে
ihudiir	ইহুদীর
atngk	আতঙ্ক
atongk	আতঙ্ক
pfajil	ফাজিল
pfrai	ফ্রাই
ihudiider	ইহুদীদের
pfita	ফিতা
pfildf	ফিল্ড
jiner	জিনের
rebeka	রেবেকা
asobei	আসবেই
shikare	শিকারে
pranii	প্রানী
apolwdf	আপলোড
etfak	এটাক
onzkwthaw	অন্যকোথাও
onzokwthaw	অন্যকোথাও
sabzst	সাব্যস্ত
sabzost	সাব্যস্ত
gune	গুনে
ri	রি
bzatfomzaner	ব্যাটম্যানের
sixhasone	সিংহাসনে
mortfi	মরটি
morotfi	মরটি
khujcfilam	খুজছিলাম
khujocfilam	খুজছিলাম
kqsfokder	কৃষকদের
kqsfokoder	কৃষকদের
wtw	ওতো
bsoke	বসকে
bosoke	বসকে
pitffa	পিঠা
suparhirw	সুপারহিরো
suparohirw	সুপারহিরো
banalam	বানালাম
shasok	শাসক
sadoman	সাদমান
lipftfer	লিফটের
lipfotfer	লিফটের
dfrags	ড্রাগস
dfragos	ড্রাগস
memar	মেমার
roilam	রইলাম
shzam	শ্যাম
le	লে
bzangker	ব্যাঙ্কের
bedforume	বেডরুমে
cwkhei	চোখেই
selopfwn	সেলফোন
peshadar	পেশাদার
prtzekotfi	প্রত্যেকটি
protzekotfi	প্রত্যেকটি
htobuddhi	হতবুদ্ধি
hotobuddhi	হতবুদ্ধি
duitfi	দুইটি
laga	লাগা
amerikanoder	আমেরিকানদের
kwusholotfa	কৌশলটা
marrla	মার্লা
cwkhgulw	চোখগুলো
cwkhogulw	চোখগুলো
khbore	খবরে
khobore	খবরে
grzadfi	গ্র্যাডি
meshine	মেশিনে
morw	মরো
pran	প্রান
duoosxbad	দুঃসংবাদ
duoosoxbad	দুঃসংবাদ
kabab	কাবাব
guptdhon	গুপ্তধন
guptodhon	গুপ্তধন
tfikotfiki	টিকটিকি
mamolatfa	মামলাটা
nare	নারে
onugt	অনুগত
onugot	অনুগত
lek	লেক
bw	বো
khulcfe	খুলছে
khulocfe	খুলছে
shikhecf	শিখেছ
gecfilw	গেছিলো
kitf	কিট
aila	আইলা
bolidan	বলিদান
srrdar	সর্দার
sorrdar	সর্দার
kwtfipoti	কোটিপতি
otfwgrapf	অটোগ্রাফ
durrge	দুর্গে
kzash	ক্যাশ
kwnwvabe	কোনোভাবে
pranfer	প্রাণের
tfen	টেন
ebarer	এবারের
dusftfumi	দুষ্টুমি
retfix	রেটিং
uurrdhbshbas	ঊর্ধ্বশ্বাস
uurrdhboshbas	ঊর্ধ্বশ্বাস
tarporei	তারপরেই
taroporei	তারপরেই
dhara	ধারা
obzahti	অব্যাহতি
obzahoti	অব্যাহতি
mathabztha	মাথাব্যথা
mathabzotha	মাথাব্যথা
laver	লাভের
thamen	থামেন
pwucfanwr	পৌছানোর
opdarrth	অপদার্থ
opodarrth	অপদার্থ
onlaine	অনলাইনে
onolaine	অনলাইনে
dat	দাত
besobol	বেসবল
pzatfarrn	প্যাটার্ন
onurwdhe	অনুরোধে
gruutf	গ্রূট
duurer	দূরের
duookhe	দুঃখে
eksel	এক্সেল
jnosxkhza	জনসংখ্যা
jonosxkhza	জনসংখ্যা
jnosoxkhza	জনসংখ্যা
nishbas	নিশ্বাস
memori	মেমরি
ascfilam	আসছিলাম
asocfilam	আসছিলাম
buddhir	বুদ্ধির
wrai	ওরাই
dame	দামে
kaunsilor	কাউন্সিলর
dfek	ডেক
denoni	দেননি
keboloi	কেবলই
clobena	চলবেনা
colobena	চলবেনা
bwjfen	বোঝেন
seje	সেজে
otwtfa	অতোটা
lwkgulwr	লোকগুলোর
lwkogulwr	লোকগুলোর
katfcfe	কাটছে
katfocfe	কাটছে
khulob	খুলব
sopfolta	সফলতা
sopfolota	সফলতা
etsob	এতসব
etosob	এতসব
sulivan	সুলিভান
monotfa	মনটা
amded	আমদেদ
amoded	আমদেদ
medfel	মেডেল
mjai	মজাই
mojai	মজাই
alobarrtf	আলবার্ট
hoite	হইতে
koitacfi	কইতাছি
anle	আনলে
anole	আনলে
lzandfn	ল্যান্ডন
lzandfon	ল্যান্ডন
iustfes	ইউস্টেস
voltf	ভল্ট
bikirnf	বিকিরণ
bikironf	বিকিরণ
ohxkar	অহংকার
ohoxkar	অহংকার
dfetfix	ডেটিং
samola	সামলা
torl	তরল
torol	তরল
prwjektf	প্রোজেক্ট
pfak	ফাক
dili	দিলি
clole	চললে
colole	চললে
praim	প্রাইম
pthtfa	পথটা
pothtfa	পথটা
pthotfa	পথটা
prsrab	প্রস্রাব
prosrab	প্রস্রাব
prshant	প্রশান্ত
proshant	প্রশান্ত
snaipar	স্নাইপার
biima	বীমা
swrrs	সোর্স
khwje	খোজে
dhbni	ধ্বনি
dhboni	ধ্বনি
pfastf	ফাস্ট
sabash	সাবাশ
dfentfer	ডেন্টের
bilupt	বিলুপ্ত
muuhurrte	মূহুর্তে
etdine	এতদিনে
etodine	এতদিনে
mortei	মরতেই
morotei	মরতেই
jbalanii	জ্বালানী
prtinidhitb	প্রতিনিধিত্ব
protinidhitb	প্রতিনিধিত্ব
majfamajfi	মাঝামাঝি
dhonz	ধন্য
korbei	করবেই
korobei	করবেই
ograhz	অগ্রাহ্য
sakfater	সাক্ষাতের
rwpnf	রোপণ
rwponf	রোপণ
stfritfe	স্ট্রিটে
shunoben	শুনবেন
anuke	আনুকে
musolim	মুসলিম
medha	মেধা
mmm	ম্মম
mmom	ম্মম
tarar	তারার
apdfetf	আপডেট
apodfetf	আপডেট
bwitffa	বৈঠা
porbw	পরবো
porobw	পরবো
ekda	একদা
ekoda	একদা
rel	রেল
bqkf	বৃক্ষ
iirrsfa	ঈর্ষা
belar	বেলার
pfupfi	ফুফি
sobtfuku	সবটুকু
sobotfuku	সবটুকু
sil	সিল
sather	সাথের
palabe	পালাবে
kinob	কিনব
bodla	বদলা
bodola	বদলা
grini	গ্রিনি
dfkumentf	ডকুমেন্ট
dfokumentf	ডকুমেন্ট
pfajlamw	ফাজলামো
pfajolamw	ফাজলামো
pfwrrdf	ফোর্ড
prtidan	প্রতিদান
protidan	প্রতিদান
helena	হেলেনা
uponibesh	উপনিবেশ
dekhtam	দেখতাম
dekhotam	দেখতাম
milws	মিলোস
arb	আরব
arob	আরব
bip	বিপ
cfelei	ছেলেই
is	ইস
srrbshktiman	সর্বশক্তিমান
sorrbshktiman	সর্বশক্তিমান
srrboshktiman	সর্বশক্তিমান
srrbshoktiman	সর্বশক্তিমান
kwdftfa	কোডটা
kwdfotfa	কোডটা
grupe	গ্রুপে
tfiim	টীম
cailw	চাইলো
marrkar	মার্কার
job	জব
dinow	দিনও
nidrrshon	নিদর্শন
nidorrshon	নিদর্শন
nandu	নান্দু
ogonfit	অগণিত
seitfa	সেইটা
perek	পেরেক
kwnotfai	কোনটাই
caccfis	চাচ্ছিস
pfatfapfatfi	ফাটাফাটি
dwinondin	দৈনন্দিন
lwkotfir	লোকটির
sarrvar	সার্ভার
bsoti	বসতি
bosoti	বসতি
manobik	মানবিক
ekkere	এক্কেরে
nain	নাইন
kixbodntii	কিংবদন্তী
kixbodontii	কিংবদন্তী
upozwgii	উপযোগী
lkfmii	লক্ষ্মী
lokfmii	লক্ষ্মী
clcfi	চলছি
colcfi	চলছি
clocfi	চলছি
huk	হুক
lagabe	লাগাবে
vedalam	ভেদালাম
ishara	ইশারা
setfi	সেটি
ovizaner	অভিযানের
elija	এলিজা
setu	সেতু
bujfina	বুঝিনা
kukurke	কুকুরকে
kukuroke	কুকুরকে
rekhei	রেখেই
ols	অলস
olos	অলস
prtisftffaner	প্রতিষ্ঠানের
protisftffaner	প্রতিষ্ঠানের
dffwke	ঢোকে
bzaparoi	ব্যাপারই
gunfdfa	গুণ্ডা
ztobar	যতবার
zotobar	যতবার
kfetrei	ক্ষেত্রেই
kors	করস
koros	করস
stfiven	স্টিভেন
kwmpanii	কোম্পানী
mmfjur	মঞ্জুর
momfjur	মঞ্জুর
kinobw	কিনবো
prasade	প্রাসাদে
obishbas	অবিশ্বাস
pfrzangki	ফ্র্যাঙ্কি
siimanar	সীমানার
gfa	ঘা
cfata	ছাতা
ascfena	আসছেনা
asocfena	আসছেনা
nirrmata	নির্মাতা
pfirbw	ফিরবো
pfirobw	ফিরবো
ripwrrtfar	রিপোর্টার
prtzekoke	প্রত্যেককে
protzekoke	প্রত্যেককে
lzatfin	ল্যাটিন
ajgubi	আজগুবি
ajogubi	আজগুবি
khwle	খোলে
cape	চাপে
khelcfi	খেলছি
khelocfi	খেলছি
ovzntoriinf	অভ্যন্তরীণ
ovzontoriinf	অভ্যন্তরীণ
khbordar	খবরদার
khobordar	খবরদার
khborodar	খবরদার
rakib	রাকিব
prpfeshonal	প্রফেশনাল
propfeshonal	প্রফেশনাল
poriciti	পরিচিতি
sarajiibner	সারাজীবনের
sarajiiboner	সারাজীবনের
eparrtfomentf	এপার্টমেন্ট
prsthan	প্রস্থান
prosthan	প্রস্থান
rajdhaniir	রাজধানীর
rajodhaniir	রাজধানীর
zahai	যাহাই
kana	কানা
prtihixsa	প্রতিহিংসা
protihixsa	প্রতিহিংসা
bolir	বলির
kancn	কাঞ্চন
kancon	কাঞ্চন
pfzaktforite	ফ্যাক্টরিতে
khalisi	খালিসি
liw	লিও
pzakej	প্যাকেজ
bodomaish	বদমাইশ
dhorle	ধরলে
dhorole	ধরলে
dfwni	ডোনি
dekhuk	দেখুক
dilew	দিলেও
kixs	কিংস
etkicfu	এতকিছু
etokicfu	এতকিছু
inpformeshon	ইনফরমেশন
inopformeshon	ইনফরমেশন
inpforomeshon	ইনফরমেশন
boluk	বলুক
agam	আগাম
shonakt	শনাক্ত
emonotfi	এমনটি
samolaccfi	সামলাচ্ছি
bsh	বশ
bosh	বশ
citffir	চিঠির
kisob	কিসব
ixrej	ইংরেজ
gudfouin	গুডউইন
mnfi	মণি
monfi	মণি
ekkebare	এক্কেবারে
shobdow	শব্দও
opor	অপর
kwroan	কোরআন
sokolei	সকলেই
karrbn	কার্বন
karrbon	কার্বন
mgj	মগজ
mogoj	মগজ
mogj	মগজ
mgoj	মগজ
bololew	বললেও
dfakar	ডাকার
tototfai	ততটাই
hwras	হোরাস
uttejna	উত্তেজনা
uttejona	উত্তেজনা
likhbe	লিখবে
likhobe	লিখবে
belaoo	বেলাঃ
wraw	ওরাও
sqsftfikrrtar	সৃষ্টিকর্তার
sqsftfikorrtar	সৃষ্টিকর্তার
valluk	ভাল্লুক
swinzdl	সৈন্যদল
swinzodl	সৈন্যদল
swinzdol	সৈন্যদল
gzarejer	গ্যারেজের
jmite	জমিতে
jomite	জমিতে
prinsipal	প্রিন্সিপাল
suucna	সূচনা
suucona	সূচনা
komon	কমন
rajniiti	রাজনীতি
rajoniiti	রাজনীতি
kos	কস
dfaoo	ডাঃ
irak	ইরাক
pzarasutf	প্যারাসুট
rumal	রুমাল
apfganistane	আফগানিস্তানে
apfoganistane	আফগানিস্তানে
prtibar	প্রতিবার
protibar	প্রতিবার
bsonter	বসন্তের
bosonter	বসন্তের
kobi	কবি
pabolw	পাবলো
vulotfa	ভুলটা
utfflam	উঠলাম
utffolam	উঠলাম
dushomon	দুশমন
gwlap	গোলাপ
kagjer	কাগজের
kagojer	কাগজের
pshushabk	পশুশাবক
poshushabk	পশুশাবক
pshushabok	পশুশাবক
dfimentfor	ডিমেন্টর
wrakol	ওরাকল
abbar	আব্বার
mithzar	মিথ্যার
kilai	কিলাই
sohisfnuta	সহিষ্ণুতা
taripf	তারিফ
vagzbtii	ভাগ্যবতী
vagzobtii	ভাগ্যবতী
vagzbotii	ভাগ্যবতী
inu	ইনু
garrdfer	গার্ডের
gale	গালে
kwdfer	কোডের
sepftfi	সেফটি
sepfotfi	সেফটি
dharn	ধারন
dharon	ধারন
pwlarrdf	পোলার্ড
wgw	ওগো
taholew	তাহলেও
lagobw	লাগবো
sxgfrrsf	সংঘর্ষ
soxgfrrsf	সংঘর্ষ
sxgforrsf	সংঘর্ষ
swinzbahinii	সৈন্যবাহিনী
swinzobahinii	সৈন্যবাহিনী
nariider	নারীদের
rhom	রহম
rohom	রহম
rkfakrrta	রক্ষাকর্তা
rokfakrrta	রক্ষাকর্তা
rkfakorrta	রক্ষাকর্তা
wsfudhtfa	ওষুধটা
wsfudhotfa	ওষুধটা
dfeltfa	ডেল্টা
banaccf	বানাচ্ছ
agt	আগত
agot	আগত
biporiite	বিপরীতে
bagins	বাগিন্স
hatotali	হাততালি
mharanfii	মহারাণী
moharanfii	মহারাণী
thamisotfiklis	থামিসটিক্লিস
pwrrtfal	পোর্টাল
buddhimtta	বুদ্ধিমত্তা
buddhimotta	বুদ্ধিমত্তা
shusfk	শুষ্ক
monekor	মনেকর
wldf	ওল্ড
suijarlzandf	সুইজারল্যান্ড
suijarolzandf	সুইজারল্যান্ড
bzarw	ব্যারো
dinkal	দিনকাল
dinokal	দিনকাল
besamorik	বেসামরিক
onar	অনার
pordin	পরদিন
porodin	পরদিন
sigaretfer	সিগারেটের
dise	দিসে
nagorikder	নাগরিকদের
nagorikoder	নাগরিকদের
boltecfi	বলতেছি
bolotecfi	বলতেছি
niirbta	নীরবতা
niirobota	নীরবতা
niirobta	নীরবতা
niirbota	নীরবতা
dfesomondf	ডেসমন্ড
jfap	ঝাপ
lkfon	লক্ষন
lokfon	লক্ষন
anggulogulw	আঙ্গুলগুলো
shikfarrthiider	শিক্ষার্থীদের
brrbor	বর্বর
borrbor	বর্বর
baccagulw	বাচ্চাগুলো
candu	চান্দু
komse	কমসে
komose	কমসে
permul	পেরমুল
peromul	পেরমুল
lipfmzan	লিফম্যান
lipfomzan	লিফম্যান
opekfar	অপেক্ষার
idur	ইদুর
bibek	বিবেক
porporoi	পরপরই
poroporoi	পরপরই
dfetfe	ডেটে
gftfuk	ঘটুক
gfotfuk	ঘটুক
manosikvabe	মানসিকভাবে
manosikovabe	মানসিকভাবে
dfaktarra	ডাক্তাররা
dfaktarora	ডাক্তাররা
tfrigar	ট্রিগার
namei	নামেই
lnggfn	লঙ্ঘন
longgfn	লঙ্ঘন
lnggfon	লঙ্ঘন
nisa	নিসা
moruvuumi	মরুভূমি
vikhari	ভিখারি
pe	পে
kowlaski	কওলাস্কি
majfer	মাঝের
sohit	সহিত
somszai	সমস্যাই
somoszai	সমস্যাই
hutf	হুট
crrbi	চর্বি
corrbi	চর্বি
aipies	আইপিএস
kobore	কবরে
emonite	এমনিতে
stfaile	স্টাইলে
unmwcn	উন্মোচন
unmwcon	উন্মোচন
ongg	অঙ্গ
ontore	অন্তরে
mskw	মস্কো
moskw	মস্কো
muvitfi	মুভিটি
pflzatf	ফ্ল্যাট
setfixs	সেটিংস
siimant	সীমান্ত
esoboi	এসবই
dilli	দিল্লি
tulcfe	তুলছে
tulocfe	তুলছে
kwnkicfur	কোনকিছুর
kwnokicfur	কোনকিছুর
pfatema	ফাতেমা
spre	স্প্রে
obicar	অবিচার
sblp	স্বল্প
sbolp	স্বল্প
tfivir	টিভির
tffei	ঠেই
ekekotfa	একেকটা
bwrrdfe	বোর্ডে
kharapvabe	খারাপভাবে
kharapovabe	খারাপভাবে
janlw	জানলো
janolw	জানলো
ekauntfe	একাউন্টে
bdfdf	বড্ড
bodfdf	বড্ড
porcfe	পরছে
porocfe	পরছে
dhzatteri	ধ্যাত্তেরি
kwsf	কোষ
somiikornf	সমীকরণ
somiikoronf	সমীকরণ
bigt	বিগত
bigot	বিগত
praciirer	প্রাচীরের
malamal	মালামাল
gzareje	গ্যারেজে
vangar	ভাঙার
bradar	ব্রাদার
kthwpkthn	কথোপকথন
kothwpkthn	কথোপকথন
kthwpokthn	কথোপকথন
kthwpkothn	কথোপকথন
soran	সরান
etwdin	এতোদিন
dhorben	ধরবেন
dhoroben	ধরবেন
birkti	বিরক্তি
birokti	বিরক্তি
mol	মল
repfika	রেফিকা
prtarit	প্রতারিত
protarit	প্রতারিত
mata	মাতা
suprvat	সুপ্রভাত
suprovat	সুপ্রভাত
tposbiiji	তপস্বীজি
toposbiiji	তপস্বীজি
kfepe	ক্ষেপে
krrmiider	কর্মীদের
korrmiider	কর্মীদের
helikptfarer	হেলিকপ্টারের
helikoptfarer	হেলিকপ্টারের
ocl	অচল
ocol	অচল
telugu	তেলুগু
vaben	ভাবেন
baibeler	বাইবেলের
rwge	রোগে
ekspektfw	এক্সপেক্টো
eksopektfw	এক্সপেক্টো
sotej	সতেজ
vuuter	ভূতের
ztgulw	যতগুলো
zotogulw	যতগুলো
zotgulw	যতগুলো
ztogulw	যতগুলো
paler	পালের
ostre	অস্ত্রে
pftfwgrapfar	ফটোগ্রাফার
pfotfwgrapfar	ফটোগ্রাফার
berute	বেরুতে
tinojnke	তিনজনকে
tinojonoke	তিনজনকে
tinojonke	তিনজনকে
tinojnoke	তিনজনকে
pwshakotfa	পোশাকটা
ckr	চক্র
cokr	চক্র
onuprernfa	অনুপ্রেরণা
onupreronfa	অনুপ্রেরণা
wdik	ওদিক
ziishur	যীশুর
bujf	বুঝ
somprcar	সম্প্রচার
somprocar	সম্প্রচার
bzrrthta	ব্যর্থতা
bzorrthta	ব্যর্থতা
bzrrthota	ব্যর্থতা
hana	হানা
abodullah	আবদুল্লাহ
bahiniike	বাহিনীকে
pfisopfis	ফিসফিস
tfres	ট্রেস
sxskqti	সংস্কৃতি
soxskqti	সংস্কৃতি
dfzash	ড্যাশ
shatf	শাট
amandfa	আমান্ডা
rwnan	রোনান
pagolii	পাগলী
matffer	মাঠের
dekhcfina	দেখছিনা
dekhocfina	দেখছিনা
mmfc	মঞ্চ
momfc	মঞ্চ
bzaparei	ব্যাপারেই
dfaunlwdf	ডাউনলোড
dfaunolwdf	ডাউনলোড
marcfi	মারছি
marocfi	মারছি
monu	মনু
bunw	বুনো
aeleksei	অ্যালেক্সেই
shiper	শিপের
paltfa	পাল্টা
suukfm	সূক্ষ্ম
kilar	কিলার
nem	নেম
karrtik	কার্তিক
edhorner	এধরনের
edhoroner	এধরনের
cailew	চাইলেও
gfwragfuri	ঘোরাঘুরি
dfilan	ডিলান
takiw	তাকিও
upohas	উপহাস
hindi	হিন্দি
mamma	মাম্মা
onwitik	অনৈতিক
jentfelomzan	জেন্টেলম্যান
updesftfa	উপদেষ্টা
upodesftfa	উপদেষ্টা
nwusena	নৌসেনা
nirrdeshe	নির্দেশে
kentfn	কেন্টন
kentfon	কেন্টন
dfienoe	ডিএনএ
tfwruk	টোরুক
suurrzaster	সূর্যাস্তের
sotzke	সত্যকে
sotzoke	সত্যকে
sele	সেলে
siimar	সীমার
khnon	খনন
khonon	খনন
prestfn	প্রেস্টন
prestfon	প্রেস্টন
ban	বান
marrketfe	মার্কেটে
kwnwdin	কোনোদিন
pfsoke	ফসকে
pfosoke	ফসকে
risiv	রিসিভ
ciwler	চিওলের
majforate	মাঝরাতে
soptahei	সপ্তাহেই
barrtf	বার্ট
dfabolin	ডাবলিন
odhikarii	অধিকারী
okfom	অক্ষম
bqtt	বৃত্ত
uttoradhikar	উত্তরাধিকার
saper	সাপের
sxgrher	সংগ্রহের
soxgrher	সংগ্রহের
sxgroher	সংগ্রহের
graundf	গ্রাউন্ড
dinotfi	দিনটি
pormanfu	পরমাণু
poromanfu	পরমাণু
she	শে
amerikanora	আমেরিকানরা
pfwtfa	ফোটা
ainostfain	আইনস্টাইন
ogrgti	অগ্রগতি
ogrogti	অগ্রগতি
ogrgoti	অগ্রগতি
duidin	দুইদিন
kukurtfa	কুকুরটা
kukurotfa	কুকুরটা
dfakcfi	ডাকছি
dfakocfi	ডাকছি
ailin	আইলিন
aponakei	আপনাকেই
bacar	বাচার
niccfen	নিচ্ছেন
pfutfe	ফুটে
prtibad	প্রতিবাদ
protibad	প্রতিবাদ
koboja	কবজা
pfwr	ফোর
masi	মাসি
zwgsuutr	যোগসূত্র
zwgosuutr	যোগসূত্র
grrg	গর্গ
gorrg	গর্গ
nogn	নগ্ন
baranda	বারান্দা
manocitrer	মানচিত্রের
dsha	দশা
dosha	দশা
vanur	ভানুর
restfurentf	রেস্টুরেন্ট
bacfadhon	বাছাধন
bcforerow	বছরেরও
bocforerow	বছরেরও
dfwnaldf	ডোনাল্ড
lipftfe	লিফটে
lipfotfe	লিফটে
kwnwvabei	কোনোভাবেই
asokt	আসক্ত
khana	খানা
hwicwi	হৈচৈ
rjarrs	রজার্স
rojarrs	রজার্স
papi	পাপি
ultfe	উল্টে
arrkotfa	আর্কটা
bodlabe	বদলাবে
bodolabe	বদলাবে
reinldf	রেইনল্ড
reinoldf	রেইনল্ড
nala	নালা
shantvabe	শান্তভাবে
shantovabe	শান্তভাবে
prstti	প্রস্ততি
prostti	প্রস্ততি
prstoti	প্রস্ততি
namate	নামাতে
siimaboddh	সীমাবদ্ধ
nive	নিভে
ontorer	অন্তরের
cesftfai	চেষ্টাই
eitfar	এইটার
gaicfe	গাইছে
lwkderke	লোকদেরকে
lwkoderoke	লোকদেরকে
lwkoderke	লোকদেরকে
lwkderoke	লোকদেরকে
takate	তাকাতে
tfransmitfar	ট্রান্সমিটার
tfransomitfar	ট্রান্সমিটার
thiwri	থিওরি
srrbodai	সর্বদাই
sorrbodai	সর্বদাই
jadukorer	জাদুকরের
szor	স্যর
klaris	ক্লারিস
petfrwl	পেট্রোল
diccfilam	দিচ্ছিলাম
poribhon	পরিবহন
poribohon	পরিবহন
gudfobai	গুডবাই
vaxte	ভাংতে
mashaallah	মাশাআল্লাহ
arlw	আরলো
arolw	আরলো
kale	কালে
nikarson	নিকারসন
nikaroson	নিকারসন
nikwlas	নিকোলাস
sxkfepe	সংক্ষেপে
soxkfepe	সংক্ষেপে
bairei	বাইরেই
bzarrth	ব্যার্থ
lzaxdfn	ল্যাংডন
lzaxdfon	ল্যাংডন
howni	হওনি
setfer	সেটের
dffwkw	ঢোকো
zatrar	যাত্রার
varrnon	ভার্নন
dfminentfer	ডমিনেন্টের
dfominentfer	ডমিনেন্টের
ran	রান
dbidha	দ্বিধা
bajite	বাজিতে
rukhe	রুখে
balcfal	বালছাল
balocfal	বালছাল
zapon	যাপন
pfin	ফিন
pfudf	ফুড
kpfir	কফির
kopfir	কফির
mithila	মিথিলা
kukurcfana	কুকুরছানা
kukurocfana	কুকুরছানা
omuulz	অমূল্য
nishcihn	নিশ্চিহ্ন
pkfer	পক্ষের
pokfer	পক্ষের
lorens	লরেন্স
poribeshe	পরিবেশে
khalas	খালাস
swnamoni	সোনামনি
bwba	বোবা
bxsh	বংশ
boxsh	বংশ
tfrevor	ট্রেভর
sarte	সারতে
sarote	সারতে
shunecfis	শুনেছিস
jwk	জোক
areh	আরেহ
shiiter	শীতের
khaccf	খাচ্ছ
sorun	সরুন
shuukor	শূকর
monostfar	মনস্টার
krim	ক্রিম
pakistani	পাকিস্তানি
pishac	পিশাচ
bishisftf	বিশিষ্ট
prtisfedhk	প্রতিষেধক
protisfedhk	প্রতিষেধক
prtisfedhok	প্রতিষেধক
citffite	চিঠিতে
ew	এও
vulobw	ভুলবো
garrdfnar	গার্ডনার
garrdfonar	গার্ডনার
pollm	পল্লম
pollom	পল্লম
oporadhiir	অপরাধীর
arrcar	আর্চার
nasa	নাসা
biplb	বিপ্লব
biplob	বিপ্লব
gulwke	গুলোকে
udar	উদার
prernf	প্রেরণ
preronf	প্রেরণ
dfetfa	ডেটা
htvaga	হতভাগা
hotovaga	হতভাগা
hotvaga	হতভাগা
htovaga	হতভাগা
srsftfar	স্রষ্টার
srosftfar	স্রষ্টার
pappi	পাপ্পি
kostfium	কস্টিউম
utffcfi	উঠছি
utffocfi	উঠছি
hoile	হইলে
perecfil	পেরেছিল
bideshe	বিদেশে
obhela	অবহেলা
obohela	অবহেলা
rekhecfis	রেখেছিস
bsta	বস্তা
bosta	বস্তা
itiback	ইতিবাচক
itibacok	ইতিবাচক
ongkur	অঙ্কুর
dabar	দাবার
garrdfw	গার্ডো
tulun	তুলুন
sultan	সুলতান
sulotan	সুলতান
krzash	ক্র্যাশ
bigganiira	বিজ্ঞানীরা
kiifba	কিইবা
thzangkiu	থ্যাঙ্কিউ
bzaktir	ব্যাক্তির
utfgulwr	উটগুলোর
utfogulwr	উটগুলোর
pfelecfile	ফেলেছিলে
bzaparew	ব্যাপারেও
ge	গে
sari	সারি
jitecf	জিতেছ
poriikfamuulok	পরীক্ষামূলক
ekadhik	একাধিক
gwcfgacf	গোছগাছ
gwcfogacf	গোছগাছ
habijabi	হাবিজাবি
prdtt	প্রদত্ত
prodtt	প্রদত্ত
prdott	প্রদত্ত
aelarrm	অ্যালার্ম
hirwr	হিরোর
atmbishbas	আত্মবিশ্বাস
atmobishbas	আত্মবিশ্বাস
rames	রামেস
jnoi	জনই
jonoi	জনই
geim	গেইম
atta	আত্তা
mqtzubornf	মৃত্যুবরণ
mqtzuboronf	মৃত্যুবরণ
pzatfs	প্যাটস
pzatfos	প্যাটস
alwte	আলোতে
letf	লেট
pbn	পবন
pobon	পবন
pobn	পবন
pbon	পবন
pfrstf	ফ্রস্ট
pfrostf	ফ্রস্ট
dekhecfilen	দেখেছিলেন
isora	ইসরা
asamiike	আসামীকে
bwjfaw	বোঝাও
ostrgulw	অস্ত্রগুলো
ostrogulw	অস্ত্রগুলো
bibrt	বিব্রত
bibrot	বিব্রত
parrthkztfa	পার্থক্যটা
parrthokztfa	পার্থক্যটা
parrthkzotfa	পার্থক্যটা
gramobasii	গ্রামবাসী
opmanit	অপমানিত
opomanit	অপমানিত
marrtfini	মার্টিনি
ixlzandfe	ইংল্যান্ডে
nirrbasit	নির্বাসিত
monei	মনেই
uddharer	উদ্ধারের
raul	রাউল
barrlin	বার্লিন
szupotfa	স্যুপটা
abu	আবু
kiccfuna	কিচ্ছুনা
pementf	পেমেন্ট
grenjar	গ্রেঞ্জার
magol	মাগল
ekotfur	একটুর
hsopitfal	হসপিটাল
hosopitfal	হসপিটাল
gj	গজ
goj	গজ
jerujalemer	জেরুজালেমের
thekecfi	থেকেছি
boler	বলের
gwthame	গোথামে
zetew	যেতেও
shikhecfilam	শিখেছিলাম
ekdiner	একদিনের
ekodiner	একদিনের
asolaner	আসলানের
karlenkw	কারলেনকো
karolenokw	কারলেনকো
karolenkw	কারলেনকো
karlenokw	কারলেনকো
korunf	করুণ
senetfor	সেনেটর
jeremi	জেরেমি
gondhtfa	গন্ধটা
gondhotfa	গন্ধটা
rekhecfile	রেখেছিলে
pwshaker	পোশাকের
niooshesf	নিঃশেষ
cartfi	চারটি
carotfi	চারটি
enecfilam	এনেছিলাম
thzaxkos	থ্যাংকস
stobdh	স্তব্ধ
mwbaile	মোবাইলে
gulitfa	গুলিটা
dinogulw	দিনগুলো
caridik	চারিদিক
shiirrsf	শীর্ষ
dfiutfi	ডিউটি
dfraivarer	ড্রাইভারের
adim	আদিম
saibar	সাইবার
wjner	ওজনের
wjoner	ওজনের
tffekate	ঠেকাতে
oparetfor	অপারেটর
babai	বাবাই
selim	সেলিম
krash	ক্রাশ
bindumatr	বিন্দুমাত্র
akrrsfon	আকর্ষন
akorrsfon	আকর্ষন
eksplwrar	এক্সপ্লোরার
eksoplwrar	এক্সপ্লোরার
mevis	মেভিস
thamole	থামলে
zakicfu	যাকিছু
srrbprthm	সর্বপ্রথম
sorrbprthm	সর্বপ্রথম
srrboprthm	সর্বপ্রথম
srrbprothm	সর্বপ্রথম
bwrrdfer	বোর্ডের
harale	হারালে
vasfar	ভাষার
pjishone	পজিশনে
pojishone	পজিশনে
tothzgulw	তথ্যগুলো
tothzogulw	তথ্যগুলো
ahomed	আহমেদ
enecfis	এনেছিস
eiguli	এইগুলি
ninda	নিন্দা
dptor	দপ্তর
doptor	দপ্তর
banda	বান্দা
udbeg	উদ্বেগ
tulobw	তুলবো
nijere	নিজেরে
ciipotfa	চীপটা
ivan	ইভান
voltfe	ভল্টে
marrka	মার্কা
jeta	জেতা
sohanuvuuti	সহানুভূতি
zuktorasftfr	যুক্তরাষ্ট্র
tahomid	তাহমিদ
dfringks	ড্রিঙ্কস
dfringkos	ড্রিঙ্কস
bhor	বহর
bohor	বহর
bakstfa	বাক্সটা
baksotfa	বাক্সটা
mzadfamer	ম্যাডামের
karrbi	কার্বি
kajow	কাজও
saidfe	সাইডে
pthik	পথিক
pothik	পথিক
bikrm	বিক্রম
bikrom	বিক্রম
karrlw	কার্লো
hzara	হ্যারা
dfiparrtfomentfe	ডিপার্টমেন্টে
kzac	ক্যাচ
tfekstf	টেক্সট
tfeksotf	টেক্সট
jmitfa	জমিটা
jomitfa	জমিটা
mzadfi	ম্যাডি
kalokei	কালকেই
krisoo	ক্রিসঃ
wgulwke	ওগুলোকে
kwletf	কোলেট
rima	রিমা
bwrix	বোরিং
jarrmani	জার্মানি
tej	তেজ
kul	কুল
humomom	হুমমম
cinis	চিনিস
alwcnar	আলোচনার
alwconar	আলোচনার
shawn	শাওন
kun	কুন
biccfed	বিচ্ছেদ
risetf	রিসেট
dinoi	দিনই
setfate	সেটাতে
bornc	বরঞ্চ
boronc	বরঞ্চ
dfg	ডগ
dfog	ডগ
sarakfonf	সারাক্ষণ
nicfk	নিছক
nicfok	নিছক
iuri	ইউরি
caitew	চাইতেও
paji	পাজি
namun	নামুন
opfisarke	অফিসারকে
opfisaroke	অফিসারকে
suzwgtfa	সুযোগটা
suzwgotfa	সুযোগটা
palok	পালক
dfakole	ডাকলে
vala	ভালা
puja	পুজা
kilw	কিলো
viitur	ভীতুর
sivil	সিভিল
restfurentfe	রেস্টুরেন্টে
beri	বেরি
zwddhader	যোদ্ধাদের
soranwr	সরানোর
aswni	আসোনি
kith	কিথ
dhorecfen	ধরেছেন
koirw	কইরো
stfk	স্টক
stfok	স্টক
livar	লিভার
coila	চইলা
odhiir	অধীর
wte	ওতে
januk	জানুক
bishbase	বিশ্বাসে
muv	মুভ
murgiir	মুরগীর
murogiir	মুরগীর
mzali	ম্যালি
sabbas	সাব্বাস
pfatfl	ফাটল
pfatfol	ফাটল
nijeroi	নিজেরই
kzabol	ক্যাবল
jelkhana	জেলখানা
jelokhana	জেলখানা
soxgotffn	সংগঠন
soxgotffon	সংগঠন
shindflarer	শিন্ডলারের
shindfolarer	শিন্ডলারের
ovzutthan	অভ্যুত্থান
bzatfar	ব্যাটার
gfontfadhbni	ঘন্টাধ্বনি
gfontfadhboni	ঘন্টাধ্বনি
komoredf	কমরেড
gzaridfw	গ্যারিডো
opshon	অপশন
oposhon	অপশন
cailen	চাইলেন
gfurbe	ঘুরবে
gfurobe	ঘুরবে
rikwletfi	রিকোলেটি
pfirb	ফিরব
pfirob	ফিরব
mukhz	মুখ্য
bibornf	বিবরণ
biboronf	বিবরণ
khelobw	খেলবো
bolaboli	বলাবলি
bulsqq	বুলস্
bulosqq	বুলস্
bulsoqq	বুলস্
brantf	ব্রান্ট
nobobrrsf	নববর্ষ
noboborrsf	নববর্ষ
rupe	রুপে
gloin	গ্লইন
vager	ভাগের
tfimke	টিমকে
tfimoke	টিমকে
kriminal	ক্রিমিনাল
vitali	ভিতালি
jinisfotfa	জিনিষটা
sorkarke	সরকারকে
sorokaroke	সরকারকে
sorokarke	সরকারকে
sorkaroke	সরকারকে
derite	দেরিতে
takai	তাকাই
totkfon	ততক্ষন
totokfon	ততক্ষন
cij	চিজ
lusindfa	লুসিন্ডা
vetortfa	ভেতরটা
vetorotfa	ভেতরটা
khwlakhuli	খোলাখুলি
katfabe	কাটাবে
hepfajte	হেফাজতে
hepfajote	হেফাজতে
nzashonal	ন্যাশনাল
kiu	কিউ
adeshe	আদেশে
aeni	অ্যানি
dwkanotfa	দোকানটা
takanw	তাকানো
shunob	শুনব
abeger	আবেগের
prrzbekfon	পর্যবেক্ষন
porrzbekfon	পর্যবেক্ষন
prrzobekfon	পর্যবেক্ষন
vdrta	ভদ্রতা
vodrta	ভদ্রতা
vdrota	ভদ্রতা
zntrna	যন্ত্রনা
zontrna	যন্ত্রনা
zntrona	যন্ত্রনা
gfqnfz	ঘৃণ্য
japan	জাপান
jentfalomzan	জেন্টালম্যান
cuktitfa	চুক্তিটা
kqtitb	কৃতিত্ব
nirrgfat	নির্ঘাত
aladavabe	আলাদাভাবে
meksikw	মেক্সিকো
inoszurens	ইনস্যুরেন্স
swshzal	সোশ্যাল
hindu	হিন্দু
bgite	বগিতে
bogite	বগিতে
ukiler	উকিলের
netader	নেতাদের
vairaser	ভাইরাসের
zuddhkfetr	যুদ্ধক্ষেত্র
zuddhokfetr	যুদ্ধক্ষেত্র
gzaxstfar	গ্যাংস্টার
skwr	স্কোর
jobabodihi	জবাবদিহি
pfelcf	ফেলছ
pfelocf	ফেলছ
panc	পাঞ্চ
ovivuut	অভিভূত
dekht	দেখত
dekhot	দেখত
kzax	ক্যাং
cfelew	ছেলেও
volodfemrrtfer	ভলডেমর্টের
volodfemorrtfer	ভলডেমর্টের
pfwrrser	ফোর্সের
dffukaw	ঢুকাও
bilal	বিলাল
durrger	দুর্গের
spai	স্পাই
dadavai	দাদাভাই
cfurikagfat	ছুরিকাঘাত
rhoman	রহমান
rohoman	রহমান
kenoi	কেনই
clolam	চললাম
cololam	চললাম
lejar	লেজার
poriider	পরীদের
amerikate	আমেরিকাতে
bidhbxsii	বিধ্বংসী
bidhboxsii	বিধ্বংসী
dfimer	ডিমের
gfumabw	ঘুমাবো
vwge	ভোগে
pwuranfik	পৌরাণিক
dekhaccfil	দেখাচ্ছিল
dfwr	ডোর
mastfarer	মাস্টারের
bolina	বলিনা
putuler	পুতুলের
plastfik	প্লাস্টিক
thor	থর
pfes	ফেস
hasahasi	হাসাহাসি
hoil	হইল
shipe	শিপে
cuixgam	চুইংগাম
iusupf	ইউসুফ
dfram	ড্রাম
potrikar	পত্রিকার
ricep	রিচেপ
kannar	কান্নার
nanu	নানু
mithran	মিথ্রান
korbin	করবিন
korobin	করবিন
biraj	বিরাজ
revarendf	রেভারেন্ড
tqsfnarrt	তৃষ্ণার্ত
biggapon	বিজ্ঞাপন
dutfwr	দুটোর
atfotfa	আটটা
kuujn	কূজন
kuujon	কূজন
tfak	টাক
sobodik	সবদিক
ven	ভেন
bak	বাক
iris	ইরিস
rwnin	রোনিন
buvora	বুভরা
swuvagzbsht	সৌভাগ্যবশত
swuvagzobsht	সৌভাগ্যবশত
swuvagzbosht	সৌভাগ্যবশত
swuvagzbshot	সৌভাগ্যবশত
orrk	অর্ক
kortacfi	করতাছি
korotacfi	করতাছি
palabar	পালাবার
ow	অও
gfapola	ঘাপলা
jamp	জাম্প
shishura	শিশুরা
jnathn	জনাথন
jonathn	জনাথন
jnathon	জনাথন
britf	ব্রিট
palabw	পালাবো
digont	দিগন্ত
tfane	টানে
nelson	নেলসন
neloson	নেলসন
upadhi	উপাধি
didi	দিদি
shktiman	শক্তিমান
shoktiman	শক্তিমান
thakcfe	থাকছে
thakocfe	থাকছে
benoji	বেনজি
medfik	মেডিক
kaure	কাউরে
shis	শিস
adh	আধ
shwbar	শোবার
dfimentforder	ডিমেন্টরদের
dfimentforoder	ডিমেন্টরদের
dfimentfrra	ডিমেন্টররা
dfimentforra	ডিমেন্টররা
prbol	প্রবল
probol	প্রবল
prrzntoi	পর্যন্তই
porrzntoi	পর্যন্তই
prrzontoi	পর্যন্তই
ahh	আহহ
ahoh	আহহ
onuvuutitfa	অনুভূতিটা
tfakaw	টাকাও
puurrbei	পূর্বেই
vebecfen	ভেবেছেন
ovijat	অভিজাত
ekdine	একদিনে
ekodine	একদিনে
kwba	কোবা
dharrmik	ধার্মিক
gramz	গ্রাম্য
twderke	তোদেরকে
twderoke	তোদেরকে
jenei	জেনেই
esi	এসি
bnorkfk	বনরক্ষক
bonorkfk	বনরক্ষক
bnorokfk	বনরক্ষক
bnorkfok	বনরক্ষক
kwop	কোঅপ
komik	কমিক
janaccfe	জানাচ্ছে
sktflzandf	স্কটল্যান্ড
skotflzandf	স্কটল্যান্ড
sktfolzandf	স্কটল্যান্ড
uparrjn	উপার্জন
uparrjon	উপার্জন
komitfir	কমিটির
ila	ইলা
adure	আদুরে
lxshzangks	লংশ্যাঙ্কস
loxshzangks	লংশ্যাঙ্কস
lxshzangkos	লংশ্যাঙ্কস
tfisu	টিসু
pure	পুরে
dfakob	ডাকব
tothakthit	তথাকথিত
tothakothit	তথাকথিত
pf	ফ
utffbw	উঠবো
utffobw	উঠবো
hascf	হাসছ
hasocf	হাসছ
shwnabe	শোনাবে
mzape	ম্যাপে
bnam	বনাম
bonam	বনাম
cfana	ছানা
mila	মিলা
hwmser	হোমসের
hwmoser	হোমসের
szutfer	স্যুটের
seisob	সেইসব
goli	গলি
asatfa	আসাটা
muhuurrtei	মুহূর্তেই
dujneroi	দুজনেরই
dujoneroi	দুজনেরই
grim	গ্রিম
saikol	সাইকল
aeparrtfomentf	অ্যাপার্টমেন্ট
lazlw	লাযলো
lazolw	লাযলো
vdka	ভদকা
vodoka	ভদকা
vodka	ভদকা
vdoka	ভদকা
gtir	গতির
gotir	গতির
benedfiktf	বেনেডিক্ট
tfeknik	টেকনিক
tfekonik	টেকনিক
jimir	জিমির
mwbailer	মোবাইলের
coritrer	চরিত্রের
jeri	জেরি
cfwtftfw	ছোট্টো
zkhni	যখনি
zokhni	যখনি
zkhoni	যখনি
monwbol	মনোবল
sarrjari	সার্জারি
bujfis	বুঝিস
thakai	থাকাই
vasaw	ভাসাও
vobner	ভবনের
voboner	ভবনের
krisotfwpfar	ক্রিসটোফার
nekstf	নেক্সট
neksotf	নেক্সট
tlar	তলার
tolar	তলার
gwlok	গোলক
tfrzapfik	ট্র্যাফিক
ixlishe	ইংলিশে
valobese	ভালবেসে
basketfobol	বাস্কেটবল
birl	বিরল
birol	বিরল
tfiszu	টিস্যু
dinke	দিনকে
dinoke	দিনকে
stfeshoner	স্টেশনের
kahiniir	কাহিনীর
jwkos	জোকস
tinodin	তিনদিন
nishcinte	নিশ্চিন্তে
jzaki	জ্যাকি
pop	পপ
bese	বেসে
sin	সিন
ovinetrii	অভিনেত্রী
prkashit	প্রকাশিত
prokashit	প্রকাশিত
iti	ইতি
ekoirkom	একইরকম
ekoirokom	একইরকম
manabe	মানাবে
cesftfaw	চেষ্টাও
libarrtfi	লিবার্টি
cfinotai	ছিনতাই
rekrrdfix	রেকর্ডিং
rekorrdfix	রেকর্ডিং
prsikiutfor	প্রসিকিউটর
prosikiutfor	প্রসিকিউটর
kajtfai	কাজটাই
kajotfai	কাজটাই
somalwcna	সমালোচনা
somalwcona	সমালোচনা
okrrma	অকর্মা
okorrma	অকর্মা
ekdike	একদিকে
ekodike	একদিকে
spndn	স্পন্দন
spondn	স্পন্দন
spndon	স্পন্দন
katfobe	কাটবে
jfulnt	ঝুলন্ত
jfulont	ঝুলন্ত
tfarrgetfer	টার্গেটের
dfatfa	ডাটা
dhorn	ধরন
dhoron	ধরন
rsikota	রসিকতা
rosikota	রসিকতা
janotew	জানতেও
tfelivishon	টেলিভিশন
cabikatffi	চাবিকাঠি
klwj	ক্লোজ
srrbsbant	সর্বস্বান্ত
sorrbsbant	সর্বস্বান্ত
srrbosbant	সর্বস্বান্ত
vnggi	ভঙ্গি
vonggi	ভঙ্গি
pabna	পাবনা
pabona	পাবনা
kei	কেই
moruvuumir	মরুভূমির
uporoi	উপরই
bathorumer	বাথরুমের
banfijz	বাণিজ্য
shap	শাপ
mhilatfi	মহিলাটি
mohilatfi	মহিলাটি
thaba	থাবা
prozwjz	প্রযোজ্য
vanggte	ভাঙ্গতে
vanggote	ভাঙ্গতে
swdfa	সোডা
prrasftfr	পররাষ্ট্র
porrasftfr	পররাষ্ট্র
boicfe	বইছে
bhiskar	বহিস্কার
bohiskar	বহিস্কার
dalal	দালাল
smqtigulw	স্মৃতিগুলো
mashul	মাশুল
smqtite	স্মৃতিতে
cmtqqkar	চমত্কার
comtqqkar	চমত্কার
cmotqqkar	চমত্কার
cmtoqqkar	চমত্কার
upoharer	উপহারের
uddht	উদ্ধত
uddhot	উদ্ধত
palai	পালাই
nibndhn	নিবন্ধন
nibondhn	নিবন্ধন
nibndhon	নিবন্ধন
jldszuder	জলদস্যুদের
joldszuder	জলদস্যুদের
jlodszuder	জলদস্যুদের
jldoszuder	জলদস্যুদের
dfekw	ডেকো
bzarel	ব্যারেল
shesfotfa	শেষটা
entfibdfi	এন্টিবডি
entfibodfi	এন্টিবডি
wnara	ওনারা
cfinn	ছিন্ন
gfumai	ঘুমাই
rwmanckor	রোমাঞ্চকর
rwmancokor	রোমাঞ্চকর
pfutfw	ফুটো
mitfomatf	মিটমাট
bwjf	বোঝ
nikuci	নিকুচি
berww	বেরোও
pim	পিম
vejal	ভেজাল
shikol	শিকল
mitfe	মিটে
utffecfil	উঠেছিল
valwbasotam	ভালোবাসতাম
prtzabrrton	প্রত্যাবর্তন
protzabrrton	প্রত্যাবর্তন
prtzaborrton	প্রত্যাবর্তন
koratfai	করাটাই
gaidf	গাইড
vrmnfe	ভ্রমণে
vromnfe	ভ্রমণে
vrmonfe	ভ্রমণে
naman	নামান
eparrtfomentfe	এপার্টমেন্টে
garrl	গার্ল
mzatfrikser	ম্যাট্রিক্সের
pwshake	পোশাকে
jinda	জিন্দা
onubadeoo	অনুবাদেঃ
vasfii	ভাষী
shorbt	শরবত
shorobt	শরবত
shorbot	শরবত
bidzuter	বিদ্যুতের
gomviir	গম্ভীর
prtha	প্রথা
protha	প্রথা
lepftf	লেফট
lepfotf	লেফট
seiram	সেইরাম
dffukw	ঢুকো
unntir	উন্নতির
unnotir	উন্নতির
wkhaner	ওখানের
ekdhornfer	একধরণের
ekodhornfer	একধরণের
ekdhoronfer	একধরণের
sadhz	সাধ্য
jbinora	জ্বিনরা
amgw	আমগো
amogw	আমগো
jinisotfi	জিনিসটি
diccfilw	দিচ্ছিলো
rshmi	রশ্মি
roshmi	রশ্মি
palotfe	পালটে
orrdh	অর্ধ
szalutf	স্যালুট
shesfokqtz	শেষকৃত্য
liwn	লিওন
zmj	যমজ
zomoj	যমজ
zomj	যমজ
zmoj	যমজ
tldeshe	তলদেশে
toldeshe	তলদেশে
tlodeshe	তলদেশে
tadashi	তাদাশি
utffate	উঠাতে
dffila	ঢিলা
amstfardfam	আমস্টারডাম
amostfardfam	আমস্টারডাম
amstfarodfam	আমস্টারডাম
shikhaw	শিখাও
htzakanfdfer	হত্যাকাণ্ডের
hotzakanfdfer	হত্যাকাণ্ডের
kthit	কথিত
kothit	কথিত
dhomki	ধমকি
dhomoki	ধমকি
dhoira	ধইরা
kdor	কদর
kodor	কদর
sonnzasiider	সন্ন্যাসীদের
khorgwsh	খরগোশ
khorogwsh	খরগোশ
jnei	জনেই
jonei	জনেই
dhorlam	ধরলাম
dhorolam	ধরলাম
shurutei	শুরুতেই
hdis	হদিস
hodis	হদিস
prclit	প্রচলিত
proclit	প্রচলিত
prcolit	প্রচলিত
manusfgulw	মানুষগুলো
manusfogulw	মানুষগুলো
metf	মেট
oporahn	অপরাহ্ন
kahiniitfa	কাহিনীটা
pakistaner	পাকিস্তানের
vwu	ভৌ
radfar	রাডার
pfular	ফুলার
dfin	ডিন
viki	ভিকি
prtipfoln	প্রতিফলন
protipfoln	প্রতিফলন
prtipfolon	প্রতিফলন
lastf	লাস্ট
maratnk	মারাত্নক
maratnok	মারাত্নক
srrbadhik	সর্বাধিক
sorrbadhik	সর্বাধিক
ashe	আশে
hare	হারে
ekvabe	একভাবে
ekovabe	একভাবে
ahammk	আহাম্মক
ahammok	আহাম্মক
vzatfikzaner	ভ্যাটিক্যানের
bzrrthtar	ব্যর্থতার
bzorrthtar	ব্যর্থতার
bzrrthotar	ব্যর্থতার
vabis	ভাবিস
jinisopati	জিনিসপাতি
leks	লেক্স
hatf	হাট
janiif	জানিই
sedforik	সেডরিক
mkkeler	মক্কেলের
mokkeler	মক্কেলের
sontrasiider	সন্ত্রাসীদের
piccfi	পিচ্ছি
wtfaw	ওটাও
skzanar	স্ক্যানার
swikot	সৈকত
idanix	ইদানিং
arrmider	আর্মিদের
kzasinw	ক্যাসিনো
plastfiker	প্লাস্টিকের
kccfp	কচ্ছপ
koccfp	কচ্ছপ
kccfop	কচ্ছপ
laitfer	লাইটের
elovish	এলভিশ
cakar	চাকার
thuthu	থুথু
shtabdiir	শতাব্দীর
shotabdiir	শতাব্দীর
brekix	ব্রেকিং
th	থ
sbiikarwkti	স্বীকারোক্তি
sarrvise	সার্ভিসে
abasik	আবাসিক
ekhanotfa	এখানটা
vaisob	ভাইসব
gwtr	গোত্র
dhus	ধুস
mzagi	ম্যাগি
dfril	ড্রিল
teresa	তেরেসা
bwlens	বোলেন্স
mzalekith	ম্যালেকিথ
somaje	সমাজে
cpar	চপার
copar	চপার
jenew	জেনেও
silovar	সিলভার
minhw	মিনহো
minohw	মিনহো
dfzaren	ড্যারেন
shikh	শিখ
biclit	বিচলিত
bicolit	বিচলিত
nariike	নারীকে
esobkicfu	এসবকিছু
esobokicfu	এসবকিছু
lzans	ল্যান্স
deikha	দেইখা
qsfi	ঋষি
rajknzar	রাজকন্যার
rajoknzar	রাজকন্যার
rajkonzar	রাজকন্যার
upkare	উপকারে
upokare	উপকারে
lwkeshon	লোকেশন
dekhcfile	দেখছিলে
dekhocfile	দেখছিলে
hasikhushi	হাসিখুশি
notuba	নতুবা
monwmugdhkor	মনোমুগ্ধকর
monwmugdhokor	মনোমুগ্ধকর
dwitzora	দৈত্যরা
khristf	খ্রিস্ট
onuprbesh	অনুপ্রবেশ
onuprobesh	অনুপ্রবেশ
gforei	ঘরেই
shunanir	শুনানির
prtzekeroi	প্রত্যেকেরই
protzekeroi	প্রত্যেকেরই
hagu	হাগু
pfkir	ফকির
pfokir	ফকির
parbina	পারবিনা
parobina	পারবিনা
karrzkorii	কার্যকরী
karrzokorii	কার্যকরী
nibi	নিবি
thamai	থামাই
ezfaleks	এ্যালেক্স
kwutuuhol	কৌতূহল
bru	ব্রু
dttk	দত্তক
dottk	দত্তক
dttok	দত্তক
patffalw	পাঠালো
jenetfik	জেনেটিক
uhqq	উহ্
uhoqq	উহ্
dffx	ঢং
dffox	ঢং
vaxti	ভাংতি
vutftfa	ভুট্টা
mdhzkar	মধ্যকার
modhzkar	মধ্যকার
mdhzokar	মধ্যকার
mzadfamke	ম্যাডামকে
mzadfamoke	ম্যাডামকে
osbsti	অস্বস্তি
osbosti	অস্বস্তি
lwkgulwke	লোকগুলোকে
lwkogulwke	লোকগুলোকে
jitle	জিতলে
jitole	জিতলে
mrrge	মর্গে
morrge	মর্গে
dfzunan	ড্যুনান
tfaitfanik	টাইটানিক
gqhiit	গৃহীত
bek	বেক
iv	ইভ
ihudi	ইহুদি
kabu	কাবু
zuddhtfa	যুদ্ধটা
zuddhotfa	যুদ্ধটা
avas	আভাস
bzapartfi	ব্যাপারটি
bzaparotfi	ব্যাপারটি
gftfl	ঘটল
gfotfl	ঘটল
gftfol	ঘটল
parrs	পার্স
samgrii	সামগ্রী
samogrii	সামগ্রী
jiggas	জিজ্ঞাস
baccatfi	বাচ্চাটি
vitfamin	ভিটামিন
diba	দিবা
kanfdf	কাণ্ড
hanggama	হাঙ্গামা
kntfrwle	কন্ট্রোলে
kontfrwle	কন্ট্রোলে
cwkhtfa	চোখটা
cwkhotfa	চোখটা
nirrmom	নির্মম
obibahit	অবিবাহিত
diccfina	দিচ্ছিনা
dfowson	ডওসন
jera	জেরা
prtinidhi	প্রতিনিধি
protinidhi	প্রতিনিধি
shakha	শাখা
bsecfil	বসেছিল
bosecfil	বসেছিল
purwif	পুরোই
jwib	জৈব
iccfemt	ইচ্ছেমত
iccfemot	ইচ্ছেমত
alopfredf	আলফ্রেড
parrswnal	পার্সোনাল
soptm	সপ্তম
soptom	সপ্তম
intfelijens	ইন্টেলিজেন্স
akrmoner	আক্রমনের
akromoner	আক্রমনের
pepare	পেপারে
durrmuulz	দুর্মূল্য
sathii	সাথী
jahannamer	জাহান্নামের
khunike	খুনিকে
ashbas	আশ্বাস
nwukate	নৌকাতে
jat	জাত
pfule	ফুলে
srwt	স্রোত
thek	থেক
dfesk	ডেস্ক
khide	খিদে
jela	জেলা
acfilw	আছিলো
rile	রিলে
parrthj	পার্থজ
parrthoj	পার্থজ
sompuurrnforuupe	সম্পূর্ণরূপে
gfam	ঘাম
viitikor	ভীতিকর
astana	আস্তানা
tfelivishoner	টেলিভিশনের
sdor	সদর
sodor	সদর
onztfa	অন্যটা
onzotfa	অন্যটা
komolar	কমলার
onumtir	অনুমতির
onumotir	অনুমতির
dekhecfilw	দেখেছিলো
mwra	মোরা
grams	গ্রামস
gramos	গ্রামস
dkfine	দক্ষিনে
dokfine	দক্ষিনে
ovzrrthna	অভ্যর্থনা
ovzorrthna	অভ্যর্থনা
ovzrrthona	অভ্যর্থনা
janeman	জানেমান
vulogulw	ভুলগুলো
ovizwge	অভিযোগে
katfabw	কাটাবো
tula	তুলা
kwc	কোচ
opbitr	অপবিত্র
opobitr	অপবিত্র
blker	ব্লকের
bloker	ব্লকের
khaicfi	খাইছি
buletfprupf	বুলেটপ্রুফ
buletfoprupf	বুলেটপ্রুফ
hasib	হাসিব
kolomer	কলমের
binwdner	বিনোদনের
binwdoner	বিনোদনের
jbalaton	জ্বালাতন
poridhan	পরিধান
kzab	ক্যাব
bujfaccfi	বুঝাচ্ছি
ruupkthar	রূপকথার
ruupokthar	রূপকথার
ruupkothar	রূপকথার
bodlanwr	বদলানোর
bodolanwr	বদলানোর
katfe	কাটে
sobojanta	সবজান্তা
wgula	ওগুলা
nacobw	নাচবো
carpash	চারপাশ
caropash	চারপাশ
meksikwte	মেক্সিকোতে
markaj	মারকাজ
marokaj	মারকাজ
pnfz	পণ্য
ponfz	পণ্য
ditew	দিতেও
kharapow	খারাপও
siks	সিক্স
bqsftfite	বৃষ্টিতে
suis	সুইস
getfw	গেটো
bu	বু
swljar	সোলজার
swlojar	সোলজার
katfaw	কাটাও
jwn	জোন
sarir	সারির
jarrmanora	জার্মানরা
pqsftff	পৃষ্ঠ
prtizwgitar	প্রতিযোগিতার
protizwgitar	প্রতিযোগিতার
janamte	জানামতে
janamote	জানামতে
suitfi	সুইটি
ekobarer	একবারের
szarke	স্যারকে
szaroke	স্যারকে
kadh	কাধ
leker	লেকের
vobne	ভবনে
vobone	ভবনে
onubadoo	অনুবাদঃ
svzta	সভ্যতা
sovzta	সভ্যতা
svzota	সভ্যতা
mori	মরি
panpatr	পানপাত্র
panopatr	পানপাত্র
bladf	ব্লাড
aitfem	আইটেম
sadhubaba	সাধুবাবা
oporiharrz	অপরিহার্য
law	লাও
pfoler	ফলের
ostitboi	অস্তিত্বই
bipdomukt	বিপদমুক্ত
bipodomukt	বিপদমুক্ত
hwvarrtf	হোভার্ট
pumoba	পুমবা
morn	মরন
moron	মরন
korboi	করবই
koroboi	করবই
tfwstf	টোস্ট
rukf	রুক্ষ
hzamiltfn	হ্যামিল্টন
hzamiltfon	হ্যামিল্টন
nilen	নিলেন
dfesker	ডেস্কের
kasumii	কাসুমী
seintf	সেইন্ট
somkkf	সমকক্ষ
somokkf	সমকক্ষ
somkokf	সমকক্ষ
kolwni	কলোনি
kup	কুপ
debena	দেবেনা
rajniitibid	রাজনীতিবিদ
rajoniitibid	রাজনীতিবিদ
pfger	ফগের
pfoger	ফগের
zajk	যাজক
zajok	যাজক
aicfe	আইছে
dfaktari	ডাক্তারি
kfomtaban	ক্ষমতাবান
kfomotaban	ক্ষমতাবান
mukhwsher	মুখোশের
cacake	চাচাকে
unara	উনারা
lourar	লউরার
ascfilw	আসছিলো
asocfilw	আসছিলো
somjfwta	সমঝোতা
somojfwta	সমঝোতা
ekhne	এখনে
ekhone	এখনে
bapfalw	বাফালো
kwl	কোল
printf	প্রিন্ট
snggiider	সঙ্গীদের
songgiider	সঙ্গীদের
bsobw	বসবো
bosobw	বসবো
brije	ব্রিজে
nanan	নানান
otiitke	অতীতকে
otiitoke	অতীতকে
picfle	পিছলে
picfole	পিছলে
pegasasoo	পেগাসাসঃ
ahsan	আহসান
ahosan	আহসান
kaunsiler	কাউন্সিলের
sneh	স্নেহ
khulobw	খুলবো
rastatfa	রাস্তাটা
dqsftfant	দৃষ্টান্ত
pulis	পুলিস
japane	জাপানে
bwtler	বোতলের
bwtoler	বোতলের
shunocfis	শুনছিস
pengguinoder	পেঙ্গুইনদের
khuniir	খুনীর
butf	বুট
garrlopfrendfer	গার্লফ্রেন্ডের
milecfe	মিলেছে
baccaderke	বাচ্চাদেরকে
baccaderoke	বাচ্চাদেরকে
shev	শেভ
tfestfix	টেস্টিং
rajshahii	রাজশাহী
rajoshahii	রাজশাহী
kemikzal	কেমিক্যাল
rabar	রাবার
labbaik	লাব্বাইক
vwj	ভোজ
dhorl	ধরল
dhorol	ধরল
boliw	বলিও
mtved	মতভেদ
motoved	মতভেদ
motved	মতভেদ
mtoved	মতভেদ
spidf	স্পিড
agfate	আঘাতে
blastf	ব্লাস্ট
mareni	মারেনি
slidarin	স্লিদারিন
shunotei	শুনতেই
daba	দাবা
thaika	থাইকা
anguler	আঙুলের
shuneni	শুনেনি
vuule	ভূলে
mammi	মাম্মি
latffir	লাঠির
pfelecfilen	ফেলেছিলেন
ermdhze	এরমধ্যে
eromdhze	এরমধ্যে
ermodhze	এরমধ্যে
zah	যাহ
lebu	লেবু
tfesola	টেসলা
jinise	জিনিসে
porisfkarvabe	পরিষ্কারভাবে
porisfkarovabe	পরিষ্কারভাবে
salim	সালিম
koborsthane	কবরস্থানে
koborosthane	কবরস্থানে
khulecfe	খুলেছে
lwkora	লোকরা
praciir	প্রাচীর
susxbad	সুসংবাদ
susoxbad	সুসংবাদ
khulcfi	খুলছি
khulocfi	খুলছি
ruupantor	রূপান্তর
pfandf	ফান্ড
merecfen	মেরেছেন
kaler	কালের
dwitzder	দৈত্যদের
dwitzoder	দৈত্যদের
biitf	বীট
jwnos	জোনস
vebecfilen	ভেবেছিলেন
kzansarer	ক্যান্সারের
dfeker	ডেকের
leina	লেইনা
ontoot	অন্তঃত
scib	সচিব
socib	সচিব
rasftfr	রাষ্ট্র
parl	পারল
parol	পারল
bapke	বাপকে
bapoke	বাপকে
ezfa	এ্যা
shilpa	শিল্পা
kuborake	কুবরাকে
kfomar	ক্ষমার
puurrbpurusf	পূর্বপুরুষ
puurrbopurusf	পূর্বপুরুষ
eksparrtf	এক্সপার্ট
eksoparrtf	এক্সপার্ট
siur	সিউর
sbsti	স্বস্তি
sbosti	স্বস্তি
somrrthk	সমর্থক
somorrthk	সমর্থক
somrrthok	সমর্থক
bikel	বিকেল
jipies	জিপিএস
kwrrs	কোর্স
wni	ওনি
kristfwpfar	ক্রিস্টোফার
sobe	সবে
nace	নাচে
khwja	খোজা
manuvai	মানুভাই
prlubdh	প্রলুব্ধ
prolubdh	প্রলুব্ধ
seratfa	সেরাটা
hels	হেলস
helos	হেলস
mtffer	মঠের
motffer	মঠের
baike	বাইকে
onontkal	অনন্তকাল
onontokal	অনন্তকাল
vndf	ভন্ড
vondf	ভন্ড
dhurw	ধুরো
brrsfit	বর্ষিত
borrsfit	বর্ষিত
pfelobi	ফেলবি
lta	লতা
lota	লতা
mtlob	মতলব
motolob	মতলব
motlob	মতলব
mtolob	মতলব
oke	অকে
acmka	আচমকা
acomoka	আচমকা
acomka	আচমকা
acmoka	আচমকা
cardik	চারদিক
carodik	চারদিক
aern	অ্যারন
aeron	অ্যারন
harbe	হারবে
harobe	হারবে
dfzarw	ড্যারো
marrgaretf	মার্গারেট
binwdn	বিনোদন
binwdon	বিনোদন
dfaktarke	ডাক্তারকে
dfaktaroke	ডাক্তারকে
kwr	কোর
rmnfii	রমণী
romnfii	রমণী
rmonfii	রমণী
jebra	জেব্রা
khuloben	খুলবেন
bqtter	বৃত্তের
onusondhane	অনুসন্ধানে
janemon	জানেমন
seribrw	সেরিব্রো
poriir	পরীর
jldszur	জলদস্যুর
joldszur	জলদস্যুর
jlodszur	জলদস্যুর
jldoszur	জলদস্যুর
melobin	মেলবিন
adom	আদম
bebii	বেবী
suta	সুতা
estfas	এস্টাস
pakhira	পাখিরা
dfzantfn	ড্যান্টন
dfzantfon	ড্যান্টন
dfeputfi	ডেপুটি
pfereshta	ফেরেশতা
pfereshota	ফেরেশতা
mekoap	মেকআপ
gum	গুম
mananosoi	মানানসই
injekshon	ইঞ্জেকশন
injekoshon	ইঞ্জেকশন
maw	মাও
cenar	চেনার
agate	আগাতে
ahtder	আহতদের
ahotoder	আহতদের
ahotder	আহতদের
ahtoder	আহতদের
sidf	সিড
ashngka	আশঙ্কা
ashongka	আশঙ্কা
onumwdit	অনুমোদিত
cembare	চেম্বারে
tfimwthi	টিমোথি
pfitfjeraldf	ফিটজেরাল্ড
pfitfojeraldf	ফিটজেরাল্ড
blg	ব্লগ
blog	ব্লগ
thala	থালা
koruna	করুনা
bidrwhiider	বিদ্রোহীদের
prtidbndbita	প্রতিদ্বন্দ্বিতা
protidbndbita	প্রতিদ্বন্দ্বিতা
prtidbondbita	প্রতিদ্বন্দ্বিতা
shobdgulw	শব্দগুলো
shobdogulw	শব্দগুলো
manotei	মানতেই
erika	এরিকা
kalar	কালার
sxkhzar	সংখ্যার
soxkhzar	সংখ্যার
nambargulw	নাম্বারগুলো
nambarogulw	নাম্বারগুলো
dfamblodfwrer	ডাম্বলডোরের
dfambolodfwrer	ডাম্বলডোরের
merecfilam	মেরেছিলাম
kwusholer	কৌশলের
enjelw	এঞ্জেলো
osontusftf	অসন্তুষ্ট
zegulwr	যেগুলোর
dffil	ঢিল
ship	শিপ
natfker	নাটকের
natfoker	নাটকের
tkhnkar	তখনকার
tokhnkar	তখনকার
tkhonkar	তখনকার
tkhnokar	তখনকার
allar	আল্লার
tfixkar	টিংকার
ajkabane	আজকাবানে
ajokabane	আজকাবানে
cfwtfobelar	ছোটবেলার
otzdhik	অত্যধিক
otzodhik	অত্যধিক
cfilena	ছিলেনা
bodnam	বদনাম
bodonam	বদনাম
gfatfti	ঘাটতি
gfatfoti	ঘাটতি
vegas	ভেগাস
adhzatmik	আধ্যাত্মিক
sekfetre	সেক্ষেত্রে
haramir	হারামির
ashcrrzer	আশ্চর্যের
ashcorrzer	আশ্চর্যের
mtff	মঠ
motff	মঠ
eit	এইত
pwsfonf	পোষণ
takale	তাকালে
vebwna	ভেবোনা
mzalena	ম্যালেনা
shekhorer	শেখরের
sxkhzk	সংখ্যক
soxkhzk	সংখ্যক
sxkhzok	সংখ্যক
katffamw	কাঠামো
eidfai	এইডাই
lekhw	লেখো
mukta	মুক্তা
cirdin	চিরদিন
cirodin	চিরদিন
moreni	মরেনি
sontrst	সন্ত্রস্ত
sontrost	সন্ত্রস্ত
gjorani	গজরানি
gojorani	গজরানি
peshab	পেশাব
jnaba	জনাবা
jonaba	জনাবা
ekspeliarrms	এক্সপেলিআর্মস
eksopeliarrms	এক্সপেলিআর্মস
ekspeliarrmos	এক্সপেলিআর্মস
dffukecfi	ঢুকেছি
hanggor	হাঙ্গর
akarer	আকারের
kostfelw	কস্টেলো
gridf	গ্রিড
bzatfomzanke	ব্যাটম্যানকে
bzatfomzanoke	ব্যাটম্যানকে
gfur	ঘুর
jwkarke	জোকারকে
jwkaroke	জোকারকে
likhun	লিখুন
montriir	মন্ত্রীর
lwkoo	লোকঃ
sxkhzatfa	সংখ্যাটা
soxkhzatfa	সংখ্যাটা
nwva	নোভা
namcfe	নামছে
namocfe	নামছে
bihiin	বিহীন
krrmkrrtader	কর্মকর্তাদের
korrmkrrtader	কর্মকর্তাদের
krrmokrrtader	কর্মকর্তাদের
krrmkorrtader	কর্মকর্তাদের
zthasadhz	যথাসাধ্য
zothasadhz	যথাসাধ্য
sbor	স্বর
cirjiibn	চিরজীবন
cirojiibon	চিরজীবন
cirojiibn	চিরজীবন
cirjiibon	চিরজীবন
dfiparrtfomentfer	ডিপার্টমেন্টের
nina	নিনা
knpfarrmdf	কনফার্মড
konpfarrmdf	কনফার্মড
knopfarrmdf	কনফার্মড
knpfarrmodf	কনফার্মড
jarrmanoder	জার্মানদের
sindfiketf	সিন্ডিকেট
rik	রিক
mem	মেম
kfwv	ক্ষোভ
girgitfi	গিরগিটি
girogitfi	গিরগিটি
duijnke	দুইজনকে
duijonoke	দুইজনকে
duijonke	দুইজনকে
duijnoke	দুইজনকে
glaser	গ্লাসের
ekar	একার
jiibnoi	জীবনই
jiibonoi	জীবনই
boradd	বরাদ্দ
obadhz	অবাধ্য
bikreta	বিক্রেতা
bluprintf	ব্লুপ্রিন্ট
rikarrdfw	রিকার্ডো
dfeth	ডেথ
cfubena	ছুবেনা
tposbii	তপস্বী
toposbii	তপস্বী
varte	ভারতে
varote	ভারতে
khattaber	খাত্তাবের
dusftfami	দুষ্টামি
rktakt	রক্তাক্ত
roktakt	রক্তাক্ত
swnatfa	সোনাটা
bojrpat	বজ্রপাত
bojropat	বজ্রপাত
huil	হুইল
kzarina	ক্যারিনা
lekcar	লেকচার
lekocar	লেকচার
duitfai	দুইটাই
patffa	পাঠা
dfremzan	ড্রেম্যান
seloki	সেলকি
griin	গ্রীন
dhumopan	ধুমপান
beiimani	বেঈমানি
rij	রিজ
kirnf	কিরণ
kironf	কিরণ
bajai	বাজাই
shunz	শুন্য
shiur	শিউর
dhanda	ধান্দা
tobei	তবেই
namoo	নামঃ
harte	হারতে
harote	হারতে
krrmer	কর্মের
korrmer	কর্মের
riitiniiti	রীতিনীতি
sensor	সেন্সর
birwdhita	বিরোধিতা
ajib	আজিব
elan	এলান
meramter	মেরামতের
meramoter	মেরামতের
nishcint	নিশ্চিন্ত
bodlanw	বদলানো
bodolanw	বদলানো
pfirle	ফিরলে
pfirole	ফিরলে
jinisopotrer	জিনিসপত্রের
lavjnk	লাভজনক
lavojonok	লাভজনক
lavojnk	লাভজনক
lavjonk	লাভজনক
hajarer	হাজারের
mamnfi	মামণি
mamonfi	মামণি
lwki	লোকি
mhasagor	মহাসাগর
mohasagor	মহাসাগর
morle	মরলে
morole	মরলে
manz	মান্য
sahse	সাহসে
sahose	সাহসে
ekotfake	একটাকে
tfekka	টেক্কা
biprrzst	বিপর্যস্ত
biporrzst	বিপর্যস্ত
biprrzost	বিপর্যস্ত
sbader	স্বাদের
jadumontr	জাদুমন্ত্র
niccfis	নিচ্ছিস
gftfa	ঘটা
gfotfa	ঘটা
mwja	মোজা
jaggu	জাজ্ঞু
iji	ইজি
citfix	চিটিং
marlw	মারলো
marolw	মারলো
zaibw	যাইবো
arrmite	আর্মিতে
opohorn	অপহরন
opohoron	অপহরন
push	পুশ
nagaler	নাগালের
stfein	স্টেইন
gtobar	গতবার
gotobar	গতবার
boraborer	বরাবরের
dhula	ধুলা
dfipwjitf	ডিপোজিট
premikake	প্রেমিকাকে
cfatrder	ছাত্রদের
cfatroder	ছাত্রদের
lrrdfer	লর্ডের
lorrdfer	লর্ডের
dekhew	দেখেও
petfrwnam	পেট্রোনাম
karrgw	কার্গো
likhbw	লিখবো
likhobw	লিখবো
jwtf	জোট
kuidfic	কুইডিচ
bzabsar	ব্যাবসার
bzabosar	ব্যাবসার
onlain	অনলাইন
onolain	অনলাইন
tfwka	টোকা
hapf	হাফ
pwstfar	পোস্টার
glenobruk	গ্লেনব্রুক
sxskar	সংস্কার
soxskar	সংস্কার
shtruke	শত্রুকে
shotruke	শত্রুকে
dqsftfir	দৃষ্টির
obodan	অবদান
nastar	নাস্তার
husein	হুসেইন
dfenij	ডেনিজ
wtfatw	ওটাতো
pwrrtf	পোর্ট
len	লেন
wvabei	ওভাবেই
mwkaddar	মোকাদ্দার
pfrijer	ফ্রিজের
tffekcfe	ঠেকছে
tffekocfe	ঠেকছে
ham	হাম
ekdhorner	একধরনের
ekodhorner	একধরনের
ekdhoroner	একধরনের
rksen	রক্সেন
roksen	রক্সেন
komwdfwr	কমোডোর
dfenhzam	ডেনহ্যাম
dfenohzam	ডেনহ্যাম
jinisotfai	জিনিসটাই
jimike	জিমিকে
mhapraciirer	মহাপ্রাচীরের
mohapraciirer	মহাপ্রাচীরের
asolen	আসলেন
bwmar	বোমার
dadiir	দাদীর
vuter	ভুতের
jinisow	জিনিসও
sbarrthe	স্বার্থে
ais	আইস
iunitfer	ইউনিটের
sobkhanei	সবখানেই
sobokhanei	সবখানেই
kh	খ
iccfakqtvabe	ইচ্ছাকৃতভাবে
iccfakqtovabe	ইচ্ছাকৃতভাবে
cinina	চিনিনা
pdk	পদক
podok	পদক
podk	পদক
pdok	পদক
potfanwr	পটানোর
bujte	বুজতে
bujote	বুজতে
adesher	আদেশের
egulwte	এগুলোতে
cfu	ছু
soicfe	সইছে
bistf	বিস্ট
helikptfare	হেলিকপ্টারে
helikoptfare	হেলিকপ্টারে
sa	সা
kutftfa	কুট্টা
diccfena	দিচ্ছেনা
momom	মমম
hzamondf	হ্যামন্ড
agami	আগামি
sajate	সাজাতে
resix	রেসিং
sadhzer	সাধ্যের
bujfecfilam	বুঝেছিলাম
nori	নরি
lagi	লাগি
ranar	রানার
poritranf	পরিত্রাণ
tfenisi	টেনিসি
amiin	আমীন
asone	আসনে
tharrdf	থার্ড
hibru	হিব্রু
prstabtfa	প্রস্তাবটা
prostabtfa	প্রস্তাবটা
prstabotfa	প্রস্তাবটা
boite	বইতে
tamiza	তামিযা
ekokhan	একখান
vidfiwtfa	ভিডিওটা
kthamt	কথামত
kothamt	কথামত
kthamot	কথামত
bisfer	বিষের
anna	আন্না
vuumikomper	ভূমিকম্পের
bistqt	বিস্তৃত
obsore	অবসরে
obosore	অবসরে
rkfakarii	রক্ষাকারী
rokfakarii	রক্ষাকারী
hurre	হুররে
hurore	হুররে
kaupfdf	কাউফড
kaupfodf	কাউফড
pinotfa	পিনটা
paba	পাবা
kfant	ক্ষান্ত
marl	মারল
marol	মারল
beshirvagoi	বেশিরভাগই
beshirovagoi	বেশিরভাগই
griik	গ্রীক
dadiimar	দাদীমার
beshikicfu	বেশিকিছু
vqtz	ভৃত্য
bcforew	বছরেও
bocforew	বছরেও
agomoner	আগমনের
citffigulw	চিঠিগুলো
onu	অনু
sugondhi	সুগন্ধি
cumuk	চুমুক
dorjagulw	দরজাগুলো
dorojagulw	দরজাগুলো
paltfaw	পাল্টাও
porisfkarer	পরিষ্কারের
uha	উহা
dhxs	ধংস
dhoxs	ধংস
knrrs	কনর্স
konrrs	কনর্স
knorrs	কনর্স
enggel	এঙ্গেল
ekfetre	এক্ষেত্রে
bsei	বসেই
bosei	বসেই
tiikfn	তীক্ষ্ণ
gwutom	গৌতম
dhatob	ধাতব
wkew	ওকেও
bzktike	ব্যক্তিকে
bzoktike	ব্যক্তিকে
gohbor	গহ্বর
tabij	তাবিজ
anlam	আনলাম
anolam	আনলাম
porikolpnatfa	পরিকল্পনাটা
porikolponatfa	পরিকল্পনাটা
porishesfe	পরিশেষে
mekhe	মেখে
mdfiul	মডিউল
modfiul	মডিউল
nqtz	নৃত্য
nzaxtfa	ন্যাংটা
rajdhaniite	রাজধানীতে
rajodhaniite	রাজধানীতে
gripfindforer	গ্রিফিন্ডরের
takalam	তাকালাম
zantrik	যান্ত্রিক
rilzaks	রিল্যাক্স
sombl	সম্বল
sombol	সম্বল
koler	কলের
cfitfke	ছিটকে
cfitfoke	ছিটকে
temonotfai	তেমনটাই
gregori	গ্রেগরি
slipix	স্লিপিং
mqtzui	মৃত্যুই
jfakkas	ঝাক্কাস
lindfa	লিন্ডা
kompn	কম্পন
kompon	কম্পন
mdhzorate	মধ্যরাতে
modhzorate	মধ্যরাতে
ckoletfer	চকলেটের
cokoletfer	চকলেটের
bledf	ব্লেড
osbstikor	অস্বস্তিকর
osbostikor	অস্বস্তিকর
mzanhatfn	ম্যানহাটন
mzanohatfn	ম্যানহাটন
mzanhatfon	ম্যানহাটন
pfelcfw	ফেলছো
pfelocfw	ফেলছো
dinar	দিনার
khaite	খাইতে
rutfin	রুটিন
sthanantorit	স্থানান্তরিত
dfiin	ডীন
kntfraktf	কন্ট্রাক্ট
kontfraktf	কন্ট্রাক্ট
porertfa	পরেরটা
porerotfa	পরেরটা
nistar	নিস্তার
kudoret	কুদরেত
shbet	শ্বেত
gtipth	গতিপথ
gotipth	গতিপথ
gtipoth	গতিপথ
lzapotfp	ল্যাপটপ
lzapotfop	ল্যাপটপ
ishborer	ইশ্বরের
rupi	রুপি
jax	জাং
szu	স্যু
intfarnzashonal	ইন্টারন্যাশনাল
intfaronzashonal	ইন্টারন্যাশনাল
bibrrtoner	বিবর্তনের
biborrtoner	বিবর্তনের
mesejtfa	মেসেজটা
mesejotfa	মেসেজটা
korpwral	করপোরাল
koropwral	করপোরাল
zwuktik	যৌক্তিক
dfori	ডরি
gftfnasthl	ঘটনাস্থল
gfotfnasthl	ঘটনাস্থল
gftfonasthl	ঘটনাস্থল
gftfnasthol	ঘটনাস্থল
dshk	দশক
doshk	দশক
dshok	দশক
krrpwreshoner	কর্পোরেশনের
korrpwreshoner	কর্পোরেশনের
nijerow	নিজেরও
kinecfe	কিনেছে
namgulw	নামগুলো
namogulw	নামগুলো
nirstr	নিরস্ত্র
nirostr	নিরস্ত্র
agole	আগলে
kolix	কলিং
marlam	মারলাম
marolam	মারলাম
kadhe	কাধে
gurutbpurrn	গুরুত্বপুর্ন
gurutbopurrn	গুরুত্বপুর্ন
nothi	নথি
lipt	লিপ্ত
cinobe	চিনবে
hoibe	হইবে
caccfilw	চাচ্ছিলো
oporahnf	অপরাহ্ণ
gulibrrsfonf	গুলিবর্ষণ
guliborrsfonf	গুলিবর্ষণ
morcfi	মরছি
morocfi	মরছি
imeil	ইমেইল
mwtfwr	মোটোর
shekhabe	শেখাবে
medhar	মেধার
shekh	শেখ
porihit	পরিহিত
gese	গেসে
peintf	পেইন্ট
odhikarer	অধিকারের
tul	তুল
prtisftffit	প্রতিষ্ঠিত
protisftffit	প্রতিষ্ঠিত
jarrvis	জার্ভিস
vabt	ভাবত
vabot	ভাবত
jnomer	জনমের
jonomer	জনমের
pfresh	ফ্রেশ
komandfer	কমান্ডের
bzbsthar	ব্যবস্থার
bzobsthar	ব্যবস্থার
bzbosthar	ব্যবস্থার
dffalu	ঢালু
kunfdflibishisftf	কুণ্ডলিবিশিষ্ট
kunfdfolibishisftf	কুণ্ডলিবিশিষ্ট
utffi	উঠি
sentfare	সেন্টারে
tfarrminal	টার্মিনাল
haraccfi	হারাচ্ছি
dfevidfke	ডেভিডকে
dfevidfoke	ডেভিডকে
alwkit	আলোকিত
aelis	অ্যালিস
asonn	আসন্ন
basi	বাসি
beki	বেকি
mwkfom	মোক্ষম
gajor	গাজর
valobas	ভালবাস
ekotfukhani	একটুখানি
ontim	অন্তিম
valobasotam	ভালবাসতাম
bzanar	ব্যানার
smqtishkti	স্মৃতিশক্তি
smqtishokti	স্মৃতিশক্তি
sadhzmt	সাধ্যমত
sadhzomt	সাধ্যমত
sadhzmot	সাধ্যমত
pfas	ফাস
hubhu	হুবহু
hubohu	হুবহু
curmar	চুরমার
curomar	চুরমার
alekjandfar	আলেকজান্ডার
alekojandfar	আলেকজান্ডার
thakol	থাকল
kicfutw	কিছুতো
puurn	পূরন
puuron	পূরন
gviirta	গভীরতা
goviirota	গভীরতা
goviirta	গভীরতা
gviirota	গভীরতা
puurrn	পূর্ন
kicfuke	কিছুকে
tale	তালে
seda	সেদা
meritf	মেরিট
jbalate	জ্বালাতে
jed	জেদ
kzamern	ক্যামেরন
kzameron	ক্যামেরন
dfik	ডিক
tikt	তিক্ত
garrdfder	গার্ডদের
garrdfoder	গার্ডদের
gobesfok	গবেষক
vabcfile	ভাবছিলে
vabocfile	ভাবছিলে
obsan	অবসান
obosan	অবসান
ailzandfe	আইল্যান্ডে
ovibadn	অভিবাদন
ovibadon	অভিবাদন
biplber	বিপ্লবের
biplober	বিপ্লবের
shalare	শালারে
czandflar	চ্যান্ডলার
czandfolar	চ্যান্ডলার
malotfa	মালটা
tohobil	তহবিল
rajknzake	রাজকন্যাকে
rajoknzake	রাজকন্যাকে
rajkonzake	রাজকন্যাকে
monwzwgii	মনোযোগী
harpfwrrdf	হারফোর্ড
haropfwrrdf	হারফোর্ড
jannate	জান্নাতে
skutfar	স্কুটার
gredf	গ্রেড
pijja	পিজ্জা
garrls	গার্লস
garrlos	গার্লস
sotrrkotar	সতর্কতার
sotorrkotar	সতর্কতার
istf	ইস্ট
behala	বেহালা
marun	মারুন
otiprakqt	অতিপ্রাকৃত
bajanwr	বাজানোর
nobiir	নবীর
samrajz	সাম্রাজ্য
shomvu	শম্ভু
anocfe	আনছে
hitflar	হিটলার
hitfolar	হিটলার
bndor	বন্দর
bondor	বন্দর
agekar	আগেকার
bsecfilam	বসেছিলাম
bosecfilam	বসেছিলাম
hakuna	হাকুনা
dekhaben	দেখাবেন
ekante	একান্তে
vzalentfain	ভ্যালেন্টাইন
dekhtw	দেখতো
dekhotw	দেখতো
lwthar	লোথার
dqsftfivnggi	দৃষ্টিভঙ্গি
dqsftfivonggi	দৃষ্টিভঙ্গি
kicfukfoner	কিছুক্ষনের
rrzakun	র্যাকুন
lajuk	লাজুক
gzali	গ্যালি
gtkaler	গতকালের
gotokaler	গতকালের
gotkaler	গতকালের
gtokaler	গতকালের
ejenor	এজেনর
narikel	নারিকেল
bzaktider	ব্যাক্তিদের
bshe	বশে
boshe	বশে
talogwl	তালগোল
kosfe	কষে
prkolp	প্রকল্প
prokolp	প্রকল্প
pfili	ফিলি
bedna	বেদনা
bedona	বেদনা
dibs	দিবস
dibos	দিবস
komate	কমাতে
rkomoi	রকমই
rokomoi	রকমই
pfaka	ফাকা
sarrkitf	সার্কিট
porb	পরব
porob	পরব
piknik	পিকনিক
pikonik	পিকনিক
kolins	কলিন্স
tulecfil	তুলেছিল
kzasinwte	ক্যাসিনোতে
iurwpe	ইউরোপে
jnogonfke	জনগণকে
jonogonfke	জনগণকে
jnogonfoke	জনগণকে
purwhit	পুরোহিত
khelob	খেলব
jeidf	জেইড
dfidfora	ডিডরা
sohcor	সহচর
sohocor	সহচর
cuktite	চুক্তিতে
maikrwpfwn	মাইক্রোফোন
remas	রেমাস
gfwra	ঘোরা
poren	পরেন
khunotfa	খুনটা
bikfipt	বিক্ষিপ্ত
somvabnar	সম্ভাবনার
somvabonar	সম্ভাবনার
sbvaber	স্বভাবের
sbovaber	স্বভাবের
hobqq	হব্
hoboqq	হব্
khrisftfan	খ্রিষ্টান
grnth	গ্রন্থ
gronth	গ্রন্থ
gollum	গল্লুম
jiggasabader	জিজ্ঞাসাবাদের
banaicfe	বানাইছে
dfringk	ড্রিঙ্ক
zfaceler	্যাচেলের
prdesh	প্রদেশ
prodesh	প্রদেশ
opareshone	অপারেশনে
intfarpwl	ইন্টারপোল
intfaropwl	ইন্টারপোল
arrthik	আর্থিক
durrniiti	দুর্নীতি
bpfur	বফুর
bopfur	বফুর
kastfmarder	কাস্টমারদের
kastfomarder	কাস্টমারদের
kastfmaroder	কাস্টমারদের
bra	ব্রা
stfriitf	স্ট্রীট
isidwrw	ইসিদোরো
bodomasher	বদমাশের
janoben	জানবেন
pfailotfa	ফাইলটা
slidariner	স্লিদারিনের
nogorii	নগরী
gestf	গেস্ট
dfkix	ডকিং
dfokix	ডকিং
mmfcer	মঞ্চের
momfcer	মঞ্চের
sondhane	সন্ধানে
majfari	মাঝারি
bivrm	বিভ্রম
bivrom	বিভ্রম
gfaser	ঘাসের
hatfa	হাটা
svztar	সভ্যতার
sovztar	সভ্যতার
svzotar	সভ্যতার
nitw	নিতো
komishon	কমিশন
komanwr	কমানোর
nomr	নম্র
sobkicfutei	সবকিছুতেই
sobokicfutei	সবকিছুতেই
pathu	পাথু
setfix	সেটিং
prshikfon	প্রশিক্ষন
proshikfon	প্রশিক্ষন
prtiht	প্রতিহত
protiht	প্রতিহত
prtihot	প্রতিহত
vatija	ভাতিজা
jnogoner	জনগনের
jonogoner	জনগনের
vage	ভাগে
maper	মাপের
ekses	এক্সেস
prtzekobar	প্রত্যেকবার
protzekobar	প্রত্যেকবার
sobtfa	সবটা
sobotfa	সবটা
zabwna	যাবোনা
prtibaroi	প্রতিবারই
protibaroi	প্রতিবারই
jzax	জ্যাং
bege	বেগে
saddam	সাদ্দাম
guhar	গুহার
arrth	আর্থ
igwr	ইগোর
zazabor	যাযাবর
hedfmastfar	হেডমাস্টার
hedfomastfar	হেডমাস্টার
cudte	চুদতে
cudote	চুদতে
pulishder	পুলিশদের
pulishoder	পুলিশদের
sadharnot	সাধারনত
sadharonot	সাধারনত
susthz	সুস্থ্য
musoloman	মুসলমান
orrjner	অর্জনের
orrjoner	অর্জনের
uixs	উইংস
wguli	ওগুলি
duutabas	দূতাবাস
ojnur	অজনুর
ojonur	অজনুর
raw	রাও
suitfharrtf	সুইটহার্ট
suitfoharrtf	সুইটহার্ট
jerujalem	জেরুজালেম
sinduker	সিন্দুকের
mukutfer	মুকুটের
shikhar	শিখার
khabare	খাবারে
thmpson	থম্পসন
thompson	থম্পসন
thmposon	থম্পসন
sktflzandfer	স্কটল্যান্ডের
skotflzandfer	স্কটল্যান্ডের
sktfolzandfer	স্কটল্যান্ডের
saitw	সাইতো
sindfiketfer	সিন্ডিকেটের
shurutfa	শুরুটা
potfarke	পটারকে
potfaroke	পটারকে
gferaw	ঘেরাও
dhrrmguru	ধর্মগুরু
dhorrmguru	ধর্মগুরু
dhrrmoguru	ধর্মগুরু
venggecfe	ভেঙ্গেছে
mhasagore	মহাসাগরে
mohasagore	মহাসাগরে
haralam	হারালাম
sohkrrmiider	সহকর্মীদের
sohokrrmiider	সহকর্মীদের
sohkorrmiider	সহকর্মীদের
zuddha	যুদ্ধা
oporadhomuulok	অপরাধমূলক
notjanu	নতজানু
notojanu	নতজানু
vebecfis	ভেবেছিস
andfargraundf	আন্ডারগ্রাউন্ড
andfarograundf	আন্ডারগ্রাউন্ড
mudfe	মুডে
bishramer	বিশ্রামের
hccfis	হচ্ছিস
hoccfis	হচ্ছিস
nkftrer	নক্ষত্রের
nokftrer	নক্ষত্রের
nkfotrer	নক্ষত্রের
shoriirtfa	শরীরটা
shoriirotfa	শরীরটা
livix	লিভিং
somahit	সমাহিত
upkarii	উপকারী
upokarii	উপকারী
jnmecfi	জন্মেছি
jonmecfi	জন্মেছি
bic	বিচ
jtf	জট
jotf	জট
mairi	মাইরি
pig	পিগ
aponaroi	আপনারই
rakhcfw	রাখছো
rakhocfw	রাখছো
shsh	শশ
shosh	শশ
pfailer	ফাইলের
tfzaka	ট্যাকা
sondhi	সন্ধি
bujfcfw	বুঝছো
bujfocfw	বুঝছো
jldii	জলদী
jolodii	জলদী
joldii	জলদী
jlodii	জলদী
uintfarpfele	উইন্টারফেলে
uintfaropfele	উইন্টারফেলে
pce	পচে
poce	পচে
dbar	দ্বার
lwkal	লোকাল
bren	ব্রেন
jarrmanite	জার্মানিতে
bolai	বলাই
wdfi	ওডি
mistfik	মিস্টিক
cakfusf	চাক্ষুষ
dffukate	ঢুকাতে
dfainiir	ডাইনীর
vzane	ভ্যানে
buddhimttar	বুদ্ধিমত্তার
buddhimottar	বুদ্ধিমত্তার
nacanaci	নাচানাচি
prsab	প্রসাব
prosab	প্রসাব
prmanit	প্রমানিত
promanit	প্রমানিত
kzapotfen	ক্যাপটেন
shzampein	শ্যাম্পেইন
brrjz	বর্জ্য
borrjz	বর্জ্য
marcison	মারচিসন
marocison	মারচিসন
kuttatfake	কুত্তাটাকে
gonf	গণ
wikzboddh	ঐক্যবদ্ধ
wikzoboddh	ঐক্যবদ্ধ
bwtlotfa	বোতলটা
bwtolotfa	বোতলটা
khwlamela	খোলামেলা
kuner	কুনের
shunen	শুনেন
amoler	আমলের
badur	বাদুর
onutap	অনুতাপ
belikpf	বেলিকফ
belikopf	বেলিকফ
nojordarir	নজরদারির
nojorodarir	নজরদারির
entfri	এন্ট্রি
misix	মিসিং
bripfkes	ব্রিফকেস
bripfokes	ব্রিফকেস
anusftffanikvabe	আনুষ্ঠানিকভাবে
anusftffanikovabe	আনুষ্ঠানিকভাবে
vabnar	ভাবনার
vabonar	ভাবনার
gfortfa	ঘরটা
gforotfa	ঘরটা
kkfpthe	কক্ষপথে
kokfpthe	কক্ষপথে
kkfopthe	কক্ষপথে
kkfpothe	কক্ষপথে
luthar	লুথার
skc	স্কচ
skoc	স্কচ
dfli	ডলি
dfoli	ডলি
jinisoke	জিনিসকে
kahini	কাহিনি
eijnzoi	এইজন্যই
eijonzoi	এইজন্যই
mrrji	মর্জি
morrji	মর্জি
madurai	মাদুরাই
karpfiu	কারফিউ
karopfiu	কারফিউ
kuttii	কুত্তী
erai	এরাই
whh	ওহহ
whoh	ওহহ
sototar	সততার
onusftffit	অনুষ্ঠিত
krrnar	কর্নার
korrnar	কর্নার
likh	লিখ
bala	বালা
skru	স্ক্রু
dutfa	দুটা
mamar	মামার
bndhutber	বন্ধুত্বের
bondhutber	বন্ধুত্বের
asoli	আসলি
manusfgulwr	মানুষগুলোর
manusfogulwr	মানুষগুলোর
okajer	অকাজের
kfete	ক্ষেতে
hzagridfer	হ্যাগ্রিডের
onekotfai	অনেকটাই
mzakgwnagol	ম্যাকগোনাগল
mzakogwnagol	ম্যাকগোনাগল
aentfwni	অ্যান্টোনি
imoran	ইমরান
gfumont	ঘুমন্ত
viktforer	ভিক্টরের
gwlaper	গোলাপের
ukiloke	উকিলকে
kruddh	ক্রুদ্ধ
smqtiif	স্মৃতিই
bolatfa	বলাটা
tulecfi	তুলেছি
putrer	পুত্রের
uilson	উইলসন
uiloson	উইলসন
suimix	সুইমিং
dhornf	ধরণ
dhoronf	ধরণ
milcfe	মিলছে
milocfe	মিলছে
porikolpit	পরিকল্পিত
namoi	নামই
gane	গানে
pistler	পিস্তলের
pistoler	পিস্তলের
vugcfe	ভুগছে
vugocfe	ভুগছে
tfrzakix	ট্র্যাকিং
dhrrsfonfer	ধর্ষণের
dhorrsfonfer	ধর্ষণের
dhorecfw	ধরেছো
parrshb	পার্শ্ব
pfi	ফি
khorgwsher	খরগোশের
khorogwsher	খরগোশের
milarer	মিলারের
hzac	হ্যাচ
bstur	বস্তুর
bostur	বস্তুর
obsthatfa	অবস্থাটা
obosthatfa	অবস্থাটা
purn	পুরন
puron	পুরন
abbur	আব্বুর
sitfobeltf	সিটবেল্ট
bndore	বন্দরে
bondore	বন্দরে
gwsoler	গোসলের
lig	লিগ
sistfemtfa	সিস্টেমটা
sistfemotfa	সিস্টেমটা
dfilitf	ডিলিট
hzais	হ্যাইস
tfikitfer	টিকিটের
dlil	দলিল
dolil	দলিল
valobasot	ভালবাসত
upolkfe	উপলক্ষে
upolokfe	উপলক্ষে
monwrm	মনোরম
monwrom	মনোরম
likhcfi	লিখছি
likhocfi	লিখছি
etwif	এতোই
mailer	মাইলের
mulz	মুল্য
barrline	বার্লিনে
aenjelina	অ্যাঞ্জেলিনা
santbna	সান্ত্বনা
santbona	সান্ত্বনা
ski	স্কি
gfuragfuri	ঘুরাঘুরি
mhilatfike	মহিলাটিকে
mohilatfike	মহিলাটিকে
jiibnow	জীবনও
jiibonow	জীবনও
gwlabarud	গোলাবারুদ
ihudiira	ইহুদীরা
somanvabe	সমানভাবে
somanovabe	সমানভাবে
prticcfobi	প্রতিচ্ছবি
proticcfobi	প্রতিচ্ছবি
emone	এমনে
pflaitfer	ফ্লাইটের
marrsedfij	মার্সেডিজ
holer	হলের
lebel	লেবেল
aemer	অ্যামের
pfelecfis	ফেলেছিস
bastobik	বাস্তবিক
pfis	ফিস
siddh	সিদ্ধ
sabojektf	সাবজেক্ট
pars	পারস
paros	পারস
sisitfivi	সিসিটিভি
macfli	মাছলি
macfoli	মাছলি
otoopor	অতঃপর
mrrm	মর্ম
morrm	মর্ম
vzalkiri	ভ্যাল্কিরি
eksperimentf	এক্সপেরিমেন্ট
eksoperimentf	এক্সপেরিমেন্ট
pzatfi	প্যাটি
dwinik	দৈনিক
janur	জানুর
stfej	স্টেজ
shusfe	শুষে
pfusa	ফুসা
dffukolw	ঢুকলো
dfu	ডু
baikotfa	বাইকটা
epos	এপস
britfener	ব্রিটেনের
sahsikota	সাহসিকতা
sahosikota	সাহসিকতা
tfarrgetfe	টার্গেটে
swnali	সোনালি
subas	সুবাস
cakuriir	চাকুরীর
macw	মাচো
petw	পেতো
theika	থেইকা
shqngkhla	শৃঙ্খলা
shqngkhola	শৃঙ্খলা
mupfasa	মুফাসা
kwtfer	কোটের
thzaxk	থ্যাংক
shasoker	শাসকের
mqtzutfa	মৃত্যুটা
sobgulwr	সবগুলোর
sobogulwr	সবগুলোর
riki	রিকি
prdhaner	প্রধানের
prodhaner	প্রধানের
sandwval	সান্দোভাল
bzatfarii	ব্যাটারী
rilij	রিলিজ
prkwusholii	প্রকৌশলী
prokwusholii	প্রকৌশলী
apone	আপনে
amoratw	আমরাতো
sandwvaloke	সান্দোভালকে
tfek	টেক
megamaindf	মেগামাইন্ড
prbah	প্রবাহ
probah	প্রবাহ
prtarna	প্রতারনা
protarna	প্রতারনা
prtarona	প্রতারনা
hasibujjaman	হাসিবুজ্জামান
ssej	সসেজ
sosej	সসেজ
intfarnetfer	ইন্টারনেটের
intfaronetfer	ইন্টারনেটের
metfate	মেটাতে
enecfil	এনেছিল
ekpashe	একপাশে
ekopashe	একপাশে
suuck	সূচক
suucok	সূচক
rupii	রুপী
duookhii	দুঃখী
apne	আপ্নে
sowda	সওদা
krisomase	ক্রিসমাসে
hatahati	হাতাহাতি
pfinggarprintf	ফিঙ্গারপ্রিন্ট
pfinggaroprintf	ফিঙ্গারপ্রিন্ট
arrkaiv	আর্কাইভ
nobii	নবী
mordfu	মরডু
morodfu	মরডু
potfate	পটাতে
angkeler	আঙ্কেলের
mole	মলে
prwtfwkol	প্রোটোকল
utffan	উঠান
sajanwr	সাজানোর
naci	নাচি
haram	হারাম
prais	প্রাইস
brukos	ব্রুকস
komcfe	কমছে
komocfe	কমছে
kahil	কাহিল
vasoman	ভাসমান
sebar	সেবার
marpfi	মারফি
maropfi	মারফি
haoo	হাঃ
biipix	বীপিং
tfrakotfa	ট্রাকটা
saxbadikder	সাংবাদিকদের
saxbadikoder	সাংবাদিকদের
nirrvejal	নির্ভেজাল
gdfpfadar	গডফাদার
godfpfadar	গডফাদার
gdfopfadar	গডফাদার
dinotfar	দিনটার
ulzanfdfa	উল্যাণ্ডা
bwmatfa	বোমাটা
kqsfi	কৃষি
prbad	প্রবাদ
probad	প্রবাদ
kwutuhol	কৌতুহল
pix	পিং
khalader	খালাদের
osomvbke	অসম্ভবকে
osomvobke	অসম্ভবকে
osomvboke	অসম্ভবকে
dekhaccfw	দেখাচ্ছো
patffalen	পাঠালেন
mjud	মজুদ
mojud	মজুদ
vii	ভী
magw	মাগো
bujfb	বুঝব
bujfob	বুঝব
likhi	লিখি
beni	বেনি
new	নেও
shik	শিক
viiti	ভীতি
imarrjensi	ইমার্জেন্সি
jbalanw	জ্বালানো
muulzer	মূল্যের
vabolw	ভাবলো
vengecfe	ভেঙেছে
zaitacfi	যাইতাছি
prshnogulw	প্রশ্নগুলো
proshnogulw	প্রশ্নগুলো
zuktorasftfre	যুক্তরাষ্ট্রে
rsalw	রসালো
rosalw	রসালো
ekota	একতা
pfzaln	ফ্যালন
pfzalon	ফ্যালন
hektfor	হেক্টর
badfi	বাডি
segulwke	সেগুলোকে
sentfinel	সেন্টিনেল
wsober	ওসবের
ministfar	মিনিস্টার
porishrmer	পরিশ্রমের
porishromer	পরিশ্রমের
prtivasompnn	প্রতিভাসম্পন্ন
protivasompnn	প্রতিভাসম্পন্ন
prtivasomponn	প্রতিভাসম্পন্ন
sda	সদা
soda	সদা
mwtfku	মোটকু
mwtfoku	মোটকু
monusfzsqsftf	মনুষ্যসৃষ্ট
monusfzosqsftf	মনুষ্যসৃষ্ট
sud	সুদ
sxgftfit	সংঘটিত
soxgftfit	সংঘটিত
sxgfotfit	সংঘটিত
sdz	সদ্য
sodz	সদ্য
puru	পুরু
bujfanwr	বুঝানোর
nijertfa	নিজেরটা
nijerotfa	নিজেরটা
kntffsbor	কন্ঠস্বর
kontffsbor	কন্ঠস্বর
kntffosbor	কন্ঠস্বর
cf	ছ
picfnei	পিছনেই
picfonei	পিছনেই
greil	গ্রেইল
jimmider	জিম্মিদের
tfarrminetfor	টার্মিনেটর
apekfikota	আপেক্ষিকতা
shipftf	শিফট
shipfotf	শিফট
kixbodnti	কিংবদন্তি
kixbodonti	কিংবদন্তি
bodli	বদলি
bodoli	বদলি
zwuth	যৌথ
onishcit	অনিশ্চিত
babba	বাব্বা
utfgulw	উটগুলো
utfogulw	উটগুলো
kixsomzan	কিংসম্যান
jamine	জামিনে
obhit	অবহিত
obohit	অবহিত
mistfi	মিস্টি
gacfpala	গাছপালা
gacfopala	গাছপালা
beshzar	বেশ্যার
parcfena	পারছেনা
parocfena	পারছেনা
takiwna	তাকিওনা
tfzap	ট্যাপ
laln	লালন
lalon	লালন
rbarrtfer	রবার্টের
robarrtfer	রবার্টের
rakhcf	রাখছ
rakhocf	রাখছ
dfedfshtf	ডেডশট
dfedfoshtf	ডেডশট
dfedfshotf	ডেডশট
lukis	লুকিস
dbndb	দ্বন্দ্ব
dbondb	দ্বন্দ্ব
jfaposa	ঝাপসা
zekeu	যেকেউ
lixk	লিংক
cillacilli	চিল্লাচিল্লি
shekhanwr	শেখানোর
ekspres	এক্সপ্রেস
eksopres	এক্সপ্রেস
calab	চালাব
pfiks	ফিক্স
saibrrg	সাইবর্গ
saiborrg	সাইবর্গ
slaidf	স্লাইড
dhkol	ধকল
dhokol	ধকল
monew	মনেও
atmbishbasii	আত্মবিশ্বাসী
atmobishbasii	আত্মবিশ্বাসী
odvud	অদ্ভুদ
eihane	এইহানে
pdcihn	পদচিহ্ন
podcihn	পদচিহ্ন
pdocihn	পদচিহ্ন
britfa	ব্রিটা
gul	গুল
dhute	ধুতে
sedike	সেদিকে
shiitkal	শীতকাল
shiitokal	শীতকাল
zaccfilen	যাচ্ছিলেন
mdfi	মডি
modfi	মডি
daraw	দারাও
tupfan	তুফান
bzapargulw	ব্যাপারগুলো
bzaparogulw	ব্যাপারগুলো
nishcup	নিশ্চুপ
blzakomeil	ব্ল্যাকমেইল
hqdspndn	হৃদস্পন্দন
hqdospndn	হৃদস্পন্দন
hqdspondn	হৃদস্পন্দন
hqdspndon	হৃদস্পন্দন
gonftontr	গণতন্ত্র
gonfotontr	গণতন্ত্র
drrshkora	দর্শকরা
dorrshkora	দর্শকরা
drrshokora	দর্শকরা
atffa	আঠা
munni	মুন্নি
paltfabe	পাল্টাবে
zfakol	্যাকল
takaccfe	তাকাচ্ছে
tiniw	তিনিও
asami	আসামি
pfaj	ফাজ
hel	হেল
shikhle	শিখলে
shikhole	শিখলে
bukix	বুকিং
khatfate	খাটাতে
vaskrrz	ভাস্কর্য
vaskorrz	ভাস্কর্য
ebaroi	এবারই
lukwnw	লুকোনো
aekauntfentf	অ্যাকাউন্টেন্ট
nirrzatoner	নির্যাতনের
plzantf	প্ল্যান্ট
harrb	হার্ব
balika	বালিকা
korum	করুম
gfurgfur	ঘুরঘুর
gfurogfur	ঘুরঘুর
onath	অনাথ
zwddhara	যোদ্ধারা
ascfis	আসছিস
asocfis	আসছিস
nuur	নূর
sabah	সাবাহ
anclik	আঞ্চলিক
ancolik	আঞ্চলিক
salehiin	সালেহীন
momke	মমকে
momoke	মমকে
krrnare	কর্নারে
korrnare	কর্নারে
dfakun	ডাকুন
bakser	বাক্সের
besftfnii	বেষ্টনী
besftfonii	বেষ্টনী
durrdsha	দুর্দশা
durrdosha	দুর্দশা
baiker	বাইকের
diifni	দিইনি
pwper	পোপের
aiemoepf	আইএমএফ
senabahiniite	সেনাবাহিনীতে
kott	কত্ত
porcfi	পরছি
porocfi	পরছি
ontohiin	অন্তহীন
baibele	বাইবেলে
vabtw	ভাবতো
vabotw	ভাবতো
bedfpfwrrdf	বেডফোর্ড
bedfopfwrrdf	বেডফোর্ড
tfomir	টমির
pakhider	পাখিদের
heidfa	হেইডা
lokir	লকির
gfilu	ঘিলু
shruti	শ্রুতি
hzanodfriks	হ্যানড্রিক্স
suijarlzandfe	সুইজারল্যান্ডে
suijarolzandfe	সুইজারল্যান্ডে
iur	ইউর
dfni	ডনি
dfoni	ডনি
poriccfnn	পরিচ্ছন্ন
poriccfonn	পরিচ্ছন্ন
kathir	কাথির
kere	কেরে
sxlap	সংলাপ
soxlap	সংলাপ
nimontrnf	নিমন্ত্রণ
nimontronf	নিমন্ত্রণ
vebei	ভেবেই
maramarir	মারামারির
paiper	পাইপের
thalabason	থালাবাসন
pfisharer	ফিশারের
manobtar	মানবতার
manobotar	মানবতার
sens	সেন্স
bzatikrm	ব্যাতিক্রম
bzatikrom	ব্যাতিক্রম
klinar	ক্লিনার
utf	উট
shktite	শক্তিতে
shoktite	শক্তিতে
prtisftffane	প্রতিষ্ঠানে
protisftffane	প্রতিষ্ঠানে
zeida	যেইদা
korbwif	করবোই
korobwif	করবোই
kumarii	কুমারী
birtir	বিরতির
birotir	বিরতির
tcfnocf	তছনছ
tocfnocf	তছনছ
tcfonocf	তছনছ
sxkhzagulw	সংখ্যাগুলো
soxkhzagulw	সংখ্যাগুলো
srrbwpori	সর্বোপরি
sorrbwpori	সর্বোপরি
pzaks	প্যাক্স
bajabe	বাজাবে
siddhanttfa	সিদ্ধান্তটা
siddhantotfa	সিদ্ধান্তটা
luka	লুকা
suzwgoi	সুযোগই
abbajan	আব্বাজান
ganow	গানও
plag	প্লাগ
lagan	লাগান
snan	স্নান
najapf	নাজাফ
knostfebol	কনস্টেবল
konostfebol	কনস্টেবল
bolate	বলাতে
kzameramzan	ক্যামেরাম্যান
orrthei	অর্থেই
ul	উল
stfrberi	স্ট্রবেরি
stfroberi	স্ট্রবেরি
tfarrnarer	টার্নারের
shociin	শচীন
nkher	নখের
nokher	নখের
shawlin	শাওলিন
prtidiner	প্রতিদিনের
protidiner	প্রতিদিনের
kauntfar	কাউন্টার
thutu	থুতু
rudfi	রুডি
barrdf	বার্ড
mshziur	মশ্যিউর
moshziur	মশ্যিউর
clobw	চলবো
colobw	চলবো
soru	সরু
wkei	ওকেই
dfina	ডিনা
rwgiider	রোগীদের
abodi	আবদি
bzalens	ব্যালেন্স
vwmbl	ভোম্বল
vwmbol	ভোম্বল
obsthatei	অবস্থাতেই
obosthatei	অবস্থাতেই
biirrz	বীর্য
jerujaleme	জেরুজালেমে
bwdhi	বোধি
jnoo	জনঃ
jonoo	জনঃ
golpgulw	গল্পগুলো
golpogulw	গল্পগুলো
sxskornf	সংস্করণ
soxskornf	সংস্করণ
sxskoronf	সংস্করণ
sbore	স্বরে
hax	হাং
gftfnagulw	ঘটনাগুলো
gfotfnagulw	ঘটনাগুলো
gftfonagulw	ঘটনাগুলো
szan	স্যান
severas	সেভেরাস
vzalentfainer	ভ্যালেন্টাইনের
brrnf	বর্ণ
borrnf	বর্ণ
harmiwn	হারমিওন
haromiwn	হারমিওন
ononz	অনন্য
eksow	এক্সও
erporew	এরপরেও
eroporew	এরপরেও
rapf	রাফ
bzandfej	ব্যান্ডেজ
hitflarer	হিটলারের
hitfolarer	হিটলারের
dudiner	দুদিনের
oshesf	অশেষ
manusfotfi	মানুষটি
hasitfa	হাসিটা
komitfi	কমিটি
ekhnotw	এখনতো
ekhonotw	এখনতো
dfakotw	ডাকতো
gulite	গুলিতে
alkhalla	আলখাল্লা
alokhalla	আলখাল্লা
manlam	মানলাম
manolam	মানলাম
bajte	বাজতে
bajote	বাজতে
jne	জনে
jone	জনে
mzatfrikse	ম্যাট্রিক্সে
capun	চাপুন
tferi	টেরি
aponartfa	আপনারটা
aponarotfa	আপনারটা
themw	থেমো
bololena	বললেনা
ztwtfa	যতোটা
zotwtfa	যতোটা
pfoinnir	ফইন্নির
letfi	লেটি
ciwloke	চিওলকে
spelmen	স্পেল্মেন
kiiiba	কীইবা
legecfilw	লেগেছিলো
kunoju	কুনজু
thakatfai	থাকাটাই
ispater	ইস্পাতের
asot	আসত
vista	ভিস্তা
prrdar	পর্দার
porrdar	পর্দার
japani	জাপানি
loura	লউরা
odhikaxshoi	অধিকাংশই
shrrte	শর্তে
shorrte	শর্তে
saheba	সাহেবা
boloba	বলবা
pfwkas	ফোকাস
dekhli	দেখলি
dekholi	দেখলি
bibrrton	বিবর্তন
biborrton	বিবর্তন
bakitfuku	বাকিটুকু
jatike	জাতিকে
aijka	আইজকা
aijoka	আইজকা
rtn	রত্ন
rotn	রত্ন
janobena	জানবেনা
prkarer	প্রকারের
prokarer	প্রকারের
manobojatike	মানবজাতিকে
shikfarrthii	শিক্ষার্থী
dinotfike	দিনটিকে
helw	হেলো
glavs	গ্লাভস
glavos	গ্লাভস
bodhir	বধির
pfiinle	ফীনলে
pfiinole	ফীনলে
abrrjnar	আবর্জনার
aborrjnar	আবর্জনার
abrrjonar	আবর্জনার
shwishob	শৈশব
dfairektfor	ডাইরেক্টর
hoitw	হইতো
anumanik	আনুমানিক
kicfuroi	কিছুরই
shwishober	শৈশবের
cwrke	চোরকে
cwroke	চোরকে
nemecfe	নেমেছে
odvuut	অদ্ভূত
jiibnotfai	জীবনটাই
jiibonotfai	জীবনটাই
nacocfe	নাচছে
aekses	অ্যাক্সেস
nirrvorozwgz	নির্ভরযোগ্য
like	লিকে
pzl	প্যল
pzol	প্যল
oborwdh	অবরোধ
pangga	পাঙ্গা
radfagastf	রাডাগাস্ট
gwlaguli	গোলাগুলি
katfaccfe	কাটাচ্ছে
kala	কালা
bzaktigtvabe	ব্যাক্তিগতভাবে
bzaktigotvabe	ব্যাক্তিগতভাবে
bzaktigtovabe	ব্যাক্তিগতভাবে
ae	অ্যা
parrlomzan	পার্লম্যান
brrdfar	বর্ডার
borrdfar	বর্ডার
rumei	রুমেই
bajarer	বাজারের
wlson	ওলসন
wloson	ওলসন
mukhzmontrii	মুখ্যমন্ত্রী
mukhzomontrii	মুখ্যমন্ত্রী
dibzi	দিব্যি
unni	উন্নি
cirkaler	চিরকালের
cirokaler	চিরকালের
parrsel	পার্সেল
cmkprd	চমকপ্রদ
comkprd	চমকপ্রদ
cmokprd	চমকপ্রদ
cmkoprd	চমকপ্রদ
parrkoke	পার্ককে
cfnd	ছন্দ
cfond	ছন্দ
dfainix	ডাইনিং
sahser	সাহসের
sahoser	সাহসের
khuki	খুকি
iigoler	ঈগলের
onekokicfu	অনেককিছু
miki	মিকি
tfaime	টাইমে
nigrwra	নিগ্রোরা
medfisin	মেডিসিন
rajkumarke	রাজকুমারকে
rajokumaroke	রাজকুমারকে
rajokumarke	রাজকুমারকে
rajkumaroke	রাজকুমারকে
ovizatrii	অভিযাত্রী
pitfarsen	পিটারসেন
pitfarosen	পিটারসেন
dqsftfikwnf	দৃষ্টিকোণ
cipos	চিপস
duurtbe	দূরত্বে
duurotbe	দূরত্বে
khas	খাস
putulotfa	পুতুলটা
kwushole	কৌশলে
puran	পুরান
sipahii	সিপাহী
agamiikaler	আগামীকালের
tiirer	তীরের
obgga	অবজ্ঞা
obogga	অবজ্ঞা
ganoo	গানঃ
arrmsobi	আর্মসবি
arrmosobi	আর্মসবি
tfk	টক
tfok	টক
bahana	বাহানা
caiten	চাইতেন
samantha	সামান্থা
sahazzkarii	সাহায্যকারী
sahazzokarii	সাহায্যকারী
saundf	সাউন্ড
pfrije	ফ্রিজে
kella	কেল্লা
bujfbena	বুঝবেনা
bujfobena	বুঝবেনা
matata	মাতাতা
jarga	জারগা
jaroga	জারগা
ovineta	অভিনেতা
kidf	কিড
bgi	বগি
bogi	বগি
bujfcfis	বুঝছিস
bujfocfis	বুঝছিস
pacfar	পাছার
stfzasi	স্ট্যাসি
khelam	খেলাম
banii	বানী
niccfilam	নিচ্ছিলাম
sikiuritfir	সিকিউরিটির
vdrlwker	ভদ্রলোকের
vodrlwker	ভদ্রলোকের
vdrolwker	ভদ্রলোকের
vuli	ভুলি
sidhant	সিধান্ত
monik	মনিক
hwp	হোপ
pforasii	ফরাসী
vwrer	ভোরের
pfiniks	ফিনিক্স
cikitqqsa	চিকিত্সা
cikitoqqsa	চিকিত্সা
pisfe	পিষে
likhb	লিখব
likhob	লিখব
zetfi	যেটি
kntffoo	কন্ঠঃ
kontffoo	কন্ঠঃ
bin	বিন
tforetfw	টরেটো
komandfarer	কমান্ডারের
geitf	গেইট
rwgiike	রোগীকে
niwna	নিওনা
sikretfs	সিক্রেটস
sikretfos	সিক্রেটস
gfuman	ঘুমান
janenoi	জানেনই
manusfow	মানুষও
pranfe	প্রাণে
sare	সারে
tfailarer	টাইলারের
bibp	বিবপ
bibop	বিবপ
vzandfi	ভ্যান্ডি
jaju	জাজু
kfet	ক্ষেত
hzandfshek	হ্যান্ডশেক
hzandfoshek	হ্যান্ডশেক
bordasht	বরদাশত
borodasht	বরদাশত
bordashot	বরদাশত
apd	আপদ
apod	আপদ
nirrdeshabolii	নির্দেশাবলী
dfragan	ড্রাগান
valwbasis	ভালোবাসিস
gonfdfgwl	গণ্ডগোল
gonfdfogwl	গণ্ডগোল
shunecfile	শুনেছিলে
gtibidhi	গতিবিধি
gotibidhi	গতিবিধি
sidfni	সিডনি
sidfoni	সিডনি
lingg	লিঙ্গ
sqsftf	সৃষ্ট
mwmobati	মোমবাতি
jiibanfu	জীবাণু
iunivarrsitfi	ইউনিভার্সিটি
slw	স্লো
kapurusfer	কাপুরুষের
uindf	উইন্ড
rwde	রোদে
golate	গলাতে
uttejk	উত্তেজক
uttejok	উত্তেজক
oprtirwdhz	অপ্রতিরোধ্য
oprotirwdhz	অপ্রতিরোধ্য
prjekshon	প্রজেকশন
projekshon	প্রজেকশন
prjekoshon	প্রজেকশন
tfomer	টমের
ka	কা
carrlir	চার্লির
rakhcfilam	রাখছিলাম
rakhocfilam	রাখছিলাম
cndr	চন্দ্র
condr	চন্দ্র
mnggler	মঙ্গলের
monggler	মঙ্গলের
mnggoler	মঙ্গলের
soborkom	সবরকম
soborokom	সবরকম
ucute	উচুতে
rannar	রান্নার
obshzmvabii	অবশ্যম্ভাবী
oboshzmvabii	অবশ্যম্ভাবী
obshzomvabii	অবশ্যম্ভাবী
tfipe	টিপে
bkser	বক্সের
bokser	বক্সের
cfurir	ছুরির
glzas	গ্ল্যাস
pisftfk	পিষ্টক
pisftfok	পিষ্টক
dhuurrt	ধূর্ত
tulz	তুল্য
agamiite	আগামীতে
mhimanbit	মহিমান্বিত
mohimanbit	মহিমান্বিত
storer	স্তরের
hzakar	হ্যাকার
shikfar	শিক্ষার
kolija	কলিজা
subidhajnk	সুবিধাজনক
subidhajonk	সুবিধাজনক
subidhajnok	সুবিধাজনক
blke	ব্লকে
bloke	ব্লকে
bwjfaccfi	বোঝাচ্ছি
dfminentf	ডমিনেন্ট
dfominentf	ডমিনেন্ট
sompttir	সম্পত্তির
sompottir	সম্পত্তির
pik	পিক
porspor	পরস্পর
porospor	পরস্পর
durrzwg	দুর্যোগ
snatk	স্নাতক
snatok	স্নাতক
abraham	আব্রাহাম
siram	সিরাম
prbqtti	প্রবৃত্তি
probqtti	প্রবৃত্তি
paniw	পানিও
uniw	উনিও
namole	নামলে
tfaimix	টাইমিং
jwse	জোসে
jegecfe	জেগেছে
mhakashe	মহাকাশে
mohakashe	মহাকাশে
mwri	মোরি
dharnar	ধারনার
dharonar	ধারনার
pzankek	প্যানকেক
pzanokek	প্যানকেক
bwstfne	বোস্টনে
bwstfone	বোস্টনে
swlwjw	সোলোজো
bzandfer	ব্যান্ডের
krrp	কর্প
korrp	কর্প
dfudf	ডুড
sixhasoner	সিংহাসনের
bndwbst	বন্দোবস্ত
bondwbst	বন্দোবস্ত
bndwbost	বন্দোবস্ত
shobde	শব্দে
shikfika	শিক্ষিকা
aenthni	অ্যান্থনি
aenthoni	অ্যান্থনি
reks	রেক্স
cirjiibner	চিরজীবনের
cirojiiboner	চিরজীবনের
cirojiibner	চিরজীবনের
cirjiiboner	চিরজীবনের
lekhen	লেখেন
kridfi	ক্রিডি
mik	মিক
siimahiin	সীমাহীন
abornf	আবরণ
aboronf	আবরণ
shali	শালি
marli	মারলি
maroli	মারলি
bicarpoti	বিচারপতি
bicaropoti	বিচারপতি
dfaha	ডাহা
pwlapaner	পোলাপানের
pfailogulw	ফাইলগুলো
orrthnwitik	অর্থনৈতিক
orrthonwitik	অর্থনৈতিক
wlavsen	ওলাভসেন
wlavosen	ওলাভসেন
kfetrew	ক্ষেত্রেও
latffitfa	লাঠিটা
sukhi	সুখি
sbavabikvabei	স্বাভাবিকভাবেই
sbavabikovabei	স্বাভাবিকভাবেই
epf	এফ
vilener	ভিলেনের
zadur	যাদুর
sbiikqti	স্বীকৃতি
golptfi	গল্পটি
golpotfi	গল্পটি
ratarati	রাতারাতি
mrrmaht	মর্মাহত
morrmaht	মর্মাহত
mrrmahot	মর্মাহত
kuboladar	কুবলাদার
durer	দুরের
kheltam	খেলতাম
khelotam	খেলতাম
rsik	রসিক
rosik	রসিক
edikei	এদিকেই
dhrrmguruder	ধর্মগুরুদের
dhorrmguruder	ধর্মগুরুদের
dhrrmoguruder	ধর্মগুরুদের
jagrt	জাগ্রত
jagrot	জাগ্রত
guliw	গুলিও
buddhimtii	বুদ্ধিমতী
buddhimotii	বুদ্ধিমতী
soxgotffner	সংগঠনের
soxgotffoner	সংগঠনের
ebare	এবারে
udogfatfn	উদঘাটন
udogfatfon	উদঘাটন
barbwsa	বারবোসা
barobwsa	বারবোসা
kev	কেভ
baxladesher	বাংলাদেশের
namkornf	নামকরণ
namokornf	নামকরণ
namkoronf	নামকরণ
shepfer	শেফের
zatriider	যাত্রীদের
aponer	আপনের
madhzm	মাধ্যম
madhzom	মাধ্যম
atxk	আতংক
atoxk	আতংক
evardfin	এভারডিন
evarodfin	এভারডিন
dfainwsorer	ডাইনোসরের
knfa	কণা
konfa	কণা
hasun	হাসুন
rijarrv	রিজার্ভ
dkfinfer	দক্ষিণের
dokfinfer	দক্ষিণের
ceker	চেকের
entfena	এন্টেনা
prtirwdher	প্রতিরোধের
protirwdher	প্রতিরোধের
barrns	বার্ন্স
kotkhani	কতখানি
kotokhani	কতখানি
prtzkfdrrshii	প্রত্যক্ষদর্শী
protzkfdrrshii	প্রত্যক্ষদর্শী
prtzokfdrrshii	প্রত্যক্ষদর্শী
prtzkfodrrshii	প্রত্যক্ষদর্শী
eitfukui	এইটুকুই
sondeher	সন্দেহের
prtibeshiider	প্রতিবেশীদের
protibeshiider	প্রতিবেশীদের
shwnai	শোনাই
dfarrdfn	ডার্ডন
dfarrdfon	ডার্ডন
orrgol	অর্গল
parrle	পার্লে
dushomonoder	দুশমনদের
rnf	রণ
ronf	রণ
aem	অ্যাম
bedforumer	বেডরুমের
bamdike	বামদিকে
bamodike	বামদিকে
pailotfer	পাইলটের
bhoner	বহনের
bohoner	বহনের
siitf	সীট
beiiman	বেঈমান
jek	জেক
upjatider	উপজাতিদের
upojatider	উপজাতিদের
banorer	বানরের
baj	বাজ
monoi	মনই
gftfate	ঘটাতে
gfotfate	ঘটাতে
rwgtfa	রোগটা
rwgotfa	রোগটা
manusfotfike	মানুষটিকে
golite	গলিতে
houn	হউন
iszu	ইস্যু
haris	হারিস
gamwra	গামোরা
dhorbi	ধরবি
dhorobi	ধরবি
kwttatil	কোত্তাতিল
tfurrnamentf	টুর্নামেন্ট
dfeske	ডেস্কে
tfzaboletf	ট্যাবলেট
katfcfi	কাটছি
katfocfi	কাটছি
tulcfi	তুলছি
tulocfi	তুলছি
dffukcfi	ঢুকছি
dffukocfi	ঢুকছি
gu	গু
eragrrn	এরাগর্ন
eragorrn	এরাগর্ন
torbarir	তরবারির
torobarir	তরবারির
mortew	মরতেও
morotew	মরতেও
kep	কেপ
bishesft	বিশেষত
bishesfot	বিশেষত
dekhatei	দেখাতেই
dffwk	ঢোক
cesftfar	চেষ্টার
sjjit	সজ্জিত
sojjit	সজ্জিত
sarrjarir	সার্জারির
rwc	রোচ
dshke	দশকে
doshke	দশকে
dshoke	দশকে
raidfar	রাইডার
zfaceloke	্যাচেলকে
bzagfat	ব্যাঘাত
bzktitfi	ব্যক্তিটি
bzoktitfi	ব্যক্তিটি
parlew	পারলেও
parolew	পারলেও
vwre	ভোরে
monitfor	মনিটর
dutfwke	দুটোকে
jeimi	জেইমি
pwsftf	পোষ্ট
tfaitfaniker	টাইটানিকের
prbeshdbar	প্রবেশদ্বার
probeshdbar	প্রবেশদ্বার
prbeshodbar	প্রবেশদ্বার
kre	ক্রে
utla	উতলা
utola	উতলা
irhan	ইরহান
irohan	ইরহান
janale	জানালে
twrow	তোরও
vuupatit	ভূপাতিত
portam	পরতাম
porotam	পরতাম
rwdfe	রোডে
kwnwdinoi	কোনোদিনই
talikar	তালিকার
gfumww	ঘুমোও
japforan	জাফরান
renj	রেঞ্জ
redfoo	রেডঃ
ithar	ইথার
maxsh	মাংশ
tarikher	তারিখের
orrjit	অর্জিত
skainetfer	স্কাইনেটের
kamora	কামরা
prtisthapon	প্রতিস্থাপন
protisthapon	প্রতিস্থাপন
palalw	পালালো
mukhwshtfa	মুখোশটা
mukhwshotfa	মুখোশটা
bksar	বক্সার
boksar	বক্সার
pccfnd	পচ্ছন্দ
poccfnd	পচ্ছন্দ
pccfond	পচ্ছন্দ
jlti	জলতি
joloti	জলতি
jolti	জলতি
jloti	জলতি
pfzamilir	ফ্যামিলির
dfragonke	ড্রাগনকে
dfragonoke	ড্রাগনকে
dfzavidf	ড্যাভিড
brhmanfdf	ব্রহ্মাণ্ড
brohmanfdf	ব্রহ্মাণ্ড
pregonzantf	প্রেগন্যান্ট
dhorbena	ধরবেনা
dhorobena	ধরবেনা
bolobwna	বলবোনা
pitamh	পিতামহ
pitamoh	পিতামহ
tuitw	তুইতো
osomapt	অসমাপ্ত
okspfwrrdf	অক্সফোর্ড
oksopfwrrdf	অক্সফোর্ড
oprasnggik	অপ্রাসঙ্গিক
oprasonggik	অপ্রাসঙ্গিক
wsoman	ওসমান
hautfen	হাউটেন
varrjin	ভার্জিন
voltfer	ভল্টের
pforcuna	ফরচুনা
pforocuna	ফরচুনা
obsorer	অবসরের
obosorer	অবসরের
sarrkase	সার্কাসে
erestf	এরেস্ট
porihas	পরিহাস
lili	লিলি
bzthar	ব্যথার
bzothar	ব্যথার
gtkaloi	গতকালই
gotokaloi	গতকালই
gotkaloi	গতকালই
gtokaloi	গতকালই
kwvenzantf	কোভেন্যান্ট
pfwrmzan	ফোরম্যান
pfwromzan	ফোরম্যান
namtfi	নামটি
namotfi	নামটি
gfwre	ঘোরে
ramana	রামানা
barrtabahk	বার্তাবাহক
barrtabahok	বার্তাবাহক
bakobik	বাকবিক
carrtf	চার্ট
cin	চিন
atmorkfa	আত্মরক্ষা
atmorokfa	আত্মরক্ষা
eriker	এরিকের
lwtfas	লোটাস
ibne	ইবনে
ibone	ইবনে
rktkfornf	রক্তক্ষরণ
roktkfornf	রক্তক্ষরণ
rktokfornf	রক্তক্ষরণ
rktkforonf	রক্তক্ষরণ
sunirrdisftf	সুনির্দিষ্ট
aeparrtfomentfe	অ্যাপার্টমেন্টে
ulngg	উলঙ্গ
ulongg	উলঙ্গ
arvix	আরভিং
arovix	আরভিং
bijneser	বিজনেসের
bijoneser	বিজনেসের
siimarekha	সীমারেখা
vidfiwte	ভিডিওতে
bujfecfe	বুঝেছে
shikhecfe	শিখেছে
harab	হারাব
meshinoder	মেশিনদের
bapre	বাপ্রে
imej	ইমেজ
csfe	চষে
cosfe	চষে
shekhw	শেখো
brrdfare	বর্ডারে
borrdfare	বর্ডারে
shobdtfi	শব্দটি
shobdotfi	শব্দটি
tffike	ঠিকে
clacl	চলাচল
colacol	চলাচল
colacl	চলাচল
clacol	চলাচল
bzanarrjii	ব্যানার্জী
kiise	কীসে
pusfp	পুষ্প
dffukobw	ঢুকবো
nastik	নাস্তিক
tficarer	টিচারের
knpfarrm	কনফার্ম
konpfarrm	কনফার্ম
knopfarrm	কনফার্ম
takaben	তাকাবেন
aemdfarski	অ্যামডারস্কি
aemodfarski	অ্যামডারস্কি
aemdfaroski	অ্যামডারস্কি
sthanangk	স্থানাঙ্ক
kwtfotfa	কোটটা
nirrljj	নির্লজ্জ
nirrlojj	নির্লজ্জ
barrsfik	বার্ষিক
etwgulw	এতোগুলো
srwter	স্রোতের
pule	পুলে
prdhanomontriir	প্রধানমন্ত্রীর
prodhanomontriir	প্রধানমন্ত্রীর
tatew	তাতেও
tahsan	তাহসান
tahosan	তাহসান
duoosahsii	দুঃসাহসী
duoosahosii	দুঃসাহসী
rager	রাগের
dfevis	ডেভিস
somarsetf	সমারসেট
somarosetf	সমারসেট
hapfez	হাফেয
nogonz	নগন্য
sajaw	সাজাও
pthoi	পথই
pothoi	পথই
cemil	চেমিল
pfor	ফর
soxgotffit	সংগঠিত
ckcke	চকচকে
cokocoke	চকচকে
cokcke	চকচকে
ckocke	চকচকে
prhoriider	প্রহরীদের
prohoriider	প্রহরীদের
harai	হারাই
nabikder	নাবিকদের
nabikoder	নাবিকদের
khwls	খোলস
khwlos	খোলস
atnsomrrpnf	আত্নসমর্পণ
atnosomrrpnf	আত্নসমর্পণ
atnsomorrpnf	আত্নসমর্পণ
atnsomrrponf	আত্নসমর্পণ
khwlen	খোলেন
grrdfner	গর্ডনের
gorrdfner	গর্ডনের
grrdfoner	গর্ডনের
sobtfai	সবটাই
sobotfai	সবটাই
pfirti	ফিরতি
pfiroti	ফিরতি
nqshxs	নৃশংস
nqshoxs	নৃশংস
katflw	কাটলো
katfolw	কাটলো
buddhu	বুদ্ধু
mardhwr	মারধোর
marodhwr	মারধোর
pfaitfar	ফাইটার
ple	প্লে
tajwmaru	তাজোমারু
dfel	ডেল
kwlakuli	কোলাকুলি
venas	ভেনাস
sbarrth	স্বার্থ
ovaga	অভাগা
paicfe	পাইছে
penshon	পেনশন
penoshon	পেনশন
bwgarrtf	বোগার্ট
metfrwmzan	মেট্রোম্যান
spikar	স্পিকার
samonasamoni	সামনাসামনি
pfolit	ফলিত
sindfarela	সিন্ডারেলা
bwr	বোর
zfakel	্যাকেল
gftfnatfi	ঘটনাটি
gfotfnatfi	ঘটনাটি
gftfonatfi	ঘটনাটি
kharapoi	খারাপই
kwnotfar	কোনটার
khujcf	খুজছ
khujocf	খুজছ
mwrg	মোরগ
mwrog	মোরগ
mskwte	মস্কোতে
moskwte	মস্কোতে
dqshzt	দৃশ্যত
dqshzot	দৃশ্যত
shhorei	শহরেই
shohorei	শহরেই
bakpik	বাকপিক
bakopik	বাকপিক
aedfam	অ্যাডাম
dangga	দাঙ্গা
gripfindfor	গ্রিফিন্ডর
zuktizukt	যুক্তিযুক্ত
ett	এত্ত
kwnodinow	কোনদিনও
porecfilam	পরেছিলাম
panike	পানিকে
mashorum	মাশরুম
porikfa	পরিক্ষা
atfkecfe	আটকেছে
atfokecfe	আটকেছে
kobitar	কবিতার
suutrpat	সূত্রপাত
suutropat	সূত্রপাত
punooprcln	পুনঃপ্রচলন
punooprocln	পুনঃপ্রচলন
punooprcoln	পুনঃপ্রচলন
punooprclon	পুনঃপ্রচলন
bzbsthapona	ব্যবস্থাপনা
bzobsthapona	ব্যবস্থাপনা
bzbosthapona	ব্যবস্থাপনা
rbibarer	রবিবারের
robibarer	রবিবারের
pristfn	প্রিস্টন
pristfon	প্রিস্টন
pfulogulw	ফুলগুলো
durrgftfnasthle	দুর্ঘটনাস্থলে
durrgfotfnasthle	দুর্ঘটনাস্থলে
durrgftfonasthle	দুর্ঘটনাস্থলে
durrgftfnasthole	দুর্ঘটনাস্থলে
cfila	ছিলা
dadake	দাদাকে
morganake	মরগানাকে
moroganake	মরগানাকে
koicfe	কইছে
venggecfi	ভেঙ্গেছি
batasoke	বাতাসকে
kostfelwr	কস্টেলোর
htashar	হতাশার
hotashar	হতাশার
lisa	লিসা
huisel	হুইসেল
mqtora	মৃতরা
sabaner	সাবানের
kci	কচি
koci	কচি
porast	পরাস্ত
zanoni	যাননি
amadertfa	আমাদেরটা
amaderotfa	আমাদেরটা
somvasfonf	সম্ভাষণ
tiirndaj	তীরন্দাজ
tiirondaj	তীরন্দাজ
vdrvabe	ভদ্রভাবে
vodrvabe	ভদ্রভাবে
vdrovabe	ভদ্রভাবে
hanote	হানতে
arwp	আরোপ
bzktider	ব্যক্তিদের
bzoktider	ব্যক্তিদের
nojordarite	নজরদারিতে
nojorodarite	নজরদারিতে
hoitecfe	হইতেছে
jaw	জাও
mahir	মাহির
komaw	কমাও
cwkhke	চোখকে
cwkhoke	চোখকে
apfrikan	আফ্রিকান
satar	সাতার
vuugrrvsth	ভূগর্ভস্থ
vuugorrvsth	ভূগর্ভস্থ
vuugrrvosth	ভূগর্ভস্থ
szuper	স্যুপের
etkfone	এতক্ষনে
etokfone	এতক্ষনে
korcfwtfa	করছোটা
korocfwtfa	করছোটা
bishbozuddh	বিশ্বযুদ্ধ
arrjentf	আর্জেন্ট
borpfe	বরফে
boropfe	বরফে
nirapdei	নিরাপদেই
nirapodei	নিরাপদেই
swuvagzban	সৌভাগ্যবান
swuvagzoban	সৌভাগ্যবান
pfstfar	ফস্টার
pfostfar	ফস্টার
bodh	বধ
mudra	মুদ্রা
dfraks	ড্রাক্স
orrdhekotfa	অর্ধেকটা
makungga	মাকুঙ্গা
prasader	প্রাসাদের
mitfate	মিটাতে
va	ভা
jil	জিল
dhorecfile	ধরেছিলে
preser	প্রেসের
bisfonfn	বিষণ্ণ
busane	বুসানে
rakhtw	রাখতো
rakhotw	রাখতো
rajkumariir	রাজকুমারীর
rajokumariir	রাজকুমারীর
pathortfa	পাথরটা
pathorotfa	পাথরটা
poner	পনের
jwwn	জোওন
apfrad	আফ্রাদ
jaman	জামান
jatisxgf	জাতিসংঘ
jatisoxgf	জাতিসংঘ
sekhanew	সেখানেও
aekosidfentf	অ্যাকসিডেন্ট
udozaponer	উদযাপনের
czanele	চ্যানেলে
ruuposii	রূপসী
badamer	বাদামের
antfir	আন্টির
mrrdforer	মর্ডরের
morrdforer	মর্ডরের
krrtqk	কর্তৃক
korrtqk	কর্তৃক
twkei	তোকেই
kzaptfenke	ক্যাপ্টেনকে
kzaptfenoke	ক্যাপ্টেনকে
nit	নিত
dfevidfer	ডেভিডের
krrmkandf	কর্মকান্ড
korrmkandf	কর্মকান্ড
krrmokandf	কর্মকান্ড
nobab	নবাব
gontobze	গন্তব্যে
maris	মারিস
pfzashon	ফ্যাশন
pwkar	পোকার
dhwn	ধোন
mzaner	ম্যানের
griimhwldftfa	গ্রীমহোল্ডটা
griimohwldftfa	গ্রীমহোল্ডটা
griimhwldfotfa	গ্রীমহোল্ডটা
mitfarer	মিটারের
pagolamii	পাগলামী
ric	রিচ
madarcwt	মাদারচোত
madarocwt	মাদারচোত
odhibasii	অধিবাসী
poritzakt	পরিত্যাক্ত
dfraisokwl	ড্রাইসকোল
pfarhan	ফারহান
pfarohan	ফারহান
atmader	আত্মাদের
tfatfka	টাটকা
tfatfoka	টাটকা
ezfali	এ্যালি
kqmi	কৃমি
somiipbrrtii	সমীপবর্তী
somiipobrrtii	সমীপবর্তী
somiipborrtii	সমীপবর্তী
miutfzantfer	মিউট্যান্টের
cailam	চাইলাম
masei	মাসেই
dszu	দস্যু
doszu	দস্যু
dfraivarke	ড্রাইভারকে
dfraivaroke	ড্রাইভারকে
laitfotfa	লাইটটা
ejentfora	এজেন্টরা
uccarn	উচ্চারন
uccaron	উচ্চারন
eswna	এসোনা
kwmpanike	কোম্পানিকে
rwmanpf	রোমানফ
rwmanopf	রোমানফ
barud	বারুদ
prsetf	প্রসেট
prosetf	প্রসেট
kortacfe	করতাছে
korotacfe	করতাছে
mhin	মহিন
mohin	মহিন
lupin	লুপিন
kwnfe	কোণে
susbagtom	সুস্বাগতম
susbagotom	সুস্বাগতম
zemonotfi	যেমনটি
patffal	পাঠাল
vallage	ভাল্লাগে
pfutfobe	ফুটবে
rwdferik	রোডেরিক
bibadii	বিবাদী
sbccf	স্বচ্ছ
sboccf	স্বচ্ছ
gunobw	গুনবো
shukor	শুকর
sigonzaler	সিগন্যালের
zaccfna	যাচ্ছনা
zaccfona	যাচ্ছনা
enjels	এঞ্জেলস
enjelos	এঞ্জেলস
lukwte	লুকোতে
pailam	পাইলাম
tfamonas	টামনাস
clecfen	চলেছেন
colecfen	চলেছেন
uttpt	উত্তপ্ত
uttopt	উত্তপ্ত
rika	রিকা
bsanwr	বসানোর
bosanwr	বসানোর
enarrji	এনার্জি
dbidhagrst	দ্বিধাগ্রস্ত
dbidhagrost	দ্বিধাগ্রস্ত
kinle	কিনলে
kinole	কিনলে
shiite	শীতে
sadhona	সাধনা
ww	ওও
rwstf	রোস্ট
biskitf	বিস্কিট
iishbore	ঈশ্বরে
tforaser	টরাসের
ekstfra	এক্সট্রা
eksotfra	এক্সট্রা
prtikar	প্রতিকার
protikar	প্রতিকার
jrrjorit	জর্জরিত
jorrjorit	জর্জরিত
dbarai	দ্বারাই
nirrmomovabe	নির্মমভাবে
bhal	বহাল
bohal	বহাল
peltf	পেল্ট
mdfeler	মডেলের
modfeler	মডেলের
polir	পলির
becte	বেচতে
becote	বেচতে
srrbkaler	সর্বকালের
sorrbkaler	সর্বকালের
srrbokaler	সর্বকালের
meriir	মেরীর
gwlapii	গোলাপী
kamobur	কামবুর
vebecfilw	ভেবেছিলো
jiibnorkfakarii	জীবনরক্ষাকারী
jiibonorkfakarii	জীবনরক্ষাকারী
jiibnorokfakarii	জীবনরক্ষাকারী
latthi	লাত্থি
ehon	এহন
gfuran	ঘুরান
pfelisitfi	ফেলিসিটি
dekhat	দেখাত
lokar	লকার
prrztfk	পর্যটক
porrztfk	পর্যটক
prrzotfk	পর্যটক
prrztfok	পর্যটক
brrsfe	বর্ষে
borrsfe	বর্ষে
bwtamtfa	বোতামটা
bwtamotfa	বোতামটা
nigrwr	নিগ্রোর
porun	পরুন
pshupakhi	পশুপাখি
poshupakhi	পশুপাখি
totdine	ততদিনে
totodine	ততদিনে
peg	পেগ
jgtotfa	জগতটা
jogtotfa	জগতটা
jgototfa	জগতটা
jinisotfake	জিনিসটাকে
sekhaner	সেখানের
sjjn	সজ্জন
sojjn	সজ্জন
sjjon	সজ্জন
udzwg	উদ্যোগ
tfurrnamentfer	টুর্নামেন্টের
shukorer	শুকরের
glasotfa	গ্লাসটা
calale	চালালে
kzapfete	ক্যাফেতে
sxketer	সংকেতের
soxketer	সংকেতের
dfetfwnetfor	ডেটোনেটর
otfl	অটল
otfol	অটল
sompuurrnfvabe	সম্পূর্ণভাবে
sompuurrnfovabe	সম্পূর্ণভাবে
bamer	বামের
mela	মেলা
brrsfonf	বর্ষণ
borrsfonf	বর্ষণ
caccfina	চাচ্ছিনা
lanselotf	লান্সেলট
bzakha	ব্যাখা
mishonotfa	মিশনটা
dulavai	দুলাভাই
valwmtw	ভালোমতো
valwmotw	ভালোমতো
dhrrme	ধর্মে
dhorrme	ধর্মে
bzanggalwre	ব্যাঙ্গালোরে
knsotfens	কন্সটেন্স
konsotfens	কন্সটেন্স
praniider	প্রানীদের
mhabishber	মহাবিশ্বের
mohabishber	মহাবিশ্বের
rastai	রাস্তাই
bsen	বসেন
bosen	বসেন
ramcfagol	রামছাগল
ramocfagol	রামছাগল
onzderke	অন্যদেরকে
onzoderke	অন্যদেরকে
onzderoke	অন্যদেরকে
duijnei	দুইজনেই
duijonei	দুইজনেই
kagjtfa	কাগজটা
kagojtfa	কাগজটা
kagjotfa	কাগজটা
nicfi	নিছি
iccfatfa	ইচ্ছাটা
kzaralain	ক্যারালাইন
obsorprapt	অবসরপ্রাপ্ত
obosorprapt	অবসরপ্রাপ্ত
obsoroprapt	অবসরপ্রাপ্ত
bibaher	বিবাহের
zfaptfor	্যাপ্টর
kesi	কেসি
lepftfenentf	লেফটেনেন্ট
lepfotfenentf	লেফটেনেন্ট
vagzke	ভাগ্যকে
vagzoke	ভাগ্যকে
obirt	অবিরত
obirot	অবিরত
nirrvul	নির্ভুল
bwnera	বোনেরা
itali	ইতালি
dekhashwnar	দেখাশোনার
saipfar	সাইফার
shunar	শুনার
boila	বইলা
nirrmataoo	নির্মাতাঃ
dwstw	দোস্তো
dfzaxlar	ড্যাংলার
rekhecfilen	রেখেছিলেন
gonfdfar	গণ্ডার
meksikwr	মেক্সিকোর
etkfon	এতক্ষন
etokfon	এতক্ষন
thzangk	থ্যাঙ্ক
bodlaw	বদলাও
bodolaw	বদলাও
prkasher	প্রকাশের
prokasher	প্রকাশের
viisfon	ভীষন
ganfitik	গাণিতিক
pute	পুতে
ozwuktik	অযৌক্তিক
dflare	ডলারে
dfolare	ডলারে
kur	কুর
bitornf	বিতরণ
bitoronf	বিতরণ
tesa	তেসা
nzudfls	ন্যুডলস
nzudfols	ন্যুডলস
nzudflos	ন্যুডলস
carrlser	চার্লসের
carrloser	চার্লসের
khew	খেও
skruj	স্ক্রুজ
jzakoo	জ্যাকঃ
komiunitfi	কমিউনিটি
empudfi	এম্পুডি
tulecf	তুলেছ
mwdf	মোড
elopf	এলফ
rdf	রড
rodf	রড
poridrrshk	পরিদর্শক
poridorrshk	পরিদর্শক
poridrrshok	পরিদর্শক
thakobna	থাকবনা
thakobona	থাকবনা
eviniu	এভিনিউ
pfirlw	ফিরলো
pfirolw	ফিরলো
pfaibar	ফাইবার
spene	স্পেনে
kuk	কুক
bqhttm	বৃহত্তম
bqhottm	বৃহত্তম
bqhttom	বৃহত্তম
apfganistan	আফগানিস্তান
apfoganistan	আফগানিস্তান
mentfal	মেন্টাল
vabobw	ভাববো
prozuktir	প্রযুক্তির
upotzka	উপত্যকা
upotzoka	উপত্যকা
japaner	জাপানের
ciiner	চীনের
gfurate	ঘুরাতে
otoeb	অতএব
kolotfa	কলটা
hqdpinfdf	হৃদপিণ্ড
hqdopinfdf	হৃদপিণ্ড
dhorecfilw	ধরেছিলো
rakhai	রাখাই
monusfz	মনুষ্য
tdnte	তদন্তে
todnte	তদন্তে
tdonte	তদন্তে
buvder	বুভদের
buvoder	বুভদের
madfobladf	মাডব্লাড
panoni	পাননি
snggei	সঙ্গেই
songgei	সঙ্গেই
minoti	মিনতি
vrmone	ভ্রমনে
vromone	ভ্রমনে
kimer	কিমের
apanar	আপানার
jadugfore	জাদুঘরে
hasil	হাসিল
poritranfer	পরিত্রাণের
osthi	অস্থি
skzabars	স্ক্যাবারস
skzabaros	স্ক্যাবারস
nombortfa	নম্বরটা
nomborotfa	নম্বরটা
ultfwtfa	উল্টোটা
sompder	সম্পদের
sompoder	সম্পদের
dfividfi	ডিভিডি
otfwmzatfik	অটোম্যাটিক
pddhtir	পদ্ধতির
poddhtir	পদ্ধতির
pddhotir	পদ্ধতির
bwrrdfix	বোর্ডিং
koborsthan	কবরস্থান
koborosthan	কবরস্থান
harrtfer	হার্টের
oxshtfi	অংশটি
oxshotfi	অংশটি
pfransisokw	ফ্রান্সিসকো
suzwger	সুযোগের
dekhina	দেখিনা
sharrli	শার্লি
gwcfanw	গোছানো
shwnoni	শোননি
viu	ভিউ
valwbasake	ভালোবাসাকে
linodfa	লিনডা
khuniike	খুনীকে
maren	মারেন
kne	কনে
kone	কনে
ginipig	গিনিপিগ
duusfonf	দূষণ
rajniitir	রাজনীতির
rajoniitir	রাজনীতির
sakfi	সাক্ষি
mhasagorer	মহাসাগরের
mohasagorer	মহাসাগরের
plzanetf	প্ল্যানেট
bojr	বজ্র
bcforkhanek	বছরখানেক
bocforkhanek	বছরখানেক
bcforokhanek	বছরখানেক
nais	নাইস
ovimt	অভিমত
ovimot	অভিমত
cltei	চলতেই
colotei	চলতেই
coltei	চলতেই
clotei	চলতেই
pfevaritf	ফেভারিট
bishbke	বিশ্বকে
bishboke	বিশ্বকে
onuvuutir	অনুভূতির
her	হের
cinotw	চিনতো
ashxka	আশংকা
ashoxka	আশংকা
jzakoke	জ্যাককে
jforcfe	ঝরছে
jforocfe	ঝরছে
raniike	রানীকে
padrii	পাদ্রী
oxsher	অংশের
allahke	আল্লাহকে
allahoke	আল্লাহকে
aenar	অ্যানার
pfarrme	ফার্মে
komishonarer	কমিশনারের
ekjnow	একজনও
ekojonow	একজনও
ekojnow	একজনও
ekjonow	একজনও
karrdfe	কার্ডে
stn	স্তন
ston	স্তন
sommanii	সম্মানী
boigulw	বইগুলো
atnar	আত্নার
kfomtashalii	ক্ষমতাশালী
kfomotashalii	ক্ষমতাশালী
dhrrsfon	ধর্ষন
dhorrsfon	ধর্ষন
martha	মারথা
marotha	মারথা
prtarnfar	প্রতারণার
protarnfar	প্রতারণার
prtaronfar	প্রতারণার
methiw	মেথিও
cader	চাদের
snggiira	সঙ্গীরা
songgiira	সঙ্গীরা
marcf	মারছ
marocf	মারছ
sebk	সেবক
sebok	সেবক
palan	পালান
kortecf	করতেছ
korotecf	করতেছ
vigw	ভিগো
onzjn	অন্যজন
onzojn	অন্যজন
onzjon	অন্যজন
buddher	বুদ্ধের
biirtber	বীরত্বের
biirotber	বীরত্বের
pfeliks	ফেলিক্স
kzamon	ক্যামন
thakobei	থাকবেই
nos	নস
enjelse	এঞ্জেলসে
enjelose	এঞ্জেলসে
gjob	গজব
gojob	গজব
ospsftfvabe	অস্পষ্টভাবে
osposftfvabe	অস্পষ্টভাবে
ospsftfovabe	অস্পষ্টভাবে
sanoglas	সানগ্লাস
vairase	ভাইরাসে
tle	তলে
tole	তলে
parishrmik	পারিশ্রমিক
parishromik	পারিশ্রমিক
poseidfner	পসেইডনের
poseidfoner	পসেইডনের
sxkrmit	সংক্রমিত
soxkrmit	সংক্রমিত
sxkromit	সংক্রমিত
canoni	চাননি
kremolin	ক্রেমলিন
sborasftfr	স্বরাষ্ট্র
onushwcna	অনুশোচনা
onushwcona	অনুশোচনা
abbuke	আব্বুকে
taholetw	তাহলেতো
obinshbor	অবিনশ্বর
obinoshbor	অবিনশ্বর
morbena	মরবেনা
morobena	মরবেনা
jeli	জেলি
agerbar	আগেরবার
agerobar	আগেরবার
elsa	এলসা
elosa	এলসা
obsthaner	অবস্থানের
obosthaner	অবস্থানের
samolanw	সামলানো
tiirndajora	তীরন্দাজরা
tiirondajora	তীরন্দাজরা
eis	এইস
shilpar	শিল্পার
porimane	পরিমানে
etfiem	এটিএম
muhurrter	মুহুর্তের
spen	স্পেন
thakcfen	থাকছেন
thakocfen	থাকছেন
pfaijlami	ফাইজলামি
pfaijolami	ফাইজলামি
prme	প্রমে
prome	প্রমে
sompqkt	সম্পৃক্ত
prkwushol	প্রকৌশল
prokwushol	প্রকৌশল
orijinal	অরিজিনাল
ekgada	একগাদা
ekogada	একগাদা
mjatfa	মজাটা
mojatfa	মজাটা
likhecfil	লিখেছিল
kwk	কোক
janalw	জানালো
kfidha	ক্ষিধা
tulole	তুললে
dfeklzan	ডেক্ল্যান
kobja	কব্জা
bajii	বাজী
ilekotfrik	ইলেকট্রিক
grivar	গ্রিভার
hwldf	হোল্ড
medf	মেড
bolder	বলদের
boloder	বলদের
kobole	কবলে
tfiumar	টিউমার
jnggi	জঙ্গি
jonggi	জঙ্গি
pfrem	ফ্রেম
korab	করাব
jiti	জিতি
bstut	বস্তুত
bostut	বস্তুত
evanwra	এভানোরা
pranfgfatii	প্রাণঘাতী
pranfogfatii	প্রাণঘাতী
rmili	রমিলি
romili	রমিলি
membar	মেম্বার
thu	থু
suurrzast	সূর্যাস্ত
aramse	আরামসে
aramose	আরামসে
balotfa	বালটা
guhamanob	গুহামানব
kolwnite	কলোনিতে
gunother	গুনথের
boltecfw	বলতেছো
bolotecfw	বলতেছো
pfaundfeshon	ফাউন্ডেশন
rupantor	রুপান্তর
ceri	চেরি
bwitffk	বৈঠক
bwitffok	বৈঠক
sthaner	স্থানের
abqt	আবৃত
kortecfis	করতেছিস
korotecfis	করতেছিস
liwnaidfas	লিওনাইডাস
nidralu	নিদ্রালু
enw	এনো
knftffsbor	কণ্ঠস্বর
konftffsbor	কণ্ঠস্বর
knftffosbor	কণ্ঠস্বর
aemerikar	অ্যামেরিকার
miutfzantfora	মিউট্যান্টরা
dfakotam	ডাকতাম
clcfilw	চলছিলো
colcfilw	চলছিলো
clocfilw	চলছিলো
lw	লো
vuutftfa	ভূট্টা
plajma	প্লাজমা
plajoma	প্লাজমা
sutr	সুত্র
komplitf	কমপ্লিট
komoplitf	কমপ্লিট
iutfah	ইউটাহ
rasftfrer	রাষ্ট্রের
grandf	গ্রান্ড
tothzoi	তথ্যই
czapel	চ্যাপেল
pzantfer	প্যান্টের
benin	বেনিন
bwu	বৌ
ridfix	রিডিং
prwb	প্রোব
intfarpwler	ইন্টারপোলের
intfaropwler	ইন্টারপোলের
miu	মিউ
ontrrgt	অন্তর্গত
ontorrgt	অন্তর্গত
ontrrgot	অন্তর্গত
rekrrdfer	রেকর্ডের
rekorrdfer	রেকর্ডের
merecfis	মেরেছিস
pthimdhze	পথিমধ্যে
pothimdhze	পথিমধ্যে
pthimodhze	পথিমধ্যে
zatriira	যাত্রীরা
karagarer	কারাগারের
hzarike	হ্যারিকে
tfwbi	টোবি
poramrrshdata	পরামর্শদাতা
poramorrshdata	পরামর্শদাতা
poramrrshodata	পরামর্শদাতা
bitqsfna	বিতৃষ্ণা
bibi	বিবি
bikale	বিকালে
namobw	নামবো
gwldfbarrg	গোল্ডবার্গ
gwldfobarrg	গোল্ডবার্গ
mzadfe	ম্যাডে
benggl	বেঙ্গল
benggol	বেঙ্গল
biutfi	বিউটি
lwkotfai	লোকটাই
pamp	পাম্প
grahk	গ্রাহক
grahok	গ্রাহক
dfigori	ডিগরি
parrtfs	পার্টস
parrtfos	পার্টস
czaptfar	চ্যাপ্টার
bodlecfe	বদলেছে
bodolecfe	বদলেছে
kebine	কেবিনে
khelecfi	খেলেছি
inospektfor	ইনস্পেক্টর
premiker	প্রেমিকের
vinur	ভিনুর
sabmerin	সাবমেরিন
sabomerin	সাবমেরিন
jibar	জিবার
kenedfi	কেনেডি
mrrmantik	মর্মান্তিক
morrmantik	মর্মান্তিক
koraben	করাবেন
stfek	স্টেক
shilpiider	শিল্পীদের
haiver	হাইভের
militfarir	মিলিটারির
sediner	সেদিনের
namew	নামেও
osompuurrnf	অসম্পূর্ণ
onzanzder	অন্যান্যদের
onzanzoder	অন্যান্যদের
bzapartfake	ব্যাপারটাকে
bzaparotfake	ব্যাপারটাকে
barrsfikii	বার্ষিকী
kristfina	ক্রিস্টিনা
neshakhwr	নেশাখোর
jflok	ঝলক
jfolok	ঝলক
arrtfikel	আর্টিকেল
kentf	কেন্ট
skinar	স্কিনার
khatfi	খাটি
elsi	এলসি
elosi	এলসি
utffben	উঠবেন
utffoben	উঠবেন
dor	দর
senadl	সেনাদল
senadol	সেনাদল
pfwrrtf	ফোর্ট
suisaidf	সুইসাইড
neini	নেইনি
bwkacndr	বোকাচন্দ্র
bwkacondr	বোকাচন্দ্র
manocitre	মানচিত্রে
basw	বাসো
ekan	একান
lzaber	ল্যাবের
bujfni	বুঝনি
bujfoni	বুঝনি
sohkare	সহকারে
sohokare	সহকারে
jliler	জলিলের
joliler	জলিলের
scoracor	সচরাচর
socoracor	সচরাচর
niutfn	নিউটন
niutfon	নিউটন
jobai	জবাই
khujcfw	খুজছো
khujocfw	খুজছো
lwkjnora	লোকজনরা
lwkojonora	লোকজনরা
lwkojnora	লোকজনরা
lwkjonora	লোকজনরা
bndhubandhb	বন্ধুবান্ধব
bondhubandhb	বন্ধুবান্ধব
bndhubandhob	বন্ধুবান্ধব
lagcfilw	লাগছিলো
lagocfilw	লাগছিলো
sim	সিম
lapatta	লাপাত্তা
jmobe	জমবে
jomobe	জমবে
prtibedne	প্রতিবেদনে
protibedne	প্রতিবেদনে
prtibedone	প্রতিবেদনে
thamobw	থামবো
lagaccfi	লাগাচ্ছি
pfade	ফাদে
kenakatfa	কেনাকাটা
rakhlw	রাখলো
rakholw	রাখলো
gfumabe	ঘুমাবে
bukotfa	বুকটা
porlam	পরলাম
porolam	পরলাম
dharnfar	ধারণার
dharonfar	ধারণার
pip	পিপ
lekh	লেখ
bideshi	বিদেশি
bwth	বোথ
gonfz	গণ্য
jnosxkhzar	জনসংখ্যার
jonosxkhzar	জনসংখ্যার
jnosoxkhzar	জনসংখ্যার
clei	চলেই
colei	চলেই
babaji	বাবাজি
sindukotfa	সিন্দুকটা
pwlapain	পোলাপাইন
osr	অস্র
santa	সান্তা
elinor	এলিনর
midw	মিদো
tfimi	টিমি
shildf	শিল্ড
sarrtfipfiketf	সার্টিফিকেট
gada	গাদা
inkamix	ইনকামিং
inokamix	ইনকামিং
sure	সুরে
gam	গাম
notunvabe	নতুনভাবে
notunovabe	নতুনভাবে
l	ল
kukurder	কুকুরদের
kukuroder	কুকুরদের
ushur	উশুর
kanun	কানুন
gulli	গুল্লি
klasik	ক্লাসিক
stmv	স্তম্ভ
stomv	স্তম্ভ
kaloi	কালই
bzadhi	ব্যাধি
kqtkrrmer	কৃতকর্মের
kqtokrrmer	কৃতকর্মের
kqtkorrmer	কৃতকর্মের
redfir	রেডির
prmtt	প্রমত্ত
promtt	প্রমত্ত
prmott	প্রমত্ত
khatfaw	খাটাও
onobort	অনবরত
onoborot	অনবরত
bresoletf	ব্রেসলেট
aisokriim	আইসক্রীম
lukwnwr	লুকোনোর
duut	দূত
dfekecfilam	ডেকেছিলাম
halar	হালার
haraw	হারাও
gulwif	গুলোই
dhbxsh	ধ্বংশ
dhboxsh	ধ্বংশ
rshmir	রশ্মির
roshmir	রশ্মির
jobanobndii	জবানবন্দী
jobanobondii	জবানবন্দী
cfdmbeshe	ছদ্মবেশে
cfodmbeshe	ছদ্মবেশে
cfdmobeshe	ছদ্মবেশে
santws	সান্তোস
asoni	আসনি
durrbolder	দুর্বলদের
durrboloder	দুর্বলদের
senanii	সেনানী
egwccfe	এগোচ্ছে
aine	আইনে
jnoson	জনসন
jonoson	জনসন
aerijwna	অ্যারিজোনা
paltfanwr	পাল্টানোর
endfi	এন্ডি
bwtfer	বোটের
gutfi	গুটি
apos	আপস
etwtfai	এতোটাই
aeleksandfar	অ্যালেক্সান্ডার
notf	নট
hwsain	হোসাইন
haive	হাইভে
haiv	হাইভ
jenareler	জেনারেলের
siskw	সিস্কো
siitfe	সীটে
janer	জানের
harkiulis	হারকিউলিস
harokiulis	হারকিউলিস
szali	স্যালি
tfaun	টাউন
kashir	কাশির
rgfu	রঘু
rogfu	রঘু
vuna	ভুনা
greson	গ্রেসন
bape	বাপে
allare	আল্লারে
olivar	অলিভার
shwneni	শোনেনি
rajan	রাজান
dibser	দিবসের
diboser	দিবসের
bncit	বঞ্চিত
boncit	বঞ্চিত
shktishali	শক্তিশালি
shoktishali	শক্তিশালি
mhalkfmii	মহালক্ষ্মী
mohalkfmii	মহালক্ষ্মী
mhalokfmii	মহালক্ষ্মী
jes	জেস
pfisharke	ফিশারকে
pfisharoke	ফিশারকে
lingk	লিঙ্ক
sbpnew	স্বপ্নেও
sbopnew	স্বপ্নেও
jrrjer	জর্জের
jorrjer	জর্জের
krrmort	কর্মরত
korrmort	কর্মরত
krrmorot	কর্মরত
beg	বেগ
suini	সুইনি
jitobw	জিতবো
graniwn	গ্রানিওন
pder	পদের
poder	পদের
gregor	গ্রেগর
sedinoi	সেদিনই
sxketotfa	সংকেতটা
soxketotfa	সংকেতটা
neshar	নেশার
nikumb	নিকুম্ব
wlovarin	ওলভারিন
laim	লাইম
kohon	কহন
sompuurrn	সম্পূর্ন
badhar	বাধার
boltfu	বল্টু
nwtfobuk	নোটবুক
jnme	জন্মে
jonme	জন্মে
gwpal	গোপাল
pitfarson	পিটারসন
pitfaroson	পিটারসন
zishu	যিশু
dhbse	ধ্বসে
dhbose	ধ্বসে
therapi	থেরাপি
ramdhonu	রামধনু
ramodhonu	রামধনু
mzadfelin	ম্যাডেলিন
kristfal	ক্রিস্টাল
tfrastf	ট্রাস্ট
mikhail	মিখাইল
bnduke	বন্দুকে
bonduke	বন্দুকে
sbpnoi	স্বপ্নই
sbopnoi	স্বপ্নই
rajesh	রাজেশ
ejensi	এজেন্সি
papii	পাপী
pagolatfe	পাগলাটে
uposxhare	উপসংহারে
uposoxhare	উপসংহারে
ajkaban	আজকাবান
ajokaban	আজকাবান
dshker	দশকের
doshker	দশকের
dshoker	দশকের
tusfarpat	তুষারপাত
tusfaropat	তুষারপাত
niretf	নিরেট
iniif	ইনিই
pakistane	পাকিস্তানে
bikash	বিকাশ
riw	রিও
ashirrbad	আশির্বাদ
balir	বালির
mzadf	ম্যাড
griis	গ্রীস
udasiin	উদাসীন
pudfin	পুডিন
wrpfe	ওরফে
wropfe	ওরফে
parrthsarthii	পার্থসারথী
parrthosarthii	পার্থসারথী
parrthsarothii	পার্থসারথী
mul	মুল
alhamdulillah	আলহামদুলিল্লাহ
alohamdulillah	আলহামদুলিল্লাহ
alhamodulillah	আলহামদুলিল্লাহ
tfina	টিনা
poriikfk	পরীক্ষক
poriikfok	পরীক্ষক
bishqngkhl	বিশৃঙ্খল
bishqngkhol	বিশৃঙ্খল
cihntfa	চিহ্নটা
cihnotfa	চিহ্নটা
ujobuk	উজবুক
caibena	চাইবেনা
grhonfozwgz	গ্রহণযোগ্য
grohonfozwgz	গ্রহণযোগ্য
klip	ক্লিপ
gunote	গুনতে
knftffe	কণ্ঠে
konftffe	কণ্ঠে
osusthta	অসুস্থতা
osusthota	অসুস্থতা
partona	পারতনা
parotona	পারতনা
poribeshgt	পরিবেশগত
poribeshogt	পরিবেশগত
poribeshgot	পরিবেশগত
opohornfkarii	অপহরণকারী
opohoronfkarii	অপহরণকারী
opohornfokarii	অপহরণকারী
sngket	সঙ্কেত
songket	সঙ্কেত
skzabarrs	স্ক্যাবার্স
bahiniite	বাহিনীতে
ethens	এথেন্স
paltfanw	পাল্টানো
uddin	উদ্দিন
marrliner	মার্লিনের
atmorkfar	আত্মরক্ষার
atmorokfar	আত্মরক্ষার
bahzik	বাহ্যিক
ulotfw	উলটো
jzapfeth	জ্যাফেথ
ztnshiil	যত্নশীল
zotnshiil	যত্নশীল
ztnoshiil	যত্নশীল
stfwnobzaxkos	স্টোনব্যাংকস
wnader	ওনাদের
shahida	শাহিদা
karentf	কারেন্ট
ostrshstr	অস্ত্রশস্ত্র
ostroshstr	অস্ত্রশস্ত্র
ostrshostr	অস্ত্রশস্ত্র
valuker	ভালুকের
knw	কনো
konw	কনো
visar	ভিসার
sarendfar	সারেন্ডার
dhoren	ধরেন
rwnaldf	রোনাল্ড
sobkicfuroi	সবকিছুরই
sobokicfuroi	সবকিছুরই
binash	বিনাশ
takanwr	তাকানোর
nirpekf	নিরপেক্ষ
niropekf	নিরপেক্ষ
lzanistfarder	ল্যানিস্টারদের
lzanistfaroder	ল্যানিস্টারদের
swpfa	সোফা
gfuurrnfon	ঘূর্ণন
marvin	মারভিন
marovin	মারভিন
hausar	হাউসার
jloprpat	জলপ্রপাত
joloprpat	জলপ্রপাত
jlopropat	জলপ্রপাত
sompadk	সম্পাদক
sompadok	সম্পাদক
naitfs	নাইটস
naitfos	নাইটস
dfakoben	ডাকবেন
cfbiw	ছবিও
cfobiw	ছবিও
stfuupipfai	স্টূপিফাই
janl	জানল
janol	জানল
bkcfw	বকছো
bokcfw	বকছো
bkocfw	বকছো
cupi	চুপি
oxshke	অংশকে
oxshoke	অংশকে
shigroi	শিগ্রই
andaje	আন্দাজে
tfrek	ট্রেক
pfn	ফন
pfon	ফন
danoboder	দানবদের
partei	পারতেই
parotei	পারতেই
kator	কাতর
narkel	নারকেল
narokel	নারকেল
shuna	শুনা
vengkana	ভেঙ্কানা
bwrrn	বোর্ন
paicfw	পাইছো
somprrkotfa	সম্পর্কটা
somporrkotfa	সম্পর্কটা
praivetfer	প্রাইভেটের
mzapotfa	ম্যাপটা
krmobrrdhoman	ক্রমবর্ধমান
kromobrrdhoman	ক্রমবর্ধমান
krmoborrdhoman	ক্রমবর্ধমান
lip	লিপ
anusftffanik	আনুষ্ঠানিক
z	য
beli	বেলি
virwnika	ভিরোনিকা
jxlii	জংলী
joxlii	জংলী
baccatfike	বাচ্চাটিকে
oviggtar	অভিজ্ঞতার
oviggotar	অভিজ্ঞতার
vnggur	ভঙ্গুর
vonggur	ভঙ্গুর
dfakolw	ডাকলো
jenareloke	জেনারেলকে
janos	জানস
khelcfilam	খেলছিলাম
khelocfilam	খেলছিলাম
pitfarke	পিটারকে
pitfaroke	পিটারকে
matabbor	মাতাব্বর
bandorer	বান্দরের
mat	মাত
angtfi	আঙটি
angotfi	আঙটি
dfwnavan	ডোনাভান
marrkw	মার্কো
windrjalik	ঐন্দ্রজালিক
windrojalik	ঐন্দ্রজালিক
shikhecfw	শিখেছো
pshom	পশম
poshom	পশম
caicfilw	চাইছিলো
atfkabe	আটকাবে
atfokabe	আটকাবে
erow	এরও
pfupfar	ফুফার
maus	মাউস
bickfonf	বিচক্ষণ
bicokfonf	বিচক্ষণ
rahuler	রাহুলের
nagaveli	নাগাভেলি
tfempol	টেম্পল
uddharkarii	উদ্ধারকারী
uddharokarii	উদ্ধারকারী
jblte	জ্বলতে
jbolte	জ্বলতে
jblote	জ্বলতে
prtikuul	প্রতিকূল
protikuul	প্রতিকূল
nandur	নান্দুর
goikw	গইকো
enecfilw	এনেছিলো
nimisfei	নিমিষেই
bairew	বাইরেও
shngkit	শঙ্কিত
shongkit	শঙ্কিত
clecfil	চলেছিল
colecfil	চলেছিল
uddeshe	উদ্দেশে
buletfer	বুলেটের
uportlar	উপরতলার
uporotolar	উপরতলার
uporotlar	উপরতলার
uportolar	উপরতলার
bzpar	ব্যপার
bzopar	ব্যপার
calna	চালনা
calona	চালনা
suurrzke	সূর্যকে
suurrzoke	সূর্যকে
plas	প্লাস
merir	মেরির
hten	হতেন
hoten	হতেন
ivinix	ইভিনিং
miss	মিসস
misos	মিসস
mwbailotfa	মোবাইলটা
mukhst	মুখস্ত
mukhost	মুখস্ত
kicen	কিচেন
gfusi	ঘুসি
bujfbi	বুঝবি
bujfobi	বুঝবি
sev	সেভ
sonnzasii	সন্ন্যাসী
buddh	বুদ্ধ
inkam	ইনকাম
inokam	ইনকাম
koilam	কইলাম
kolin	কলিন
gwnar	গোনার
kajeroi	কাজেরই
nabalok	নাবালক
dicfilw	দিছিলো
shzen	শ্যেন
bildfinger	বিল্ডিঙের
arrtfistf	আর্টিস্ট
obcetoner	অবচেতনের
obocetoner	অবচেতনের
trimatrik	ত্রিমাত্রিক
alwk	আলোক
lokare	লকারে
prrnf	পর্ণ
porrnf	পর্ণ
gorme	গরমে
gorome	গরমে
uposthitite	উপস্থিতিতে
vortfekser	ভরটেক্সের
vorotfekser	ভরটেক্সের
caccfile	চাচ্ছিলে
jmanw	জমানো
jomanw	জমানো
pletfe	প্লেটে
rakhini	রাখিনি
pzacsomuuh	প্যাচসমূহ
pzacosomuuh	প্যাচসমূহ
mardhor	মারধর
marodhor	মারধর
jmijma	জমিজমা
jomijoma	জমিজমা
jomijma	জমিজমা
jmijoma	জমিজমা
dwl	দোল
stfepfanw	স্টেফানো
pfrite	ফ্রিতে
vinnvabe	ভিন্নভাবে
vinnovabe	ভিন্নভাবে
utffecfilw	উঠেছিলো
gfume	ঘুমে
khriisftfer	খ্রীষ্টের
kuinaner	কুইনানের
mddhe	মদ্ধে
moddhe	মদ্ধে
kntfaktf	কন্টাক্ট
kontfaktf	কন্টাক্ট
punrrbibecna	পুনর্বিবেচনা
punorrbibecna	পুনর্বিবেচনা
punrrbibecona	পুনর্বিবেচনা
khune	খুনে
bri	ব্রি
tfresi	ট্রেসি
heks	হেক্স
etfaitw	এটাইতো
kidfs	কিডস
kidfos	কিডস
citkar	চিতকার
citokar	চিতকার
manetfa	মানেটা
lwm	লোম
kuinan	কুইনান
selopfi	সেলফি
mtforshutfi	মটরশুটি
motforshutfi	মটরশুটি
mtforoshutfi	মটরশুটি
shilper	শিল্পের
namanw	নামানো
prwtfin	প্রোটিন
obikol	অবিকল
dhomk	ধমক
dhomok	ধমক
lagam	লাগাম
mhabishb	মহাবিশ্ব
mohabishb	মহাবিশ্ব
kortona	করতনা
korotona	করতনা
abegke	আবেগকে
abegoke	আবেগকে
kamanw	কামানো
updebta	উপদেবতা
upodebota	উপদেবতা
upodebta	উপদেবতা
updebota	উপদেবতা
tfaison	টাইসন
bensotfrm	বেন্সট্রম
bensotfrom	বেন্সট্রম
merecfilw	মেরেছিলো
gwbor	গোবর
cu	চু
canona	চাননা
shekhaw	শেখাও
asoba	আসবা
kkfpther	কক্ষপথের
kokfpther	কক্ষপথের
kkfopther	কক্ষপথের
kkfpother	কক্ষপথের
laikanoder	লাইকানদের
khet	খেত
erebor	এরেবর
jnotar	জনতার
jonotar	জনতার
kwsfgulw	কোষগুলো
kwsfogulw	কোষগুলো
or	অর
bujfaccf	বুঝাচ্ছ
dffukar	ঢুকার
laikan	লাইকান
vwjn	ভোজন
vwjon	ভোজন
sxkotf	সংকট
soxkotf	সংকট
dfaboline	ডাবলিনে
tfzangker	ট্যাঙ্কের
bolcfna	বলছনা
bolocfna	বলছনা
bolcfona	বলছনা
vestf	ভেস্ট
thame	থামে
ucctor	উচ্চতর
uccotor	উচ্চতর
sajar	সাজার
onzkauke	অন্যকাউকে
onzokauke	অন্যকাউকে
shithil	শিথিল
amaderkew	আমাদেরকেও
amaderokew	আমাদেরকেও
grhtfa	গ্রহটা
grohtfa	গ্রহটা
grhotfa	গ্রহটা
nwtfari	নোটারি
monosai	মনসাই
jfakanaka	ঝাকানাকা
sekele	সেকেলে
tfatfa	টাটা
bidogfutfe	বিদঘুটে
sukhbor	সুখবর
sukhobor	সুখবর
gohiin	গহীন
rwmanc	রোমাঞ্চ
kalekshon	কালেকশন
kalekoshon	কালেকশন
udahorn	উদাহরন
udahoron	উদাহরন
cinecfi	চিনেছি
kajke	কাজকে
kajoke	কাজকে
marini	মারিনি
lingguiinir	লিঙ্গুঈনির
elsir	এলসির
elosir	এলসির
bishbozuddher	বিশ্বযুদ্ধের
korbar	করবার
korobar	করবার
rejistfar	রেজিস্টার
akrantder	আক্রান্তদের
akrantoder	আক্রান্তদের
pwlar	পোলার
navid	নাভিদ
bndher	বন্ধের
bondher	বন্ধের
tfrpfi	ট্রফি
tfropfi	ট্রফি
kotfa	কটা
brk	ব্রক
brok	ব্রক
jbala	জ্বালা
wpen	ওপেন
lebur	লেবুর
sath	সাথ
elei	এলেই
upre	উপ্রে
jbiner	জ্বিনের
bolwtw	বলোতো
porkal	পরকাল
porokal	পরকাল
vzaner	ভ্যানের
skripgulw	স্ক্রিপগুলো
skripogulw	স্ক্রিপগুলো
iisa	ঈসা
hresfadhbni	হ্রেষাধ্বনি
hresfadhboni	হ্রেষাধ্বনি
uttejnar	উত্তেজনার
uttejonar	উত্তেজনার
dekhiw	দেখিও
greg	গ্রেগ
thamcfi	থামছি
thamocfi	থামছি
bwstfn	বোস্টন
bwstfon	বোস্টন
gtffit	গঠিত
gotffit	গঠিত
kham	খাম
jahajtfi	জাহাজটি
jahajotfi	জাহাজটি
tfzaksite	ট্যাক্সিতে
nwitik	নৈতিক
ekadfemii	একাডেমী
kzathi	ক্যাথি
taderkei	তাদেরকেই
taderokei	তাদেরকেই
uccflta	উচ্ছলতা
uccfolta	উচ্ছলতা
uccflota	উচ্ছলতা
bwjfwif	বোঝোই
prdrrshit	প্রদর্শিত
prodrrshit	প্রদর্শিত
prdorrshit	প্রদর্শিত
kicfuw	কিছুও
bolew	বলেও
gajja	গাজ্জা
pzanel	প্যানেল
kolngk	কলঙ্ক
kolongk	কলঙ্ক
ratfatfuui	রাটাটূই
bidbesf	বিদ্বেষ
krein	ক্রেইন
stfeje	স্টেজে
jiibnotfake	জীবনটাকে
jiibonotfake	জীবনটাকে
dfw	ডো
sarrpf	সার্ফ
suutre	সূত্রে
dhwlai	ধোলাই
agf	আঘ
kixki	কিংকি
shalii	শালী
bolisoni	বলিসনি
bndhutbpuurrnf	বন্ধুত্বপূর্ণ
bondhutbpuurrnf	বন্ধুত্বপূর্ণ
bndhutbopuurrnf	বন্ধুত্বপূর্ণ
plzane	প্ল্যানে
dfentfke	ডেন্টকে
dfentfoke	ডেন্টকে
bidrwhiira	বিদ্রোহীরা
cfinnvinn	ছিন্নভিন্ন
cfinnovinn	ছিন্নভিন্ন
bdfigarrdf	বডিগার্ড
bodfigarrdf	বডিগার্ড
pzaraswrrs	প্যারাসোর্স
thakakaliin	থাকাকালীন
hase	হাসে
iurwper	ইউরোপের
oskari	অস্কারি
swiniker	সৈনিকের
sorte	সরতে
sorote	সরতে
ondher	অন্ধের
arrl	আর্ল
sktfish	স্কটিশ
skotfish	স্কটিশ
dinotfake	দিনটাকে
tras	ত্রাস
mhanuvobta	মহানুভবতা
mohanuvobota	মহানুভবতা
mohanuvobta	মহানুভবতা
mhanuvobota	মহানুভবতা
knzake	কন্যাকে
konzake	কন্যাকে
mzarni	ম্যারনি
mzaroni	ম্যারনি
gemer	গেমের
ejentfder	এজেন্টদের
ejentfoder	এজেন্টদের
biborn	বিবরন
biboron	বিবরন
sktfi	স্কটি
skotfi	স্কটি
jkhm	জখম
jokhm	জখম
jkhom	জখম
etf	এট
vdrlwkgonf	ভদ্রলোকগণ
vodrlwkgonf	ভদ্রলোকগণ
vdrolwkgonf	ভদ্রলোকগণ
vdrlwkogonf	ভদ্রলোকগণ
briustfar	ব্রিউস্টার
nisftffaban	নিষ্ঠাবান
natfke	নাটকে
natfoke	নাটকে
ser	সের
bsti	বস্তি
bosti	বস্তি
ontrrvuukt	অন্তর্ভূক্ত
ontorrvuukt	অন্তর্ভূক্ত
udzmta	উদ্যমতা
udzomta	উদ্যমতা
udzmota	উদ্যমতা
kanekshon	কানেকশন
kanekoshon	কানেকশন
mukkamer	মুক্কামের
asolew	আসলেও
opohqt	অপহৃত
bmbur	বম্বুর
bombur	বম্বুর
prudfwm	প্রুডোম
onupranfit	অনুপ্রাণিত
mzandfarin	ম্যান্ডারিন
jfal	ঝাল
thanws	থানোস
intfel	ইন্টেল
kni	কনি
koni	কনি
dwitzer	দৈত্যের
pwucfabe	পৌছাবে
maktw	মাক্তো
dahdah	দাহদাহ
dahodah	দাহদাহ
ep	এপ
shantipuurrnf	শান্তিপূর্ণ
bwtle	বোতলে
bwtole	বোতলে
jforna	ঝরনা
jforona	ঝরনা
kurrtf	কুর্ট
tfelomarin	টেলমারিন
kolitfa	কলিটা
knzar	কন্যার
konzar	কন্যার
puurrbpurusfder	পূর্বপুরুষদের
puurrbopurusfder	পূর্বপুরুষদের
puurrbpurusfoder	পূর্বপুরুষদের
ragfban	রাঘবান
ragfoban	রাঘবান
nim	নিম
ikran	ইক্রান
stfwr	স্টোর
arwgz	আরোগ্য
grrve	গর্ভে
gorrve	গর্ভে
shrm	শ্রম
shrom	শ্রম
ovuutpuurrb	অভূতপূর্ব
ovuutopuurrb	অভূতপূর্ব
antorikvabe	আন্তরিকভাবে
antorikovabe	আন্তরিকভাবে
janotei	জানতেই
bujfen	বুঝেন
poriira	পরীরা
jfkjfke	ঝকঝকে
jfokjfke	ঝকঝকে
jfkojfke	ঝকঝকে
jfkjfoke	ঝকঝকে
korcfetfa	করছেটা
korocfetfa	করছেটা
twtlan	তোতলান
twtolan	তোতলান
purusfoke	পুরুষকে
leveler	লেভেলের
dekhatfa	দেখাটা
agacfa	আগাছা
bxshdhor	বংশধর
boxshdhor	বংশধর
bxshodhor	বংশধর
oggta	অজ্ঞতা
oggota	অজ্ঞতা
shimgulw	শিমগুলো
shimogulw	শিমগুলো
prmaner	প্রমানের
promaner	প্রমানের
cfutfte	ছুটতে
cfutfote	ছুটতে
prtisftffata	প্রতিষ্ঠাতা
protisftffata	প্রতিষ্ঠাতা
praner	প্রানের
okqtgg	অকৃতজ্ঞ
okqtogg	অকৃতজ্ঞ
kwdal	কোদাল
tfrask	ট্রাস্ক
tfiub	টিউব
dqshztfa	দৃশ্যটা
dqshzotfa	দৃশ্যটা
pixke	পিংকে
biniit	বিনীত
palit	পালিত
kuraisher	কুরাইশের
valotfa	ভালটা
cfappa	ছাপ্পা
dbigun	দ্বিগুন
dfedf	ডেড
prtirkfar	প্রতিরক্ষার
protirkfar	প্রতিরক্ষার
prtirokfar	প্রতিরক্ষার
ejentfke	এজেন্টকে
ejentfoke	এজেন্টকে
kein	কেইন
szutfe	স্যুটে
anggule	আঙ্গুলে
hrrnf	হর্ণ
horrnf	হর্ণ
ripwrrtfotfa	রিপোর্টটা
bajetf	বাজেট
timon	তিমন
porjiibii	পরজীবী
porojiibii	পরজীবী
dfekecf	ডেকেছ
gzaln	গ্যালন
gzalon	গ্যালন
intfarrn	ইন্টার্ন
potfl	পটল
potfol	পটল
tfikobe	টিকবে
jenii	জেনী
khelcfile	খেলছিলে
khelocfile	খেলছিলে
mer	মের
babbi	বাব্বি
tfransmishon	ট্রান্সমিশন
tfransomishon	ট্রান্সমিশন
baburrcii	বাবুর্চী
dfakatora	ডাকাতরা
thanqqk	থান্ক
thanoqqk	থান্ক
skec	স্কেচ
likhw	লিখো
hirrsh	হির্শ
tfingk	টিঙ্ক
mhole	মহলে
mohole	মহলে
edikotfa	এদিকটা
shsz	শস্য
shosz	শস্য
dhbxsokarii	ধ্বংসকারী
dhboxsokarii	ধ্বংসকারী
thakcf	থাকছ
thakocf	থাকছ
bishbsttar	বিশ্বস্ততার
bishbosttar	বিশ্বস্ততার
bishbstotar	বিশ্বস্ততার
tfutf	টুট
patrer	পাত্রের
rkfii	রক্ষী
rokfii	রক্ষী
tumiki	তুমিকি
benedfiktfer	বেনেডিক্টের
sxkucit	সংকুচিত
soxkucit	সংকুচিত
hjm	হজম
hojom	হজম
hojm	হজম
hjom	হজম
khetab	খেতাব
saul	সাউল
marrj	মার্জ
gfqnfar	ঘৃণার
sepf	সেফ
korisona	করিসনা
sbpnogulw	স্বপ্নগুলো
sbopnogulw	স্বপ্নগুলো
karigorder	কারিগরদের
karigoroder	কারিগরদের
zadumontr	যাদুমন্ত্র
onusondhaner	অনুসন্ধানের
etfaroi	এটারই
kuraishder	কুরাইশদের
kuraishoder	কুরাইশদের
skai	স্কাই
jwrdar	জোরদার
jwrodar	জোরদার
pfax	ফাং
bqhsptibare	বৃহস্পতিবারে
bqhosptibare	বৃহস্পতিবারে
bqhspotibare	বৃহস্পতিবারে
agfatprapt	আঘাতপ্রাপ্ত
agfatoprapt	আঘাতপ্রাপ্ত
muktvabe	মুক্তভাবে
muktovabe	মুক্তভাবে
nirrmol	নির্মল
omorita	অমরিতা
etfli	এটলি
etfoli	এটলি
khaise	খাইসে
stfenoj	স্টেনজ
rwmanw	রোমানো
komecfe	কমেছে
bishbasgfatkotar	বিশ্বাসঘাতকতার
bishbasogfatkotar	বিশ্বাসঘাতকতার
bishbasgfatokotar	বিশ্বাসঘাতকতার
britfen	ব্রিটেন
otrrkit	অতর্কিত
otorrkit	অতর্কিত
kwtfai	কোটাই
sxzt	সংযত
soxzt	সংযত
sxzot	সংযত
apfgani	আফগানি
apfogani	আফগানি
ogrhonfozwgz	অগ্রহণযোগ্য
ogrohonfozwgz	অগ্রহণযোগ্য
basatfa	বাসাটা
kfomtatfa	ক্ষমতাটা
kfomotatfa	ক্ষমতাটা
mhakash	মহাকাশ
mohakash	মহাকাশ
bkstfar	বক্সটার
bokstfar	বক্সটার
bksotfar	বক্সটার
sains	সাইন্স
palte	পালতে
palote	পালতে
brzan	ব্র্যান
mzaverik	ম্যাভেরিক
dhoris	ধরিস
zuktite	যুক্তিতে
baccaw	বাচ্চাও
jwibik	জৈবিক
dfai	ডাই
akangkfa	আকাঙ্ক্ষা
tfric	ট্রিচ
dicf	দিছ
pathore	পাথরে
porisiima	পরিসীমা
jadutfa	জাদুটা
lagai	লাগাই
suraj	সুরাজ
atfkanwr	আটকানোর
atfokanwr	আটকানোর
adhtfu	আধটু
adhotfu	আধটু
nisar	নিসার
deborajer	দেবরাজের
dfresotfa	ড্রেসটা
namcfi	নামছি
namocfi	নামছি
pfijiks	ফিজিক্স
sohjat	সহজাত
sohojat	সহজাত
jiusoke	জিউসকে
shantshisftf	শান্তশিষ্ট
shantoshisftf	শান্তশিষ্ট
kzal	ক্যাল
opfisarra	অফিসাররা
opfisarora	অফিসাররা
sar	সার
apatdqsftfite	আপাতদৃষ্টিতে
apatodqsftfite	আপাতদৃষ্টিতে
czapin	চ্যাপিন
biddh	বিদ্ধ
sxsprrshe	সংস্পর্শে
soxsprrshe	সংস্পর্শে
sxsporrshe	সংস্পর্শে
sanosa	সানসা
tfarrgetfke	টার্গেটকে
tfarrgetfoke	টার্গেটকে
pfelen	ফেলেন
rakheni	রাখেনি
tfibitfs	টিবিটস
tfibitfos	টিবিটস
bwjfabujfi	বোঝাবুঝি
lekhte	লেখতে
lekhote	লেখতে
rakht	রাখত
rakhot	রাখত
saileks	সাইলেক্স
enggejmentf	এঙ্গেজমেন্ট
enggejomentf	এঙ্গেজমেন্ট
jmatf	জমাট
jomatf	জমাট
sundori	সুন্দরি
arrni	আর্নি
plenotfa	প্লেনটা
spzarwr	স্প্যারোর
bani	বানি
mwusume	মৌসুমে
prthmdike	প্রথমদিকে
prothmdike	প্রথমদিকে
prthomdike	প্রথমদিকে
prthmodike	প্রথমদিকে
beth	বেথ
cakorer	চাকরের
tile	তিলে
porecfil	পরেছিল
kauntfes	কাউন্টেস
miln	মিলন
milon	মিলন
sinduke	সিন্দুকে
hkix	হকিং
hokix	হকিং
vik	ভিক
pengguinera	পেঙ্গুইনেরা
poricalnar	পরিচালনার
poricalonar	পরিচালনার
abbake	আব্বাকে
svar	সভার
sovar	সভার
stfpej	স্টপেজ
stfopej	স্টপেজ
bzakpzak	ব্যাকপ্যাক
bzakopzak	ব্যাকপ্যাক
komobe	কমবে
kwuc	কৌচ
vagne	ভাগ্নে
porisfd	পরিষদ
porisfod	পরিষদ
niruddesh	নিরুদ্দেশ
whhw	ওহহো
whohw	ওহহো
onttpkfe	অন্ততপক্ষে
ontotpkfe	অন্ততপক্ষে
onttopkfe	অন্ততপক্ষে
onttpokfe	অন্ততপক্ষে
stfil	স্টিল
bahadur	বাহাদুর
bzanix	ব্যানিং
bhubar	বহুবার
bohubar	বহুবার
prtibeshiir	প্রতিবেশীর
protibeshiir	প্রতিবেশীর
rktpipasu	রক্তপিপাসু
roktpipasu	রক্তপিপাসু
rktopipasu	রক্তপিপাসু
mzason	ম্যাসন
wkhanew	ওখানেও
wporei	ওপরেই
jelar	জেলার
valwbasen	ভালোবাসেন
aemerika	অ্যামেরিকা
szutfotfa	স্যুটটা
pfishix	ফিশিং
potrer	পত্রের
rwnanke	রোনানকে
rwnanoke	রোনানকে
dfentfistf	ডেন্টিস্ট
tusfarer	তুষারের
oshuddh	অশুদ্ধ
tfzals	ট্যালস
tfzalos	ট্যালস
kzampase	ক্যাম্পাসে
palne	পালনে
palone	পালনে
culogulw	চুলগুলো
pfrens	ফ্রেন্স
muusa	মূসা
meinlzandfe	মেইনল্যান্ডে
meinolzandfe	মেইনল্যান্ডে
dndf	দন্ড
dondf	দন্ড
cwp	চোপ
cirtorunf	চিরতরুণ
cirotorunf	চিরতরুণ
khatfe	খাটে
opekfoman	অপেক্ষমান
dfever	ডেভের
zare	যারে
helometfer	হেলমেটের
rksi	রক্সি
roksi	রক্সি
jadubidza	জাদুবিদ্যা
vobisfztobanii	ভবিষ্যতবানী
vobisfzotobanii	ভবিষ্যতবানী
thamoben	থামবেন
gems	গেমস
gemos	গেমস
pwlzandf	পোল্যান্ড
caccfilen	চাচ্ছিলেন
srrtk	সর্তক
sorrtk	সর্তক
srrtok	সর্তক
aentf	অ্যান্ট
nacocfi	নাচছি
pfliner	ফ্লিনের
prdhanomontriike	প্রধানমন্ত্রীকে
prodhanomontriike	প্রধানমন্ত্রীকে
toh	তহ
hause	হাউসে
pfildfe	ফিল্ডে
milemishe	মিলেমিশে
stfriitfe	স্ট্রীটে
gulwte	গুলোতে
lakhw	লাখো
duurrboler	দূর্বলের
edfith	এডিথ
prbalopraciirer	প্রবালপ্রাচীরের
probalopraciirer	প্রবালপ্রাচীরের
lipostfik	লিপস্টিক
kuttarbacca	কুত্তারবাচ্চা
kuttarobacca	কুত্তারবাচ্চা
joban	জবান
nibena	নিবেনা
sftfil	ষ্টিল
pfzaloknir	ফ্যালকনির
pfzalokonir	ফ্যালকনির
aendfow	অ্যান্ডও
dffukanwr	ঢুকানোর
prpfesorer	প্রফেসরের
propfesorer	প্রফেসরের
sugondh	সুগন্ধ
lagtacfe	লাগতাছে
lagotacfe	লাগতাছে
jwralw	জোরালো
nirrbason	নির্বাসন
aponojn	আপনজন
aponojon	আপনজন
purwdome	পুরোদমে
kupon	কুপন
jahajke	জাহাজকে
jahajoke	জাহাজকে
suzwge	সুযোগে
mhilatfir	মহিলাটির
mohilatfir	মহিলাটির
mamu	মামু
pfiri	ফিরি
nevaw	নেভাও
korcfili	করছিলি
korocfili	করছিলি
bedforum	বেডরুম
debtake	দেবতাকে
debotake	দেবতাকে
salajar	সালাজার
shuddh	শুদ্ধ
niicu	নীচু
onzkarow	অন্যকারও
onzokarow	অন্যকারও
dena	দেনা
rakhbena	রাখবেনা
rakhobena	রাখবেনা
lavoban	লাভবান
subishal	সুবিশাল
bagdtta	বাগদত্তা
bagodtta	বাগদত্তা
bagdotta	বাগদত্তা
babur	বাবুর
prhoriira	প্রহরীরা
prohoriira	প্রহরীরা
lzanselwtf	ল্যান্সেলোট
datobz	দাতব্য
khorce	খরচে
khoroce	খরচে
prtishrut	প্রতিশ্রুত
protishrut	প্রতিশ্রুত
kfomtake	ক্ষমতাকে
kfomotake	ক্ষমতাকে
pecfaw	পেছাও
siul	সিউল
kwldflw	কোল্ডলো
kwldfolw	কোল্ডলো
tfaitfen	টাইটেন
huipoplesh	হুইপপ্লেশ
pwsfake	পোষাকে
ratew	রাতেও
thekecfe	থেকেছে
rajniitite	রাজনীতিতে
rajoniitite	রাজনীতিতে
matqvuumi	মাতৃভূমি
rktcap	রক্তচাপ
roktcap	রক্তচাপ
rktocap	রক্তচাপ
parcfwna	পারছোনা
parocfwna	পারছোনা
wram	ওরাম
awtar	আওতার
lunggi	লুঙ্গি
monthor	মন্থর
preshas	প্রেশাস
barnf	বারণ
baronf	বারণ
arekdin	আরেকদিন
arekodin	আরেকদিন
magolder	মাগলদের
magoloder	মাগলদের
nzarw	ন্যারো
muulok	মূলক
dordii	দরদী
dorodii	দরদী
nanii	নানী
grzandfpa	গ্র্যান্ডপা
grzandfopa	গ্র্যান্ডপা
nathan	নাথান
baloker	বালকের
gondhe	গন্ধে
jzaketfer	জ্যাকেটের
utffb	উঠব
utffob	উঠব
sb	স্ব
oshanti	অশান্তি
mwusumer	মৌসুমের
siimanter	সীমান্তের
tranfkrrta	ত্রাণকর্তা
tranfokrrta	ত্রাণকর্তা
tranfkorrta	ত্রাণকর্তা
bladfi	ব্লাডি
tartfa	তারটা
tarotfa	তারটা
vanfdfar	ভাণ্ডার
sutfkes	সুটকেস
sutfokes	সুটকেস
kuci	কুচি
cir	চির
raikha	রাইখা
biponn	বিপন্ন
saikw	সাইকো
jbiinoder	জ্বীনদের
poseidfn	পসেইডন
poseidfon	পসেইডন
hisaber	হিসাবের
pfilixs	ফিলিংস
malobahii	মালবাহী
jenecfe	জেনেছে
tffak	ঠাক
somondhe	সমন্ধে
gviirtom	গভীরতম
goviirotom	গভীরতম
goviirtom	গভীরতম
gviirotom	গভীরতম
pacarer	পাচারের
pwlish	পোলিশ
lavar	লাভার
duoosahsik	দুঃসাহসিক
duoosahosik	দুঃসাহসিক
palla	পাল্লা
asiw	আসিও
rakhbi	রাখবি
rakhobi	রাখবি
ciinabadam	চীনাবাদাম
tfzaxker	ট্যাংকের
cfuritfi	ছুরিটি
durrvagzkrme	দুর্ভাগ্যক্রমে
durrvagzokrme	দুর্ভাগ্যক্রমে
durrvagzkrome	দুর্ভাগ্যক্রমে
vase	ভাসে
baccfa	বাচ্ছা
sommeln	সম্মেলন
sommelon	সম্মেলন
shrmiker	শ্রমিকের
shromiker	শ্রমিকের
lutfe	লুটে
cimole	চিমলে
dorkarow	দরকারও
dorokarow	দরকারও
iccfamtw	ইচ্ছামতো
iccfamotw	ইচ্ছামতো
postabe	পস্তাবে
laikanora	লাইকানরা
bishlesfon	বিশ্লেষন
pijn	পিজন
pijon	পিজন
iuj	ইউজ
parrtfitfa	পার্টিটা
nauk	নাউক
lekhe	লেখে
sahsikotar	সাহসিকতার
sahosikotar	সাহসিকতার
mtt	মত্ত
mott	মত্ত
megfe	মেঘে
sadh	সাধ
czax	চ্যাং
swinikder	সৈনিকদের
swinikoder	সৈনিকদের
nimn	নিম্ন
khewna	খেওনা
kzalagan	ক্যালাগান
pthprdrrshk	পথপ্রদর্শক
pothprdrrshk	পথপ্রদর্শক
pthoprdrrshk	পথপ্রদর্শক
pthprodrrshk	পথপ্রদর্শক
pfa	ফা
kiitf	কীট
ekant	একান্ত
keker	কেকের
bolola	বললা
uintfar	উইন্টার
tfanobe	টানবে
meshinora	মেশিনরা
spener	স্পেনের
pflu	ফ্লু
sotrrkobarrta	সতর্কবার্তা
sotorrkobarrta	সতর্কবার্তা
coritre	চরিত্রে
janawni	জানাওনি
medfisiner	মেডিসিনের
sajai	সাজাই
pase	পাসে
nwtfotfa	নোটটা
abas	আবাস
bainari	বাইনারি
mzak	ম্যাক
jnkei	জনকেই
jonokei	জনকেই
jonkei	জনকেই
jnokei	জনকেই
bajir	বাজির
sthapit	স্থাপিত
mzathius	ম্যাথিউস
prsob	প্রসব
prosob	প্রসব
elomontf	এলমন্ট
jnmecfil	জন্মেছিল
jonmecfil	জন্মেছিল
bab	বাব
prlap	প্রলাপ
prolap	প্রলাপ
kqsfna	কৃষ্ণা
krw	ক্রো
mala	মালা
sherin	শেরিন
aeles	অ্যালেস
prsngg	প্রসঙ্গ
prosngg	প্রসঙ্গ
prsongg	প্রসঙ্গ
klinike	ক্লিনিকে
gwurber	গৌরবের
gwurober	গৌরবের
suijarlzandfer	সুইজারল্যান্ডের
suijarolzandfer	সুইজারল্যান্ডের
prmwd	প্রমোদ
promwd	প্রমোদ
kortali	করতালি
korotali	করতালি
marrtfiner	মার্টিনের
kwmore	কোমরে
somrrpnf	সমর্পণ
somorrpnf	সমর্পণ
somrrponf	সমর্পণ
bajaccfe	বাজাচ্ছে
mainas	মাইনাস
gtanugtik	গতানুগতিক
gotanugotik	গতানুগতিক
gotanugtik	গতানুগতিক
gtanugotik	গতানুগতিক
ruth	রুথ
valwbas	ভালোবাস
adhar	আধার
shrenfii	শ্রেণী
mzathiu	ম্যাথিউ
krrmiira	কর্মীরা
korrmiira	কর্মীরা
momomom	মমমম
lzu	ল্যু
griiser	গ্রীসের
tfresolar	ট্রেসলার
hebbii	হেব্বী
embulens	এম্বুলেন্স
hanimun	হানিমুন
kzathlik	ক্যাথলিক
kzatholik	ক্যাথলিক
swundrrzer	সৌন্দর্যের
swundorrzer	সৌন্দর্যের
agfatotfa	আঘাতটা
vrant	ভ্রান্ত
mirakol	মিরাকল
brrsfer	বর্ষের
borrsfer	বর্ষের
mhapraciir	মহাপ্রাচীর
mohapraciir	মহাপ্রাচীর
ltika	লতিকা
lotika	লতিকা
tfac	টাচ
manibzagtfa	মানিব্যাগটা
manibzagotfa	মানিব্যাগটা
jum	জুম
smfcaln	সঞ্চালন
somfcaln	সঞ্চালন
smfcalon	সঞ্চালন
dffeki	ঢেকি
uma	উমা
shikariider	শিকারীদের
brulov	ব্রুলভ
banfijzik	বাণিজ্যিক
malikoke	মালিককে
katffi	কাঠি
gzaser	গ্যাসের
clew	চলেও
colew	চলেও
bqkfer	বৃক্ষের
adibasii	আদিবাসী
nioosb	নিঃস্ব
brijar	ব্রিজার
jemser	জেমসের
jemoser	জেমসের
kekotfa	কেকটা
jiibitder	জীবিতদের
jiibitoder	জীবিতদের
pakhitfa	পাখিটা
zfandfi	্যান্ডি
wivabe	ঐভাবে
iims	ঈমস
iimos	ঈমস
utthapit	উত্থাপিত
dlotfa	দলটা
dolotfa	দলটা
nostf	নস্ট
katfobw	কাটবো
krrmkrrtar	কর্মকর্তার
korrmkrrtar	কর্মকর্তার
krrmokrrtar	কর্মকর্তার
krrmkorrtar	কর্মকর্তার
marrjit	মার্জিত
morpfin	মরফিন
moropfin	মরফিন
elina	এলিনা
jfore	ঝরে
durrvagzer	দুর্ভাগ্যের
pathure	পাথুরে
cobbish	চব্বিশ
tfakola	টাকলা
pfisitf	ফিসিট
rukhte	রুখতে
rukhote	রুখতে
asamiir	আসামীর
purapuri	পুরাপুরি
htzakariike	হত্যাকারীকে
hotzakariike	হত্যাকারীকে
pzadfel	প্যাডেল
cuurrnf	চূর্ণ
dekhaccfen	দেখাচ্ছেন
osamajik	অসামাজিক
vobgfure	ভবঘুরে
vobogfure	ভবঘুরে
kxgres	কংগ্রেস
koxgres	কংগ্রেস
onjli	অঞ্জলি
onjoli	অঞ্জলি
prdiip	প্রদীপ
prodiip	প্রদীপ
muvioo	মুভিঃ
jahapana	জাহাপানা
pestfor	পেস্টর
tfikitfotfa	টিকিটটা
shimer	শিমের
nistej	নিস্তেজ
stfzandf	স্ট্যান্ড
goriiboder	গরীবদের
pfaw	ফাও
gacfgulw	গাছগুলো
gacfogulw	গাছগুলো
valluker	ভাল্লুকের
khaini	খাইনি
merecfile	মেরেছিলে
rwdh	রোধ
vater	ভাতের
krrpwral	কর্পোরাল
korrpwral	কর্পোরাল
bishalakar	বিশালাকার
pwsfaker	পোষাকের
ambrela	আম্ব্রেলা
vrm	ভ্রম
vrom	ভ্রম
somprrkew	সম্পর্কেও
somporrkew	সম্পর্কেও
pfaxshon	ফাংশন
pain	পাইন
gtobcfor	গতবছর
gotobcfor	গতবছর
gtobocfor	গতবছর
rakhuk	রাখুক
karrtfun	কার্টুন
tumul	তুমুল
gudam	গুদাম
jepi	জেপি
bcforoi	বছরই
bocforoi	বছরই
ekobcfor	একবছর
ekobocfor	একবছর
biggapone	বিজ্ঞাপনে
ricarrj	রিচার্জ
sbavabikvabe	স্বাভাবিকভাবে
sbavabikovabe	স্বাভাবিকভাবে
sarrthk	সার্থক
sarrthok	সার্থক
bwkacwda	বোকাচোদা
bodomashtfa	বদমাশটা
bodomashotfa	বদমাশটা
stfzag	স্ট্যাগ
khubi	খুবি
klac	ক্লাচ
gzalari	গ্যালারি
shikhcfi	শিখছি
shikhocfi	শিখছি
opoprcar	অপপ্রচার
opoprocar	অপপ্রচার
pasta	পাস্তা
pzatfel	প্যাটেল
mrrtf	মর্ট
morrtf	মর্ট
pulishow	পুলিশও
somvrant	সম্ভ্রান্ত
kx	কং
kox	কং
cfbitfi	ছবিটি
cfobitfi	ছবিটি
bsecfi	বসেছি
bosecfi	বসেছি
komedfi	কমেডি
pflash	ফ্লাশ
gwurb	গৌরব
gwurob	গৌরব
dicfw	দিছো
tfrapij	ট্রাপিজ
matlami	মাতলামি
matolami	মাতলামি
srrmpke	সর্ম্পকে
sorrmpke	সর্ম্পকে
srrmpoke	সর্ম্পকে
bzathar	ব্যাথার
liwnarrdw	লিওনার্দো
aponaraw	আপনারাও
boraboroi	বরাবরই
pfaitfer	ফাইটের
prtzakhzat	প্রত্যাখ্যাত
protzakhzat	প্রত্যাখ্যাত
jupitfar	জুপিটার
pfelolen	ফেললেন
timir	তিমির
plzatfpforrm	প্ল্যাটফর্ম
plzatfopforrm	প্ল্যাটফর্ম
sbpntfa	স্বপ্নটা
sbopntfa	স্বপ্নটা
sbpnotfa	স্বপ্নটা
kamanwr	কামানোর
jedi	জেদি
porisxkhzan	পরিসংখ্যান
porisoxkhzan	পরিসংখ্যান
stfiler	স্টিলের
shere	শেরে
pflwrer	ফ্লোরের
bqddha	বৃদ্ধা
pranfiike	প্রাণীকে
calaccfil	চালাচ্ছিল
tfzanggw	ট্যাঙ্গো
onnabel	অন্নাবেল
ztha	যথা
zotha	যথা
gurutber	গুরুত্বের
obwidhvabe	অবৈধভাবে
obwidhovabe	অবৈধভাবে
lavtfa	লাভটা
lavotfa	লাভটা
udas	উদাস
kadar	কাদার
reven	রেভেন
beshiidin	বেশীদিন
rwbobar	রোববার
lagale	লাগালে
pacarkarii	পাচারকারী
pacarokarii	পাচারকারী
sontras	সন্ত্রাস
melovin	মেলভিন
khulobena	খুলবেনা
nanumoni	নানুমনি
janashwna	জানাশোনা
ijjt	ইজ্জত
ijjot	ইজ্জত
wpf	ওফ
kwnwrkom	কোনোরকম
kwnwrokom	কোনোরকম
pfircfe	ফিরছে
pfirocfe	ফিরছে
singgel	সিঙ্গেল
totwtfa	ততোটা
lance	লাঞ্চে
prmis	প্রমিস
promis	প্রমিস
lzanistfarra	ল্যানিস্টাররা
lzanistfarora	ল্যানিস্টাররা
kotoi	কতই
wbama	ওবামা
odfishon	অডিশন
mzandfariner	ম্যান্ডারিনের
miutfeshoner	মিউটেশনের
sarrbvwum	সার্বভৌম
sarrbovwum	সার্বভৌম
opohornfkariider	অপহরণকারীদের
opohoronfkariider	অপহরণকারীদের
opohornfokariider	অপহরণকারীদের
peparer	পেপারের
kombl	কম্বল
kombol	কম্বল
vikotfim	ভিকটিম
viiru	ভীরু
cesftffa	চেষ্ঠা
stfudfentf	স্টুডেন্ট
gzaridfwr	গ্যারিডোর
mza	ম্যা
prrzntow	পর্যন্তও
porrzntow	পর্যন্তও
prrzontow	পর্যন্তও
rrqqk	রর্ক
rorqqk	রর্ক
rroqqk	রর্ক
khak	খাক
onibarrz	অনিবার্য
www	ওওও
bacabe	বাচাবে
likhecf	লিখেছ
glen	গ্লেন
ekarnei	একারনেই
ekaronei	একারনেই
stfarrkoke	স্টার্ককে
netake	নেতাকে
basotfa	বাসটা
kupfa	কুফা
kthatfai	কথাটাই
kothatfai	কথাটাই
onekkfon	অনেকক্ষন
onekokfon	অনেকক্ষন
khwjkhbor	খোজখবর
khwjokhbor	খোজখবর
khwjkhobor	খোজখবর
marcfw	মারছো
marocfw	মারছো
kzameragulw	ক্যামেরাগুলো
skin	স্কিন
somvbna	সম্ভবনা
somvobna	সম্ভবনা
somvbona	সম্ভবনা
odfiw	অডিও
tfzag	ট্যাগ
netf	নেট
ondhkuup	অন্ধকূপ
ondhokuup	অন্ধকূপ
morgana	মরগানা
morogana	মরগানা
sompurrnf	সম্পুর্ণ
catfni	চাটনি
catfoni	চাটনি
dbiipotfa	দ্বীপটা
akrrsfit	আকর্ষিত
akorrsfit	আকর্ষিত
pfirdauser	ফিরদাউসের
pfirodauser	ফিরদাউসের
mudfi	মুডি
pwshon	পোশন
opmanojnk	অপমানজনক
opomanojonok	অপমানজনক
opomanojnk	অপমানজনক
opmanojonk	অপমানজনক
marrtfl	মার্টল
marrtfol	মার্টল
onugrhpuurrbk	অনুগ্রহপূর্বক
onugrohpuurrbk	অনুগ্রহপূর্বক
onugrhopuurrbk	অনুগ্রহপূর্বক
onugrhpuurrbok	অনুগ্রহপূর্বক
dfaltfner	ডাল্টনের
dfaltfoner	ডাল্টনের
mornfshiil	মরণশীল
moronfshiil	মরণশীল
mornfoshiil	মরণশীল
utffecfen	উঠেছেন
pdarrther	পদার্থের
podarrther	পদার্থের
duookhtfa	দুঃখটা
duookhotfa	দুঃখটা
gzaliliw	গ্যালিলিও
carjner	চারজনের
carojoner	চারজনের
carojner	চারজনের
carjoner	চারজনের
shukrbare	শুক্রবারে
shukrobare	শুক্রবারে
aponarai	আপনারাই
tfurrnamentfe	টুর্নামেন্টে
prpfesorke	প্রফেসরকে
propfesorke	প্রফেসরকে
prpfesoroke	প্রফেসরকে
paccfil	পাচ্ছিল
pzantfi	প্যান্টি
pzantfe	প্যান্টে
tfenis	টেনিস
klash	ক্লাশ
brrmer	বর্মের
borrmer	বর্মের
sobol	সবল
susthta	সুস্থতা
susthota	সুস্থতা
jarsqq	জারস্
jarosqq	জারস্
jarsoqq	জারস্
utffen	উঠেন
clolw	চললো
cololw	চললো
onushiilner	অনুশীলনের
onushiiloner	অনুশীলনের
etfrrni	এটর্নি
etforrni	এটর্নি
guptgfatk	গুপ্তঘাতক
guptogfatk	গুপ্তঘাতক
guptgfatok	গুপ্তঘাতক
khccor	খচ্চর
khoccor	খচ্চর
uporew	উপরেও
skfomta	সক্ষমতা
sokfomta	সক্ষমতা
skfomota	সক্ষমতা
lzandfar	ল্যান্ডার
reser	রেসের
vuumir	ভূমির
shbasorwdh	শ্বাসরোধ
onudhabn	অনুধাবন
onudhabon	অনুধাবন
bikeler	বিকেলের
hij	হিজ
jagate	জাগাতে
sxskqtir	সংস্কৃতির
soxskqtir	সংস্কৃতির
uccfqngkhl	উচ্ছৃঙ্খল
uccfqngkhol	উচ্ছৃঙ্খল
komentf	কমেন্ট
pitfake	পিটাকে
prjara	প্রজারা
projara	প্রজারা
binsftf	বিনষ্ট
binosftf	বিনষ্ট
kqsfn	কৃষ্ণ
mwidener	মৈদেনের
gwutomer	গৌতমের
stfupidf	স্টুপিড
cintai	চিন্তাই
khnfdf	খণ্ড
khonfdf	খণ্ড
nitantoi	নিতান্তই
dffukanw	ঢুকানো
dawna	দাওনা
sikar	সিকার
iw	ইও
karrpetf	কার্পেট
rwji	রোজি
nwnggor	নোঙ্গর
lwp	লোপ
prtiggaboddh	প্রতিজ্ঞাবদ্ধ
protiggaboddh	প্রতিজ্ঞাবদ্ধ
hascfis	হাসছিস
hasocfis	হাসছিস
bikol	বিকল
pjitfiv	পজিটিভ
pojitfiv	পজিটিভ
kima	কিমা
orkfit	অরক্ষিত
orokfit	অরক্ষিত
omanobik	অমানবিক
htzakanfdftfi	হত্যাকাণ্ডটি
hotzakanfdftfi	হত্যাকাণ্ডটি
htzakanfdfotfi	হত্যাকাণ্ডটি
prlwvn	প্রলোভন
prolwvn	প্রলোভন
prlwvon	প্রলোভন
dfimtfa	ডিমটা
dfimotfa	ডিমটা
nirrbwdher	নির্বোধের
kendrer	কেন্দ্রের
uisotfrm	উইসট্রম
uisotfrom	উইসট্রম
banalw	বানালো
miujiker	মিউজিকের
eivabei	এইভাবেই
sanonde	সানন্দে
kwma	কোমা
dkfiner	দক্ষিনের
dokfiner	দক্ষিনের
itor	ইতর
barrtfi	বার্টি
marrtf	মার্ট
khuj	খুজ
gretfel	গ্রেটেল
sitfer	সিটের
wirkom	ঐরকম
wirokom	ঐরকম
bstir	বস্তির
bostir	বস্তির
gzanjam	গ্যাঞ্জাম
spin	স্পিন
laguk	লাগুক
krrpwreshon	কর্পোরেশন
korrpwreshon	কর্পোরেশন
zthazthvabe	যথাযথভাবে
zothazthvabe	যথাযথভাবে
zthazothvabe	যথাযথভাবে
zthazthovabe	যথাযথভাবে
jli	জলি
joli	জলি
duurrge	দূর্গে
koite	কইতে
marai	মারাই
entfivairas	এন্টিভাইরাস
dalaner	দালানের
cfkka	ছক্কা
cfokka	ছক্কা
dqsftfishkti	দৃষ্টিশক্তি
dqsftfishokti	দৃষ্টিশক্তি
mitr	মিত্র
smek	স্মেক
sobgula	সবগুলা
sobogula	সবগুলা
tfaneler	টানেলের
prbnfta	প্রবণতা
probnfta	প্রবণতা
prbonfta	প্রবণতা
prbnfota	প্রবণতা
pagolotfa	পাগলটা
mishrit	মিশ্রিত
porinoti	পরিনতি
ukti	উক্তি
amarmom	আমারমম
amaromom	আমারমম
cfal	ছাল
meshinotfi	মেশিনটি
mishor	মিশর
tfanun	টানুন
tfel	টেল
dhabit	ধাবিত
data	দাতা
aparkatf	আপারকাট
aparokatf	আপারকাট
rajendar	রাজেন্দার
tfanatfani	টানাটানি
erkomovabe	এরকমভাবে
erokomovabe	এরকমভাবে
oxk	অংক
valwmt	ভালোমত
valwmot	ভালোমত
tzana	ত্যানা
marrtfi	মার্টি
sdbzbhar	সদ্ব্যবহার
sodbzbhar	সদ্ব্যবহার
sdbzobhar	সদ্ব্যবহার
sdbzbohar	সদ্ব্যবহার
bipul	বিপুল
bikotf	বিকট
opfisaroo	অফিসারঃ
getfe	গেটে
ibrahim	ইব্রাহিম
porbrrti	পরবর্তি
porobrrti	পরবর্তি
porborrti	পরবর্তি
ocirei	অচিরেই
zfw	্যো
hoicfilw	হইছিলো
risarrcer	রিসার্চের
tkta	তক্তা
tokta	তক্তা
vwdai	ভোদাই
grrdover	গর্দভের
gorrdover	গর্দভের
sarrgei	সার্গেই
gecfile	গেছিলে
pwsfz	পোষ্য
pitamatar	পিতামাতার
jenerik	জেনেরিক
czatf	চ্যাট
punrrjnm	পুনর্জন্ম
punorrjnm	পুনর্জন্ম
punrrjonm	পুনর্জন্ম
bojrpater	বজ্রপাতের
bojropater	বজ্রপাতের
eroi	এরই
shikarke	শিকারকে
shikaroke	শিকারকে
dfekecfil	ডেকেছিল
gfurpak	ঘুরপাক
gfuropak	ঘুরপাক
monwniit	মনোনীত
vamsi	ভামসি
vamosi	ভামসি
bwnas	বোনাস
hascfw	হাসছো
hasocfw	হাসছো
porishwdher	পরিশোধের
getfer	গেটের
nwubahiniir	নৌবাহিনীর
sairen	সাইরেন
parcfilen	পারছিলেন
parocfilen	পারছিলেন
shigogiroi	শিগগিরই
herecfi	হেরেছি
lzangkastfar	ল্যাঙ্কাস্টার
enjel	এঞ্জেল
sejnze	সেজন্যে
sejonze	সেজন্যে
sthitishiil	স্থিতিশীল
iunitfe	ইউনিটে
aripf	আরিফ
vagi	ভাগি
jnmanw	জন্মানো
jonmanw	জন্মানো
borer	বরের
drrji	দর্জি
dorrji	দর্জি
banale	বানালে
hwstfele	হোস্টেলে
porten	পরতেন
poroten	পরতেন
ixrejite	ইংরেজিতে
sagored	সাগরেদ
pfarrmer	ফার্মের
nob	নব
nvemborer	নভেম্বরের
novemborer	নভেম্বরের
ajiibner	আজীবনের
ajiiboner	আজীবনের
zuboraj	যুবরাজ
jbinke	জ্বিনকে
jbinoke	জ্বিনকে
lxbtfom	লংবটম
loxbtfom	লংবটম
lxbotfom	লংবটম
czaneler	চ্যানেলের
kanadfa	কানাডা
ovishompat	অভিশম্পাত
jfamelatfa	ঝামেলাটা
khwsa	খোসা
hasar	হাসার
bsolw	বসলো
bosolw	বসলো
saloma	সালমা
lwkokei	লোককেই
sfsftff	ষষ্ঠ
sfosftff	ষষ্ঠ
htfw	হটো
hotfw	হটো
dord	দরদ
dorod	দরদ
khalamma	খালাম্মা
shwte	শোতে
morcfe	মরছে
morocfe	মরছে
shwishobe	শৈশবে
pzatf	প্যাট
khad	খাদ
boltecfe	বলতেছে
bolotecfe	বলতেছে
sekretfarir	সেক্রেটারির
bk	বক
bok	বক
korabw	করাবো
trishuuler	ত্রিশূলের
biligarrdf	বিলিগার্ড
kwbora	কোবরা
pketfer	পকেটের
poketfer	পকেটের
amaderkei	আমাদেরকেই
amaderokei	আমাদেরকেই
prbndh	প্রবন্ধ
probndh	প্রবন্ধ
prbondh	প্রবন্ধ
lotfari	লটারি
hiirar	হীরার
minitfei	মিনিটেই
bidesher	বিদেশের
memw	মেমো
sugar	সুগার
tffk	ঠক
tffok	ঠক
upolkfze	উপলক্ষ্যে
upolokfze	উপলক্ষ্যে
korbina	করবিনা
korobina	করবিনা
prorwcit	প্ররোচিত
vabtfa	ভাবটা
vabotfa	ভাবটা
pilotfa	পিলটা
dhqsftfta	ধৃষ্টতা
dhqsftfota	ধৃষ্টতা
krrksh	কর্কশ
korrksh	কর্কশ
krrkosh	কর্কশ
somrrthnozwgz	সমর্থনযোগ্য
somorrthnozwgz	সমর্থনযোগ্য
somrrthonozwgz	সমর্থনযোগ্য
pfidf	ফিড
pailotfoo	পাইলটঃ
tfredfstfwn	ট্রেডস্টোন
tfredfostfwn	ট্রেডস্টোন
bejmentfe	বেজমেন্টে
bejomentfe	বেজমেন্টে
retfina	রেটিনা
jenipfar	জেনিফার
pondfit	পন্ডিত
kfipr	ক্ষিপ্র
patrtfike	পাত্রটিকে
patrotfike	পাত্রটিকে
oxker	অংকের
miimaxsa	মীমাংসা
jiibika	জীবিকা
apwsf	আপোষ
lujar	লুজার
alaper	আলাপের
usfnta	উষ্ণতা
usfnota	উষ্ণতা
sftfep	ষ্টেপ
kwdfgulw	কোডগুলো
kwdfogulw	কোডগুলো
vikike	ভিকিকে
nishcitvabei	নিশ্চিতভাবেই
nishcitovabei	নিশ্চিতভাবেই
pfadarer	ফাদারের
prshason	প্রশাসন
proshason	প্রশাসন
siule	সিউলে
aeafna	অ্যাানা
gemix	গেমিং
dekhtecfi	দেখতেছি
dekhotecfi	দেখতেছি
shunotam	শুনতাম
naraj	নারাজ
dorkhast	দরখাস্ত
dorokhast	দরখাস্ত
khaisi	খাইসি
pondf	পন্ড
bwmabaj	বোমাবাজ
nagal	নাগাল
pfinish	ফিনিশ
lesotfradf	লেসট্রাড
beshe	বেশে
zubker	যুবকের
zuboker	যুবকের
twmaderoi	তোমাদেরই
nilei	নিলেই
nece	নেচে
rngin	রঙিন
rongin	রঙিন
cfapow	ছাপও
aa	আআ
sapfolze	সাফল্যে
cshomar	চশমার
coshomar	চশমার
prakqtikvabe	প্রাকৃতিকভাবে
prakqtikovabe	প্রাকৃতিকভাবে
uintfarpfel	উইন্টারফেল
uintfaropfel	উইন্টারফেল
sottba	সত্ত্বা
mathake	মাথাকে
onubadker	অনুবাদকের
onubadoker	অনুবাদকের
likhecfilen	লিখেছিলেন
naitfder	নাইটদের
naitfoder	নাইটদের
shikfker	শিক্ষকের
shikfoker	শিক্ষকের
sekendfei	সেকেন্ডেই
bwmtfa	বোমটা
bwmotfa	বোমটা
knostfzantfin	কনস্ট্যান্টিন
konostfzantfin	কনস্ট্যান্টিন
prtisftffar	প্রতিষ্ঠার
protisftffar	প্রতিষ্ঠার
wt	ওত
sekendfow	সেকেন্ডও
ongker	অঙ্কের
horinfer	হরিণের
wdfii	ওডী
milobe	মিলবে
bornf	বরণ
boronf	বরণ
masotfax	মাসটাং
ribn	রিবন
ribon	রিবন
bodwulte	বদৌলতে
bodwulote	বদৌলতে
duoosahs	দুঃসাহস
duoosahos	দুঃসাহস
legei	লেগেই
sobodhorner	সবধরনের
sobodhoroner	সবধরনের
tatw	তাতো
luna	লুনা
porcula	পরচুলা
porocula	পরচুলা
orenj	অরেঞ্জ
katfadag	কাটাদাগ
lwner	লোনের
arrtfer	আর্টের
pabei	পাবেই
zhon	যহন
zohon	যহন
pletfer	প্লেটের
patale	পাতালে
tama	তামা
cardin	চারদিন
carodin	চারদিন
mormontf	মরমন্ট
moromontf	মরমন্ট
asobabpotr	আসবাবপত্র
asobabopotr	আসবাবপত্র
bujftam	বুঝতাম
bujfotam	বুঝতাম
szami	স্যামি
brdfkastf	ব্রডকাস্ট
brodfkastf	ব্রডকাস্ট
brdfokastf	ব্রডকাস্ট
ekek	একেক
mukhew	মুখেও
dfragser	ড্রাগসের
dfragoser	ড্রাগসের
boltew	বলতেও
bolotew	বলতেও
adi	আদি
gatftfa	গাট্টা
esopi	এসপি
stfiva	স্টিভা
manina	মানিনা
coi	চই
bahar	বাহার
atmgfatii	আত্মঘাতী
atmogfatii	আত্মঘাতী
hepfajt	হেফাজত
hepfajot	হেফাজত
hudai	হুদাই
bndfer	বন্ডের
bondfer	বন্ডের
spnsor	স্পন্সর
sponsor	স্পন্সর
tfaini	টাইনি
leisi	লেইসি
bedf	বেড
stfadfi	স্টাডি
dkhler	দখলের
dokhler	দখলের
dkholer	দখলের
onzjner	অন্যজনের
onzojner	অন্যজনের
onzjoner	অন্যজনের
prwgramtfa	প্রোগ্রামটা
prwgramotfa	প্রোগ্রামটা
dharnaw	ধারনাও
dharonaw	ধারনাও
ezfaluminatfi	এ্যালুমিনাটি
rasftfrpotir	রাষ্ট্রপতির
rasftfropotir	রাষ্ট্রপতির
kftigrsth	ক্ষতিগ্রস্থ
kfotigrsth	ক্ষতিগ্রস্থ
kftigrosth	ক্ষতিগ্রস্থ
kumir	কুমির
hesotfixs	হেসটিংস
cfbitfar	ছবিটার
cfobitfar	ছবিটার
jzu	জ্যু
mzarnir	ম্যারনির
mzaronir	ম্যারনির
dfaktarder	ডাক্তারদের
dfaktaroder	ডাক্তারদের
ojantei	অজান্তেই
ebzapare	এব্যাপারে
krrmcariider	কর্মচারীদের
korrmcariider	কর্মচারীদের
krrmocariider	কর্মচারীদের
uttap	উত্তাপ
suura	সূরা
tfeksaser	টেক্সাসের
musolomanoder	মুসলমানদের
viitor	ভীতর
oshikfit	অশিক্ষিত
dwihik	দৈহিক
shoriirke	শরীরকে
shoriiroke	শরীরকে
bzkhza	ব্যখ্যা
bzokhza	ব্যখ্যা
aiccfa	আইচ্ছা
bwltf	বোল্ট
aminul	আমিনুল
lag	লাগ
geme	গেমে
bugi	বুগি
pakanw	পাকানো
manu	মানু
allahu	আল্লাহু
oposarnf	অপসারণ
oposaronf	অপসারণ
dfzam	ড্যাম
akobar	আকবার
mir	মির
mzagajine	ম্যাগাজিনে
mzarej	ম্যারেজ
eidfs	এইডস
eidfos	এইডস
krrpwretf	কর্পোরেট
korrpwretf	কর্পোরেট
miutfeshon	মিউটেশন
karmaikel	কারমাইকেল
karomaikel	কারমাইকেল
prtibeshiira	প্রতিবেশীরা
protibeshiira	প্রতিবেশীরা
vabcfil	ভাবছিল
vabocfil	ভাবছিল
bertf	বেরট
berotf	বেরট
ztwsob	যতোসব
zotwsob	যতোসব
iccfai	ইচ্ছাই
entfarrkotfika	এন্টার্কটিকা
biin	বীন
rcna	রচনা
rocona	রচনা
rocna	রচনা
rcona	রচনা
potf	পট
zishur	যিশুর
rakhatfa	রাখাটা
kobc	কবচ
koboc	কবচ
hajare	হাজারে
potfu	পটু
akrmnfatmk	আক্রমণাত্মক
akromnfatmk	আক্রমণাত্মক
akrmonfatmk	আক্রমণাত্মক
akrmnfatmok	আক্রমণাত্মক
telapwka	তেলাপোকা
grrgora	গর্গরা
gorrgora	গর্গরা
onuprbeshkarii	অনুপ্রবেশকারী
onuprobeshkarii	অনুপ্রবেশকারী
onuprbeshokarii	অনুপ্রবেশকারী
kxgreser	কংগ্রেসের
koxgreser	কংগ্রেসের
bahute	বাহুতে
bahk	বাহক
bahok	বাহক
nicfe	নিছে
abisfkark	আবিষ্কারক
abisfkarok	আবিষ্কারক
saikeler	সাইকেলের
bujfcfen	বুঝছেন
bujfocfen	বুঝছেন
shib	শিব
gfera	ঘেরা
bwga	বোগা
gfontfakhanek	ঘন্টাখানেক
eitfaw	এইটাও
ruper	রুপের
pisin	পিসিন
zfalopfi	্যালফি
khujobe	খুজবে
nodf	নড
gramobasiider	গ্রামবাসীদের
montfe	মন্টে
jiu	জিউ
ebarow	এবারও
shiitkale	শীতকালে
shiitokale	শীতকালে
prshikfonfer	প্রশিক্ষণের
proshikfonfer	প্রশিক্ষণের
suparmzanke	সুপারম্যানকে
suparomzanke	সুপারম্যানকে
suparmzanoke	সুপারম্যানকে
durrgftfnatfa	দুর্ঘটনাটা
durrgfotfnatfa	দুর্ঘটনাটা
durrgftfonatfa	দুর্ঘটনাটা
ceharaw	চেহারাও
wk	ওক
pflaks	ফ্লাক্স
mrrzadar	মর্যাদার
morrzadar	মর্যাদার
likhle	লিখলে
likhole	লিখলে
gfurecfi	ঘুরেছি
rhszjnk	রহস্যজনক
rohszjnk	রহস্যজনক
rhoszjnk	রহস্যজনক
rhszojnk	রহস্যজনক
calaccfilam	চালাচ্ছিলাম
enalistf	এনালিস্ট
gacfke	গাছকে
gacfoke	গাছকে
ckrant	চক্রান্ত
cokrant	চক্রান্ত
nawni	নাওনি
jutwr	জুতোর
ondhkarke	অন্ধকারকে
ondhokarke	অন্ধকারকে
ondhkaroke	অন্ধকারকে
korla	করলা
korola	করলা
avar	আভার
bwkara	বোকারা
jzakosuli	জ্যাকসুলি
karadndf	কারাদন্ড
karadondf	কারাদন্ড
kzapfe	ক্যাফে
dfrager	ড্রাগের
biccfiri	বিচ্ছিরি
alwke	আলোকে
htvmb	হতভম্ব
hotvmb	হতভম্ব
htovmb	হতভম্ব
htvomb	হতভম্ব
koran	করান
mamajii	মামাজী
meka	মেকা
swur	সৌর
onekoke	অনেককে
bipdjjnk	বিপদজ্জনক
bipodjjnk	বিপদজ্জনক
bipdojjnk	বিপদজ্জনক
bipdjjonk	বিপদজ্জনক
jelkhanar	জেলখানার
jelokhanar	জেলখানার
kagjgulw	কাগজগুলো
kagojogulw	কাগজগুলো
kagojgulw	কাগজগুলো
kagjogulw	কাগজগুলো
zugol	যুগল
krush	ক্রুশ
bikfwv	বিক্ষোভ
bicarkoke	বিচারককে
bicarokoke	বিচারককে
rage	রাগে
jaler	জালের
sokalotfa	সকালটা
porlw	পরলো
porolw	পরলো
spwrrtfs	স্পোর্টস
spwrrtfos	স্পোর্টস
palner	পালনের
paloner	পালনের
anggurer	আঙ্গুরের
pfira	ফিরা
emonei	এমনেই
saxbadikora	সাংবাদিকরা
pferate	ফেরাতে
sbadhiinvabe	স্বাধীনভাবে
sbadhiinovabe	স্বাধীনভাবে
dfupfrein	ডুফ্রেইন
punorujjiibit	পুনরুজ্জীবিত
omnggl	অমঙ্গল
omonggl	অমঙ্গল
omnggol	অমঙ্গল
lara	লারা
elakate	এলাকাতে
rajkumariike	রাজকুমারীকে
rajokumariike	রাজকুমারীকে
jime	জিমে
wvarraidf	ওভাররাইড
wvaroraidf	ওভাররাইড
porimaner	পরিমানের
kinecfilam	কিনেছিলাম
perute	পেরুতে
samba	সাম্বা
morecfi	মরেছি
korcftfa	করছটা
korocftfa	করছটা
korcfotfa	করছটা
mharrgf	মহার্ঘ
moharrgf	মহার্ঘ
stfwri	স্টোরি
ekshwbar	একশোবার
ekoshwbar	একশোবার
shwsfonf	শোষণ
moruvumite	মরুভুমিতে
dekhaccfilw	দেখাচ্ছিলো
tfrma	ট্রমা
tfroma	ট্রমা
prathmikvabe	প্রাথমিকভাবে
prathomikvabe	প্রাথমিকভাবে
prathmikovabe	প্রাথমিকভাবে
dfeili	ডেইলি
cfzaka	ছ্যাকা
shuunzta	শূন্যতা
shuunzota	শূন্যতা
tfrakix	ট্রাকিং
saitfe	সাইটে
dfubte	ডুবতে
dfubote	ডুবতে
khujecfi	খুজেছি
praciinotom	প্রাচীনতম
shantimt	শান্তিমত
shantimot	শান্তিমত
sombndh	সম্বন্ধ
sombondh	সম্বন্ধ
skzanix	স্ক্যানিং
janotona	জানতনা
martw	মারতো
marotw	মারতো
monder	মন্দের
pzaraswrrser	প্যারাসোর্সের
maikels	মাইকেলস
maikelos	মাইকেলস
gfenna	ঘেন্না
erin	এরিন
eikhan	এইখান
harrvir	হার্ভির
neil	নেইল
pushkin	পুশকিন
pushokin	পুশকিন
vitortfa	ভিতরটা
vitorotfa	ভিতরটা
pwj	পোজ
ajijer	আজিজের
bzarir	ব্যারির
boloban	বলবান
dekhatw	দেখাতো
mamulii	মামুলী
twrtfa	তোরটা
twrotfa	তোরটা
gobesfona	গবেষনা
dikew	দিকেও
putrke	পুত্রকে
putroke	পুত্রকে
bagdad	বাগদাদ
bagodad	বাগদাদ
shredfarke	শ্রেডারকে
shredfaroke	শ্রেডারকে
sone	সনে
setur	সেতুর
jtftfil	জট্টিল
jotftfil	জট্টিল
udit	উদিত
ost	অস্ত
halokavabe	হালকাভাবে
cumbn	চুম্বন
cumbon	চুম্বন
pakhna	পাখনা
pakhona	পাখনা
talak	তালাক
dekhba	দেখবা
dekhoba	দেখবা
mzakokol	ম্যাককল
blaker	ব্লাকের
shktidhor	শক্তিধর
shoktidhor	শক্তিধর
abege	আবেগে
sbpnke	স্বপ্নকে
sbopnke	স্বপ্নকে
sbpnoke	স্বপ্নকে
suparstfar	সুপারস্টার
suparostfar	সুপারস্টার
jesikaoo	জেসিকাঃ
khane	খানে
krrneler	কর্নেলের
korrneler	কর্নেলের
mjuri	মজুরি
mojuri	মজুরি
jnmoi	জন্মই
jonmoi	জন্মই
cfube	ছুবে
rilwdf	রিলোড
lij	লিজ
hungkar	হুঙ্কার
bastobtar	বাস্তবতার
bastobotar	বাস্তবতার
khriisftfan	খ্রীষ্টান
sohkrrmiir	সহকর্মীর
sohokrrmiir	সহকর্মীর
sohkorrmiir	সহকর্মীর
aerw	অ্যারো
cfarkhar	ছারখার
cfarokhar	ছারখার
kastfwmar	কাস্টোমার
maratmkvabe	মারাত্মকভাবে
maratmokvabe	মারাত্মকভাবে
maratmkovabe	মারাত্মকভাবে
moi	মই
hisu	হিসু
mithzebadii	মিথ্যেবাদী
ezfamwr	এ্যামোর
koridfwr	করিডোর
kvu	কভু
kovu	কভু
thamar	থামার
vegaser	ভেগাসের
arrtharer	আর্থারের
evarrsomzan	এভার্সম্যান
prerit	প্রেরিত
arber	আরবের
arober	আরবের
amontrit	আমন্ত্রিত
prtivar	প্রতিভার
protivar	প্রতিভার
vebecinte	ভেবেচিন্তে
laczans	লাচ্যান্স
restf	রেস্ট
shakhar	শাখার
joj	জজ
eseks	এসেক্স
khunider	খুনিদের
jiloo	জিলঃ
kdin	কদিন
kodin	কদিন
carpashtfa	চারপাশটা
caropashtfa	চারপাশটা
carpashotfa	চারপাশটা
dfiutfite	ডিউটিতে
danobora	দানবরা
vobisfztke	ভবিষ্যতকে
vobisfzotke	ভবিষ্যতকে
vobisfztoke	ভবিষ্যতকে
durrvedz	দুর্ভেদ্য
malikana	মালিকানা
kastfmarer	কাস্টমারের
kastfomarer	কাস্টমারের
hedfiser	হেডিসের
sarrkitfer	সার্কিটের
thwmas	থোমাস
kristfa	ক্রিস্টা
mwcn	মোচন
mwcon	মোচন
prtihixsar	প্রতিহিংসার
protihixsar	প্রতিহিংসার
aisa	আইসা
hoba	হবা
kitfir	কিটির
shabal	শাবাল
mumurrsfu	মুমুর্ষু
twmagw	তোমাগো
hoili	হইলি
ikaras	ইকারাস
bwuddh	বৌদ্ধ
sborasftfrmontriir	স্বরাষ্ট্রমন্ত্রীর
sborasftfromontriir	স্বরাষ্ট্রমন্ত্রীর
prmanfow	প্রমাণও
promanfow	প্রমাণও
jamata	জামাতা
biirtbpuurrnf	বীরত্বপূর্ণ
biirotbpuurrnf	বীরত্বপূর্ণ
biirtbopuurrnf	বীরত্বপূর্ণ
medfitfeshon	মেডিটেশন
shutf	শুট
poreni	পরেনি
bajab	বাজাব
subrrnf	সুবর্ণ
suborrnf	সুবর্ণ
homu	হমু
cfaunite	ছাউনিতে
haba	হাবা
vija	ভিজা
rihegw	রিহেগো
harrvarrdf	হার্ভার্ড
ettgula	এত্তগুলা
ettogula	এত্তগুলা
janotwna	জানতোনা
paharadar	পাহারাদার
vengkanar	ভেঙ্কানার
pitffer	পিঠের
onzsob	অন্যসব
onzosob	অন্যসব
parbei	পারবেই
parobei	পারবেই
kwutuholii	কৌতুহলী
kuttatfa	কুত্তাটা
kamofn	কামঅন
hupar	হুপার
prdesher	প্রদেশের
prodesher	প্রদেশের
sbjatir	স্বজাতির
sbojatir	স্বজাতির
atmtzag	আত্মত্যাগ
atmotzag	আত্মত্যাগ
bhukal	বহুকাল
bohukal	বহুকাল
dhxsb	ধংস্ব
dhoxsb	ধংস্ব
brhmanfdfer	ব্রহ্মাণ্ডের
brohmanfdfer	ব্রহ্মাণ্ডের
khorcer	খরচের
khorocer	খরচের
mqter	মৃতের
jobanobndi	জবানবন্দি
jobanobondi	জবানবন্দি
cusfe	চুষে
shuvakangkfii	শুভাকাঙ্ক্ষী
senara	সেনারা
tfik	টিক
pfinc	ফিঞ্চ
bahirei	বাহিরেই
besorkarii	বেসরকারী
besorokarii	বেসরকারী
cftfpftf	ছটফট
cfotfpftf	ছটফট
cftfopftf	ছটফট
cftfpfotf	ছটফট
hp	হপ
hop	হপ
hwstf	হোস্ট
jahir	জাহির
bakigulw	বাকিগুলো
pfrzangker	ফ্র্যাঙ্কের
brwnak	ব্রোনাক
dfarsi	ডারসি
dfarosi	ডারসি
biggane	বিজ্ঞানে
apfgan	আফগান
apfogan	আফগান
kfonfiker	ক্ষণিকের
hamba	হাম্বা
samolanwr	সামলানোর
srrbnimn	সর্বনিম্ন
sorrbnimn	সর্বনিম্ন
srrbonimn	সর্বনিম্ন
dana	দানা
ekotfate	একটাতে
maratfa	মারাটা
parti	পারতি
paroti	পারতি
pola	পলা
khalar	খালার
dfragonoder	ড্রাগনদের
dul	দুল
niwke	নিওকে
nirrdharn	নির্ধারন
nirrdharon	নির্ধারন
aeksidfentf	অ্যাক্সিডেন্ট
klanti	ক্লান্তি
sobaire	সবাইরে
jigqqges	জিগ্গেস
jigoqqges	জিগ্গেস
hamptfir	হাম্পটির
hampotfir	হাম্পটির
shktvabe	শক্তভাবে
shoktvabe	শক্তভাবে
shktovabe	শক্তভাবে
cfatar	ছাতার
lolipop	ললিপপ
khwdake	খোদাকে
halarput	হালারপুত
halaroput	হালারপুত
garrlopfrendfke	গার্লফ্রেন্ডকে
garrlopfrendfoke	গার্লফ্রেন্ডকে
prbeshadhikar	প্রবেশাধিকার
probeshadhikar	প্রবেশাধিকার
kotffwrvabe	কঠোরভাবে
kotffwrovabe	কঠোরভাবে
prnfam	প্রণাম
pronfam	প্রণাম
mtfu	মটু
motfu	মটু
khnir	খনির
khonir	খনির
pzadf	প্যাড
sabu	সাবু
shunlei	শুনলেই
shunolei	শুনলেই
kinara	কিনারা
cembarer	চেম্বারের
abodar	আবদার
zanobahon	যানবাহন
ogwcfalw	অগোছালো
diikfa	দীক্ষা
dffuki	ঢুকি
sarrjn	সার্জন
sarrjon	সার্জন
ceharai	চেহারাই
muule	মূলে
nwtfer	নোটের
khriistfan	খ্রীস্টান
kamate	কামাতে
ullekhozwgz	উল্লেখযোগ্য
notuner	নতুনের
cwrder	চোরদের
cwroder	চোরদের
merudnfdf	মেরুদণ্ড
merudonfdf	মেরুদণ্ড
pzatfriker	প্যাট্রিকের
mhilaoo	মহিলাঃ
mohilaoo	মহিলাঃ
onzera	অন্যেরা
liptf	লিপ্ট
mstisfkke	মস্তিষ্ককে
mostisfkke	মস্তিষ্ককে
mstisfkoke	মস্তিষ্ককে
nikotfobrrtii	নিকটবর্তী
nikotfoborrtii	নিকটবর্তী
siemoes	সিএমএস
uinostfn	উইনস্টন
uinostfon	উইনস্টন
ashbst	আশ্বস্ত
ashbost	আশ্বস্ত
pfaitfix	ফাইটিং
paccfna	পাচ্ছনা
paccfona	পাচ্ছনা
buddhite	বুদ্ধিতে
sawrner	সাওরনের
sawroner	সাওরনের
dwsfer	দোষের
tinsh	তিনশ
tinosh	তিনশ
tfpke	টপকে
tfopke	টপকে
tfpoke	টপকে
dushcintar	দুশ্চিন্তার
boltecf	বলতেছ
bolotecf	বলতেছ
bapu	বাপু
utthan	উত্থান
arrmstfrx	আর্মস্ট্রং
arrmostfrx	আর্মস্ট্রং
arrmstfrox	আর্মস্ট্রং
sakfiir	সাক্ষীর
kwnf	কোণ
kftotfa	ক্ষতটা
kfototfa	ক্ষতটা
prjader	প্রজাদের
projader	প্রজাদের
parum	পারুম
wrkomoi	ওরকমই
wrokomoi	ওরকমই
szatfarrn	স্যাটার্ন
daga	দাগা
cire	চিরে
vaboli	ভাবলি
inpfraredf	ইনফ্রারেড
inopfraredf	ইনফ্রারেড
sxkhzapatkornf	সংখ্যাপাতকরণ
soxkhzapatkornf	সংখ্যাপাতকরণ
sxkhzapatokornf	সংখ্যাপাতকরণ
sxkhzapatkoronf	সংখ্যাপাতকরণ
vela	ভেলা
griisfmkale	গ্রীষ্মকালে
griisfmokale	গ্রীষ্মকালে
asate	আসাতে
pemori	পেমরি
dpfa	দফা
dopfa	দফা
bzpartfa	ব্যপারটা
bzopartfa	ব্যপারটা
bzparotfa	ব্যপারটা
goblin	গব্লিন
pfiuj	ফিউজ
bsanw	বসানো
bosanw	বসানো
mqtdeher	মৃতদেহের
mqtodeher	মৃতদেহের
tffatf	ঠাট
guptdhoner	গুপ্তধনের
guptodhoner	গুপ্তধনের
vabeni	ভাবেনি
sekshone	সেকশনে
sekoshone	সেকশনে
minakfii	মিনাক্ষী
cfelekhela	ছেলেখেলা
prcarer	প্রচারের
procarer	প্রচারের
aponarow	আপনারও
shikhlam	শিখলাম
shikholam	শিখলাম
skel	স্কেল
ekdik	একদিক
ekodik	একদিক
vaj	ভাজ
wri	ওরি
danobera	দানবেরা
zaccfetai	যাচ্ছেতাই
totwkfon	ততোক্ষন
dfiscarrj	ডিসচার্জ
dfisocarrj	ডিসচার্জ
sawrn	সাওরন
sawron	সাওরন
baccu	বাচ্চু
poribesftfit	পরিবেষ্টিত
dfekecfw	ডেকেছো
tormujer	তরমুজের
toromujer	তরমুজের
shkun	শকুন
shokun	শকুন
ejnze	এজন্যে
ejonze	এজন্যে
dhuusor	ধূসর
porpor	পরপর
poropor	পরপর
sbasthzseba	স্বাস্থ্যসেবা
sbasthzoseba	স্বাস্থ্যসেবা
kharij	খারিজ
nobiin	নবীন
banortfa	বানরটা
banorotfa	বানরটা
enar	এনার
shiirrsfe	শীর্ষে
mzanke	ম্যানকে
mzanoke	ম্যানকে
shwnwni	শোনোনি
zakge	যাকগে
zakoge	যাকগে
khabargulw	খাবারগুলো
khabarogulw	খাবারগুলো
hzax	হ্যাং
dfamblodfwrke	ডাম্বলডোরকে
dfambolodfwrke	ডাম্বলডোরকে
dfamblodfwroke	ডাম্বলডোরকে
ekotf	একট
dadur	দাদুর
pfutfnt	ফুটন্ত
pfutfont	ফুটন্ত
kthatfar	কথাটার
kothatfar	কথাটার
gundfader	গুন্ডাদের
vengecfi	ভেঙেছি
mudi	মুদি
ciij	চীজ
tfripe	ট্রিপে
aelwnjw	অ্যালোঞ্জো
seidin	সেইদিন
masik	মাসিক
htzakanfdf	হত্যাকাণ্ড
hotzakanfdf	হত্যাকাণ্ড
shilpiira	শিল্পীরা
mzagonitfw	ম্যাগনিটো
sohozwgitar	সহযোগিতার
poira	পইরা
onuruup	অনুরূপ
tfranspfrrm	ট্রান্সফর্ম
tfransopfrrm	ট্রান্সফর্ম
tfranspforrm	ট্রান্সফর্ম
azwg	আযোগ
taderkew	তাদেরকেও
taderokew	তাদেরকেও
otfutf	অটুট
hur	হুর
kthatfi	কথাটি
kothatfi	কথাটি
shikfkoke	শিক্ষককে
shikfokoke	শিক্ষককে
pale	পালে
arrkenostfwn	আর্কেনস্টোন
smag	স্মাগ
banaccfw	বানাচ্ছো
mhisf	মহিষ
mohisf	মহিষ
vkfk	ভক্ষক
vokfk	ভক্ষক
vkfok	ভক্ষক
nou	নউ
paipe	পাইপে
putfki	পুটকি
putfoki	পুটকি
rbibare	রবিবারে
robibare	রবিবারে
pfwtfe	ফোটে
dfakot	ডাকত
sekser	সেক্সের
olimpas	অলিম্পাস
pfutfa	ফুটা
jurasik	জুরাসিক
sprrshomnfi	স্পর্শমণি
sporrshomnfi	স্পর্শমণি
sprrshomonfi	স্পর্শমণি
qnfer	ঋণের
zuktisnggt	যুক্তিসঙ্গত
zuktisonggt	যুক্তিসঙ্গত
zuktisnggot	যুক্তিসঙ্গত
merute	মেরুতে
aeren	অ্যারেন
aponaaponi	আপনাআপনি
diirrgfdin	দীর্ঘদিন
diirrgfodin	দীর্ঘদিন
sxkrmnf	সংক্রমণ
soxkrmnf	সংক্রমণ
sxkromnf	সংক্রমণ
sxkrmonf	সংক্রমণ
gftfabe	ঘটাবে
gfotfabe	ঘটাবে
zntrnfar	যন্ত্রণার
zontrnfar	যন্ত্রণার
zntronfar	যন্ত্রণার
dekhl	দেখল
dekhol	দেখল
khdder	খদ্দের
khodder	খদ্দের
lutheran	লুথেরান
rinjlar	রিঞ্জলার
rinjolar	রিঞ্জলার
kwtthaw	কোত্থাও
tfiner	টিনের
shaliin	শালীন
lashke	লাশকে
lashoke	লাশকে
thamabw	থামাবো
amartw	আমারতো
amarotw	আমারতো
vukomiir	ভুকমীর
sparrtfa	স্পার্টা
mails	মাইলস
mailos	মাইলস
vangbe	ভাঙবে
vangobe	ভাঙবে
kini	কিনি
galogw	গালগো
rshir	রশির
roshir	রশির
rakhtei	রাখতেই
rakhotei	রাখতেই
katfai	কাটাই
hzaris	হ্যারিস
dfisi	ডিসি
aw	আও
nigrwke	নিগ্রোকে
vrnoski	ভ্রনস্কি
vronoski	ভ্রনস্কি
vulobe	ভুলবে
leig	লেইগ
krrkshknftff	কর্কশকণ্ঠ
korrkshknftff	কর্কশকণ্ঠ
krrkoshknftff	কর্কশকণ্ঠ
krrkshoknftff	কর্কশকণ্ঠ
shalader	শালাদের
stfep	স্টেপ
kzadfilzak	ক্যাডিল্যাক
holiudf	হলিউড
khetfecfi	খেটেছি
iunitfke	ইউনিটকে
iunitfoke	ইউনিটকে
dekhten	দেখতেন
dekhoten	দেখতেন
tupfaner	তুফানের
bimanobndor	বিমানবন্দর
bimanobondor	বিমানবন্দর
korcfna	করছনা
korocfna	করছনা
korcfona	করছনা
beruccfe	বেরুচ্ছে
cula	চুলা
tdntkarii	তদন্তকারী
todntkarii	তদন্তকারী
tdontkarii	তদন্তকারী
tdntokarii	তদন্তকারী
brrnfer	বর্ণের
borrnfer	বর্ণের
szara	স্যারা
klwnodf	ক্লোনড
khelecfe	খেলেছে
sobbai	সব্বাই
agamikal	আগামিকাল
mult	মুলত
mulot	মুলত
hamixbarrdf	হামিংবার্ড
hajarbar	হাজারবার
hajarobar	হাজারবার
gridfe	গ্রিডে
marrketfer	মার্কেটের
bage	বাগে
satotfi	সাতটি
shtfgan	শটগান
shotfgan	শটগান
shtfogan	শটগান
sharrtfotfa	শার্টটা
otfwmetfik	অটোমেটিক
aesholzandf	অ্যাশল্যান্ড
beijix	বেইজিং
hixsrta	হিংস্রতা
hixsrota	হিংস্রতা
hwta	হোতা
nirrviik	নির্ভীক
kuki	কুকি
paudfarer	পাউডারের
prstaber	প্রস্তাবের
prostaber	প্রস্তাবের
bndhuw	বন্ধুও
bondhuw	বন্ধুও
jwrse	জোরসে
jwrose	জোরসে
sonman	সন্মান
stfivi	স্টিভি
brrdfarer	বর্ডারের
borrdfarer	বর্ডারের
siimante	সীমান্তে
hasale	হাসালে
sorpforajke	সরফরাজকে
soropforajke	সরফরাজকে
sorpforajoke	সরফরাজকে
vair	ভাইর
shhortfake	শহরটাকে
shohortfake	শহরটাকে
shhorotfake	শহরটাকে
manusfe	মানুষে
tumit	তুমিত
vaiw	ভাইও
bipkfer	বিপক্ষের
bipokfer	বিপক্ষের
grrdan	গর্দান
gorrdan	গর্দান
besorkari	বেসরকারি
besorokari	বেসরকারি
purrb	পুর্ব
ebenejar	এবেনেজার
dffalw	ঢালো
ulxg	উলংগ
uloxg	উলংগ
khulolw	খুললো
cfutfobe	ছুটবে
kzaliban	ক্যালিবান
jarii	জারী
bhisfkqt	বহিষ্কৃত
bohisfkqt	বহিষ্কৃত
obodhi	অবধি
kraiw	ক্রাইও
koiba	কইবা
sser	সসের
soser	সসের
pranfiigulw	প্রাণীগুলো
potita	পতিতা
thakotona	থাকতনা
kajkrrmer	কাজকর্মের
kajokrrmer	কাজকর্মের
kajkorrmer	কাজকর্মের
plzaner	প্ল্যানের
cakoranii	চাকরানী
mashallah	মাশাল্লাহ
utffbena	উঠবেনা
utffobena	উঠবেনা
petfrwnas	পেট্রোনাস
maka	মাকা
mzajiker	ম্যাজিকের
nirrbahii	নির্বাহী
litfar	লিটার
gftfanwr	ঘটানোর
gfotfanwr	ঘটানোর
musar	মুসার
pons	পন্স
purusfora	পুরুষরা
uccarnfe	উচ্চারণে
uccaronfe	উচ্চারণে
misailer	মিসাইলের
haraccfe	হারাচ্ছে
vasfantor	ভাষান্তর
hsopitfaler	হসপিটালের
hosopitfaler	হসপিটালের
tffwtf	ঠোট
szutfkesotfa	স্যুটকেসটা
szutfokesotfa	স্যুটকেসটা
baij	বাইজ
ont	অন্ত
smagolar	স্মাগলার
tfixk	টিংক
duurbrrtii	দূরবর্তী
duurobrrtii	দূরবর্তী
duurborrtii	দূরবর্তী
jzaketfotfa	জ্যাকেটটা
mamii	মামী
vila	ভিলা
barrnos	বার্নস
lrrdfs	লর্ডস
lorrdfs	লর্ডস
lrrdfos	লর্ডস
udvabit	উদ্ভাবিত
pranter	প্রান্তের
atfkabar	আটকাবার
atfokabar	আটকাবার
mwre	মোরে
metfal	মেটাল
snggiike	সঙ্গীকে
songgiike	সঙ্গীকে
tular	তুলার
vumi	ভুমি
snarrtf	স্নার্ট
bolcfili	বলছিলি
bolocfili	বলছিলি
ailzandfer	আইল্যান্ডের
zntrtfi	যন্ত্রটি
zontrtfi	যন্ত্রটি
zntrotfi	যন্ত্রটি
muurrtir	মূর্তির
marrgw	মার্গো
nwitikota	নৈতিকতা
brzandfitf	ব্র্যান্ডিট
ogrim	অগ্রিম
dfangga	ডাঙ্গা
sarrkel	সার্কেল
khatir	খাতির
somrrth	সমর্থ
somorrth	সমর্থ
ninoja	নিনজা
luker	লুকের
pfutfer	ফুটের
sdszora	সদস্যরা
sodszora	সদস্যরা
sdoszora	সদস্যরা
odhiin	অধীন
taheri	তাহেরি
barnarrdf	বারনার্ড
baronarrdf	বারনার্ড
komu	কমু
raundfe	রাউন্ডে
tfrenc	ট্রেঞ্চ
pzacal	প্যাচাল
bstagulw	বস্তাগুলো
bostagulw	বস্তাগুলো
cuktipotr	চুক্তিপত্র
krrmcariir	কর্মচারীর
korrmcariir	কর্মচারীর
krrmocariir	কর্মচারীর
pfuldani	ফুলদানি
pfulodani	ফুলদানি
thakoba	থাকবা
tfs	টস
tfos	টস
poriikfatfa	পরীক্ষাটা
uisolar	উইসলার
pitfsobarrg	পিটসবার্গ
pitfosobarrg	পিটসবার্গ
mzw	ম্যো
pfitfix	ফিটিং
jesike	জেসিকে
bismqt	বিস্মৃত
gftfanw	ঘটানো
gfotfanw	ঘটানো
patfil	পাটিল
pfilipa	ফিলিপা
sijarer	সিজারের
kauntfdfaun	কাউন্টডাউন
kauntfodfaun	কাউন্টডাউন
blakoudfer	ব্লাকউডের
klarrki	ক্লার্কি
kuutfnwitik	কূটনৈতিক
kuutfonwitik	কূটনৈতিক
bripfix	ব্রিফিং
mukkam	মুক্কাম
enkwdf	এনকোড
enokwdf	এনকোড
sahazzoi	সাহায্যই
keuna	কেউনা
sotfke	সটকে
sotfoke	সটকে
bispfwrn	বিস্ফোরন
bispfwron	বিস্ফোরন
brrnona	বর্ননা
borrnona	বর্ননা
mwkabelar	মোকাবেলার
beler	বেলের
vuusfit	ভূষিত
jiiber	জীবের
pabwna	পাবোনা
gaun	গাউন
taderow	তাদেরও
siddharrthke	সিদ্ধার্থকে
siddharrthoke	সিদ্ধার্থকে
gonftontrer	গণতন্ত্রের
gonfotontrer	গণতন্ত্রের
komiunistf	কমিউনিস্ট
lestradf	লেস্ত্রাড
shunli	শুনলি
shunoli	শুনলি
rhsztfa	রহস্যটা
rohsztfa	রহস্যটা
rhosztfa	রহস্যটা
rhszotfa	রহস্যটা
pferi	ফেরি
cfk	ছক
cfok	ছক
moni	মনি
nagatfa	নাগাটা
britfishder	ব্রিটিশদের
britfishoder	ব্রিটিশদের
hile	হিলে
blah	ব্লাহ
bishqngkhlar	বিশৃঙ্খলার
bishqngkholar	বিশৃঙ্খলার
jelas	জেলাস
scesftf	সচেষ্ট
socesftf	সচেষ্ট
baccakew	বাচ্চাকেও
rasftfrduut	রাষ্ট্রদূত
rasftfroduut	রাষ্ট্রদূত
bndhne	বন্ধনে
bondhne	বন্ধনে
bndhone	বন্ধনে
asokti	আসক্তি
reiks	রেইক্স
lenshar	লেনশার
lenoshar	লেনশার
pulishera	পুলিশেরা
ovihit	অভিহিত
stfesi	স্টেসি
janlew	জানলেও
janolew	জানলেও
incir	ইঞ্চির
wikhanei	ঐখানেই
hantfli	হান্টলি
hantfoli	হান্টলি
kamer	কামের
sxbednshiil	সংবেদনশীল
soxbednshiil	সংবেদনশীল
sxbedonshiil	সংবেদনশীল
sxbednoshiil	সংবেদনশীল
rwsftf	রোষ্ট
bndhii	বন্ধী
bondhii	বন্ধী
porinam	পরিনাম
dffukecfilw	ঢুকেছিলো
prtidhbni	প্রতিধ্বনি
protidhbni	প্রতিধ্বনি
prtidhboni	প্রতিধ্বনি
tfaiporaitfar	টাইপরাইটার
sngkucit	সঙ্কুচিত
songkucit	সঙ্কুচিত
pwli	পোলি
shtvag	শতভাগ
shotvag	শতভাগ
shtovag	শতভাগ
garde	গারদে
garode	গারদে
vaira	ভাইরা
rivarrs	রিভার্স
vorte	ভরতে
vorote	ভরতে
jllad	জল্লাদ
jollad	জল্লাদ
sadamatfa	সাদামাটা
jnk	জনক
jonok	জনক
jonk	জনক
jnok	জনক
ajkew	আজকেও
ajokew	আজকেও
onucit	অনুচিত
prkashze	প্রকাশ্যে
prokashze	প্রকাশ্যে
dfemw	ডেমো
endfriw	এন্ড্রিও
vini	ভিনি
pfan	ফান
bzarn	ব্যারন
bzaron	ব্যারন
brandfi	ব্রান্ডি
tarjnz	তারজন্য
tarojnz	তারজন্য
tarjonz	তারজন্য
pfisopfisani	ফিসফিসানি
minitfow	মিনিটও
kwkein	কোকেইন
tfarrminale	টার্মিনালে
etwduur	এতোদূর
paisi	পাইসি
punoruujjiibit	পুনরূজ্জীবিত
reshon	রেশন
masol	মাসল
grepftarer	গ্রেফতারের
grepfotarer	গ্রেফতারের
mzacer	ম্যাচের
bolecfina	বলেছিনা
somprrkozukt	সম্পর্কযুক্ত
somporrkozukt	সম্পর্কযুক্ত
susjjit	সুসজ্জিত
susojjit	সুসজ্জিত
hzakix	হ্যাকিং
bkstfa	বক্সটা
bokstfa	বক্সটা
bksotfa	বক্সটা
khabarow	খাবারও
eimatroi	এইমাত্রই
jagcfe	জাগছে
jagocfe	জাগছে
cw	চো
narrv	নার্ভ
cetfe	চেটে
mortam	মরতাম
morotam	মরতাম
kosai	কসাই
durrvagzjnk	দুর্ভাগ্যজনক
durrvagzojnk	দুর্ভাগ্যজনক
durrvagzjonk	দুর্ভাগ্যজনক
durrvagzjnok	দুর্ভাগ্যজনক
nilame	নিলামে
arrkaive	আর্কাইভে
nikqsftf	নিকৃষ্ট
tfomike	টমিকে
prthmtfa	প্রথমটা
prothmtfa	প্রথমটা
prthomtfa	প্রথমটা
prthmotfa	প্রথমটা
orrjuner	অর্জুনের
prtiruup	প্রতিরূপ
protiruup	প্রতিরূপ
pfere	ফেরে
koratw	করাতো
thredf	থ্রেড
orrcna	অর্চনা
orrcona	অর্চনা
shingga	শিঙ্গা
obolombne	অবলম্বনে
obolombone	অবলম্বনে
janotamoi	জানতামই
morica	মরিচা
vangate	ভাঙাতে
tfreinar	ট্রেইনার
shidfiul	শিডিউল
epash	এপাশ
shwnabw	শোনাবো
onubade	অনুবাদে
gfwrar	ঘোরার
ekosath	একসাথ
aipi	আইপি
nzst	ন্যস্ত
nzost	ন্যস্ত
tondra	তন্দ্রা
khajana	খাজানা
redfiwr	রেডিওর
jurikh	জুরিখ
baccai	বাচ্চাই
korat	করাত
bndhugon	বন্ধুগন
bondhugon	বন্ধুগন
bigg	বিজ্ঞ
leiner	লেইনের
spigel	স্পিগেল
wma	ওমা
iccfatei	ইচ্ছাতেই
pdobinzas	পদবিন্যাস
podobinzas	পদবিন্যাস
tffela	ঠেলা
onuvti	অনুভতি
onuvoti	অনুভতি
kolpnashkti	কল্পনাশক্তি
kolponashkti	কল্পনাশক্তি
kolpnashokti	কল্পনাশক্তি
shrwta	শ্রোতা
shibir	শিবির
sarumon	সারুমন
monwnibesh	মনোনিবেশ
opekfit	অপেক্ষিত
khushiif	খুশিই
cabuker	চাবুকের
amit	আমিত
niooshobde	নিঃশব্দে
drbz	দ্রব্য
drobz	দ্রব্য
cfelemanusfi	ছেলেমানুষি
ivil	ইভিল
jelei	জেলেই
bilap	বিলাপ
cwumbk	চৌম্বক
cwumbok	চৌম্বক
pajama	পাজামা
bsob	বসব
bosob	বসব
shesfomesf	শেষমেষ
kzas	ক্যাস
bqddhir	বৃদ্ধির
bilombit	বিলম্বিত
opbzbhar	অপব্যবহার
opobzbhar	অপব্যবহার
opbzobhar	অপব্যবহার
opbzbohar	অপব্যবহার
venis	ভেনিস
arrnldf	আর্নল্ড
arrnoldf	আর্নল্ড
morlw	মরলো
morolw	মরলো
eguccfe	এগুচ্ছে
eisober	এইসবের
kusxskar	কুসংস্কার
kusoxskar	কুসংস্কার
bivrantikor	বিভ্রান্তিকর
otzadhik	অত্যাধিক
kwmorer	কোমরের
tffikacfw	ঠিকাছো
jwnathn	জোনাথন
jwnathon	জোনাথন
pamela	পামেলা
aiesoes	আইএসএস
bebstha	বেবস্থা
bebostha	বেবস্থা
bujfcfina	বুঝছিনা
bujfocfina	বুঝছিনা
purrn	পুর্ন
leke	লেকে
niooshbaser	নিঃশ্বাসের
aninggak	আনিঙ্গাক
kner	কনের
koner	কনের
rwsitfa	রোসিটা
dekhena	দেখেনা
manate	মানাতে
karrzt	কার্যত
karrzot	কার্যত
thzangks	থ্যাঙ্কস
thzangkos	থ্যাঙ্কস
suzwgow	সুযোগও
tffadfa	ঠাডা
rktcwsfa	রক্তচোষা
roktcwsfa	রক্তচোষা
rktocwsfa	রক্তচোষা
bicfinn	বিছিন্ন
bqstfi	বৃস্টি
ztner	যত্নের
zotner	যত্নের
mgjer	মগজের
mogojer	মগজের
mogjer	মগজের
mgojer	মগজের
grhoner	গ্রহনের
grohoner	গ্রহনের
iues	ইউএস
shikhw	শিখো
shushan	শুশান
haraben	হারাবেন
gzandfalqq	গ্যান্ডাল্
gzandfaloqq	গ্যান্ডাল্
jzesftff	জ্যেষ্ঠ
vugcfen	ভুগছেন
vugocfen	ভুগছেন
hixsar	হিংসার
orrkqq	অর্ক্
orrkoqq	অর্ক্
khawni	খাওনি
udf	উড
shrmikoke	শ্রমিককে
shromikoke	শ্রমিককে
briij	ব্রীজ
gohiine	গহীনে
rikwletfir	রিকোলেটির
rikos	রিকস
klara	ক্লারা
pudfvkin	পুডভকিন
pudfovkin	পুডভকিন
pudfvokin	পুডভকিন
tfrenotfi	ট্রেনটি
opriitikor	অপ্রীতিকর
kitab	কিতাব
stfzagel	স্ট্যাগেল
uposthitir	উপস্থিতির
sharrpf	শার্ফ
mharaja	মহারাজা
moharaja	মহারাজা
cintadhara	চিন্তাধারা
snek	স্নেক
tfuna	টুনা
vangw	ভাঙো
babare	বাবারে
tiruneloveli	তিরুনেলভেলি
serkomtfa	সেরকমটা
serokomtfa	সেরকমটা
serkomotfa	সেরকমটা
bairava	বাইরাভা
palab	পালাব
kolngkit	কলঙ্কিত
kolongkit	কলঙ্কিত
clecfw	চলেছো
colecfw	চলেছো
karnfer	কারণের
karonfer	কারণের
elopfder	এলফদের
elopfoder	এলফদের
sarrjnpfish	সার্জনফিশ
sarrjonpfish	সার্জনফিশ
sarrjnopfish	সার্জনফিশ
becarii	বেচারী
izioo	ইযিঃ
oshbarwhonfe	অশ্বারোহণে
cp	চপ
cop	চপ
bacser	বাচসের
bacoser	বাচসের
odhikotor	অধিকতর
majfpthe	মাঝপথে
majfopthe	মাঝপথে
majfpothe	মাঝপথে
gondforer	গন্ডরের
maha	মাহা
aetfrrni	অ্যাটর্নি
aetforrni	অ্যাটর্নি
khunitfa	খুনিটা
upgrh	উপগ্রহ
upogrh	উপগ্রহ
upgroh	উপগ্রহ
sadore	সাদরে
anusftffanikota	আনুষ্ঠানিকতা
kruder	ক্রুদের
prkotf	প্রকট
prokotf	প্রকট
tajjob	তাজ্জব
samaroo	সামারঃ
purnf	পুরণ
puronf	পুরণ
shirstranf	শিরস্ত্রাণ
shirostranf	শিরস্ত্রাণ
shambal	শাম্বাল
lidf	লিড
cina	চিনা
vanggbe	ভাঙ্গবে
vanggobe	ভাঙ্গবে
marpitf	মারপিট
maropitf	মারপিট
seki	সেকি
puurrbpurusfer	পূর্বপুরুষের
puurrbopurusfer	পূর্বপুরুষের
nzatf	ন্যাট
upkuule	উপকূলে
upokuule	উপকূলে
enotfoan	এনটআন
jgfnfz	জঘণ্য
jogfnfz	জঘণ্য
jgfonfz	জঘণ্য
spzarwke	স্প্যারোকে
sarrvare	সার্ভারে
bet	বেত
ztne	যত্নে
zotne	যত্নে
prkolper	প্রকল্পের
prokolper	প্রকল্পের
thai	থাই
sotiirrth	সতীর্থ
speshalisftf	স্পেশালিষ্ট
shikfarrthiike	শিক্ষার্থীকে
gftfnai	ঘটনাই
gfotfnai	ঘটনাই
gftfonai	ঘটনাই
kosftftfa	কষ্টটা
kosftfotfa	কষ্টটা
nijekew	নিজেকেও
abegprbnf	আবেগপ্রবণ
abegoprbnf	আবেগপ্রবণ
abegprobnf	আবেগপ্রবণ
abegprbonf	আবেগপ্রবণ
harabar	হারাবার
merur	মেরুর
brrtomaner	বর্তমানের
borrtomaner	বর্তমানের
bwidhta	বৈধতা
bwidhota	বৈধতা
dqshzman	দৃশ্যমান
dqshzoman	দৃশ্যমান
rwbobare	রোববারে
atflantfik	আটলান্টিক
atfolantfik	আটলান্টিক
batf	বাট
durrdhrrsf	দুর্ধর্ষ
durrdhorrsf	দুর্ধর্ষ
oniccfakqt	অনিচ্ছাকৃত
vrrta	ভর্তা
vorrta	ভর্তা
lumws	লুমোস
zfandfal	্যান্ডাল
bishbasow	বিশ্বাসও
abaler	আবালের
betragfat	বেত্রাঘাত
alur	আলুর
barthwlwmew	বারথোলোমেও
barothwlwmew	বারথোলোমেও
sabath	সাবাথ
lwkokahinii	লোককাহিনী
pfrntf	ফ্রন্ট
pfrontf	ফ্রন্ট
prtipfolit	প্রতিফলিত
protipfolit	প্রতিফলিত
bartfn	বারটন
barotfn	বারটন
bartfon	বারটন
durtb	দুরত্ব
durotb	দুরত্ব
sommanarrthe	সম্মানার্থে
otzacarii	অত্যাচারী
gadhatfake	গাধাটাকে
parrkotfa	পার্কটা
ridfikilas	রিডিকিলাস
jnmecfe	জন্মেছে
jonmecfe	জন্মেছে
palaccf	পালাচ্ছ
nwukatfa	নৌকাটা
gondfgwl	গন্ডগোল
gondfogwl	গন্ডগোল
behalatfa	বেহালাটা
mrrdf	মর্ড
morrdf	মর্ড
elabama	এলাবামা
cangga	চাঙ্গা
gfumab	ঘুমাব
gzalantfri	গ্যালান্ট্রি
suduur	সুদূর
mwjes	মোজেস
gfsfe	ঘষে
gfosfe	ঘষে
nwbel	নোবেল
gundfara	গুন্ডারা
rixhwm	রিংহোম
cltw	চলতো
colotw	চলতো
coltw	চলতো
clotw	চলতো
nirporadh	নিরপরাধ
niroporadh	নিরপরাধ
hiujer	হিউজের
khelcf	খেলছ
khelocf	খেলছ
bober	ববের
zabojjiibn	যাবজ্জীবন
zabojjiibon	যাবজ্জীবন
per	পের
kinare	কিনারে
wderow	ওদেরও
ckrer	চক্রের
cokrer	চক্রের
shutfar	শুটার
kriptfn	ক্রিপ্টন
kriptfon	ক্রিপ্টন
orrdfarer	অর্ডারের
lashgulw	লাশগুলো
lashogulw	লাশগুলো
sukhkor	সুখকর
sukhokor	সুখকর
wjaki	ওজাকি
rupantorit	রুপান্তরিত
dfisokvari	ডিসকভারি
dfisokovari	ডিসকভারি
prtzashit	প্রত্যাশিত
protzashit	প্রত্যাশিত
holwna	হলোনা
esew	এসেও
dfaknam	ডাকনাম
dfakonam	ডাকনাম
iutfiub	ইউটিউব
ainojiibiir	আইনজীবীর
korecfenoo	করেছেনঃ
gfatk	ঘাতক
gfatok	ঘাতক
ashai	আশাই
rwbtfke	রোবটকে
rwbotfke	রোবটকে
rwbtfoke	রোবটকে
moruk	মরুক
shikhbw	শিখবো
shikhobw	শিখবো
porerjn	পরেরজন
porerojon	পরেরজন
porerojn	পরেরজন
porerjon	পরেরজন
jinir	জিনির
vorar	ভরার
korunfar	করুণার
gitfar	গিটার
kamaner	কামানের
kfudhar	ক্ষুধার
ambar	আম্বার
stfzacu	স্ট্যাচু
mathai	মাথাই
sjiib	সজীব
sojiib	সজীব
henodfri	হেনড্রি
des	দেস
prsad	প্রসাদ
prosad	প্রসাদ
supt	সুপ্ত
umm	উম্ম
lipfoletf	লিফলেট
dinew	দিনেও
mairalaicfe	মাইরালাইছে
obastob	অবাস্তব
sbornf	স্বরণ
sboronf	স্বরণ
invaitfeshon	ইনভাইটেশন
inovaitfeshon	ইনভাইটেশন
ohetuk	অহেতুক
sup	সুপ
remondf	রেমন্ড
somqddhi	সমৃদ্ধি
emareldf	এমারেল্ড
dhorna	ধরনা
dhorona	ধরনা
aelogoridom	অ্যালগরিদম
markwvic	মারকোভিচ
marokwvic	মারকোভিচ
papar	পাপার
praimari	প্রাইমারি
khatfash	খাটাশ
upvwgz	উপভোগ্য
upovwgz	উপভোগ্য
tfrzakar	ট্র্যাকার
dhusor	ধুসর
cppl	চপ্পল
coppl	চপ্পল
cppol	চপ্পল
skrin	স্ক্রিন
bccn	বচ্চন
boccn	বচ্চন
bccon	বচ্চন
omitab	অমিতাব
namanwr	নামানোর
jadute	জাদুতে
khwlai	খোলাই
aijzakos	আইজ্যাকস
bwmaru	বোমারু
ara	আরা
menu	মেনু
lkfzer	লক্ষ্যের
lokfzer	লক্ষ্যের
sadharnfvabe	সাধারণভাবে
sadharonfvabe	সাধারণভাবে
sadharnfovabe	সাধারণভাবে
jadugfor	জাদুঘর
dfub	ডুব
jx	জং
jox	জং
buletfotfa	বুলেটটা
lobite	লবিতে
airishder	আইরিশদের
airishoder	আইরিশদের
kaunsile	কাউন্সিলে
egular	এগুলার
anlw	আনলো
anolw	আনলো
punoosthapon	পুনঃস্থাপন
niribili	নিরিবিলি
dhbxsatmk	ধ্বংসাত্মক
dhboxsatmk	ধ্বংসাত্মক
dhbxsatmok	ধ্বংসাত্মক
lui	লুই
swundrrze	সৌন্দর্যে
swundorrze	সৌন্দর্যে
monitforer	মনিটরের
tfraktfor	ট্রাক্টর
shisftfacar	শিষ্টাচার
matar	মাতার
duurrg	দূর্গ
utffena	উঠেনা
hiju	হিজু
ovishxsoker	অভিশংসকের
ovishoxsoker	অভিশংসকের
jfulanw	ঝুলানো
jrrjke	জর্জকে
jorrjke	জর্জকে
jrrjoke	জর্জকে
htfat	হটাত
hotfat	হটাত
aldfric	আল্ড্রিচ
kixkx	কিংকং
kixkox	কিংকং
mtobad	মতবাদ
motobad	মতবাদ
janlei	জানলেই
janolei	জানলেই
zntrpatir	যন্ত্রপাতির
zontrpatir	যন্ত্রপাতির
zntropatir	যন্ত্রপাতির
tfwmbli	টোম্বলি
tfwmboli	টোম্বলি
knui	কনুই
konui	কনুই
mst	মস্ত
most	মস্ত
onusarii	অনুসারী
bajan	বাজান
stfrecar	স্ট্রেচার
naoo	নাঃ
krrmkfetre	কর্মক্ষেত্রে
korrmkfetre	কর্মক্ষেত্রে
krrmokfetre	কর্মক্ষেত্রে
caciir	চাচীর
rwmiw	রোমিও
ekshon	একশন
ekoshon	একশন
oporisfkar	অপরিষ্কার
pranfobnt	প্রাণবন্ত
pranfobont	প্রাণবন্ত
uurrdhbton	ঊর্ধ্বতন
uurrdhboton	ঊর্ধ্বতন
mab	মাব
onfdfkwsf	অণ্ডকোষ
onfdfokwsf	অণ্ডকোষ
rese	রেসে
elakatfa	এলাকাটা
cihnoi	চিহ্নই
dhrubk	ধ্রুবক
dhrubok	ধ্রুবক
alapcarita	আলাপচারিতা
alapocarita	আলাপচারিতা
acarn	আচারন
acaron	আচারন
edfvencar	এডভেঞ্চার
edfovencar	এডভেঞ্চার
patagulw	পাতাগুলো
rkfiider	রক্ষীদের
rokfiider	রক্ষীদের
hasobw	হাসবো
khamare	খামারে
dfirektfiv	ডিরেক্টিভ
stfailer	স্টাইলের
vrmoner	ভ্রমনের
vromoner	ভ্রমনের
sukhei	সুখেই
bsole	বসলে
bosole	বসলে
iraker	ইরাকের
ummwcn	উম্মোচন
ummwcon	উম্মোচন
sxkramk	সংক্রামক
soxkramk	সংক্রামক
sxkramok	সংক্রামক
sommukhe	সম্মুখে
drrshker	দর্শকের
dorrshker	দর্শকের
drrshoker	দর্শকের
gacftfi	গাছটি
gacfotfi	গাছটি
janal	জানাল
majfkhaner	মাঝখানের
majfokhaner	মাঝখানের
pfelna	ফেলনা
pfelona	ফেলনা
twtlami	তোতলামি
twtolami	তোতলামি
thami	থামি
karrrla	কার্রলা
karrrola	কার্রলা
tfiulip	টিউলিপ
cinot	চিনত
rwja	রোজা
katukutu	কাতুকুতু
jfulcfe	ঝুলছে
jfulocfe	ঝুলছে
stfudfentfder	স্টুডেন্টদের
stfudfentfoder	স্টুডেন্টদের
sethuraman	সেথুরামান
muvitfir	মুভিটির
rketfer	রকেটের
roketfer	রকেটের
pecfnei	পেছনেই
pecfonei	পেছনেই
arekotfar	আরেকটার
pipasa	পিপাসা
lukan	লুকান
mupfasar	মুফাসার
haim	হাইম
karnfoi	কারণই
karonfoi	কারণই
mwrrs	মোর্স
asta	আস্তা
kolam	কলাম
paccfena	পাচ্ছেনা
gtobarer	গতবারের
gotobarer	গতবারের
hala	হালা
ovdrta	অভদ্রতা
ovodrta	অভদ্রতা
ovdrota	অভদ্রতা
orrthniitite	অর্থনীতিতে
orrthoniitite	অর্থনীতিতে
uig	উইগ
pwldfek	পোল্ডেক
kzare	ক্যারে
kundfar	কুন্ডার
jandfar	জান্ডার
dfakcfen	ডাকছেন
dfakocfen	ডাকছেন
kwutuuholii	কৌতূহলী
nwubahinii	নৌবাহিনী
krzakwte	ক্র্যাকোতে
dfelivarii	ডেলিভারী
malikder	মালিকদের
malikoder	মালিকদের
ukun	উকুন
sondhir	সন্ধির
gudamer	গুদামের
haidfra	হাইড্রা
rakfser	রাক্ষসের
rakfoser	রাক্ষসের
onor	অনর
dffukecfil	ঢুকেছিল
pfndi	ফন্দি
pfondi	ফন্দি
kthamtw	কথামতো
kothamtw	কথামতো
kthamotw	কথামতো
jage	জাগে
tfiketfer	টিকেটের
garrdfene	গার্ডেনে
vlad	ভ্লাদ
tabu	তাবু
dfainiitfa	ডাইনীটা
ekakiitb	একাকীত্ব
him	হিম
dffile	ঢিলে
kzalendfar	ক্যালেন্ডার
khrisftfanoder	খ্রিষ্টানদের
zwgan	যোগান
oxshgrhon	অংশগ্রহন
oxshogrhon	অংশগ্রহন
oxshgrohon	অংশগ্রহন
saiklwpos	সাইক্লোপস
kharapotfa	খারাপটা
meshinke	মেশিনকে
meshinoke	মেশিনকে
sqstfikrrta	সৃস্টিকর্তা
sqstfikorrta	সৃস্টিকর্তা
boitfar	বইটার
marbena	মারবেনা
marobena	মারবেনা
thailzandf	থাইল্যান্ড
shktiif	শক্তিই
shoktiif	শক্তিই
khamwsh	খামোশ
palotfa	পালটা
egones	এগনেস
kolwnir	কলোনির
otl	অতল
otol	অতল
simu	সিমু
vagte	ভাগতে
vagote	ভাগতে
stfarrnke	স্টার্নকে
stfarrnoke	স্টার্নকে
bason	বাসন
clt	চলত
colot	চলত
colt	চলত
clot	চলত
thalabasoner	থালাবাসনের
uposthapona	উপস্থাপনা
pfinartfi	ফিনারটি
pfinarotfi	ফিনারটি
eksitf	এক্সিট
bolda	বলদা
boloda	বলদা
sharrtfer	শার্টের
talikavukt	তালিকাভুক্ত
kzapitfl	ক্যাপিটল
kzapitfol	ক্যাপিটল
okthz	অকথ্য
okothz	অকথ্য
komban	কম্বান
dekhcfilw	দেখছিলো
dekhocfilw	দেখছিলো
kanektf	কানেক্ট
laibreriite	লাইব্রেরীতে
ekjwtf	একজোট
ekojwtf	একজোট
naitfrwjen	নাইট্রোজেন
mnfimukta	মণিমুক্তা
monfimukta	মণিমুক্তা
margaretf	মারগারেট
marogaretf	মারগারেট
tffzax	ঠ্যাং
kwnodinoi	কোনদিনই
pzakix	প্যাকিং
srrp	সর্প
sorrp	সর্প
karigrra	কারিগররা
karigorora	কারিগররা
karigorra	কারিগররা
pflevar	ফ্লেভার
dhrrmoprcarer	ধর্মপ্রচারের
dhorrmoprcarer	ধর্মপ্রচারের
dhrrmoprocarer	ধর্মপ্রচারের
shiber	শিবের
bndhoi	বন্ধই
bondhoi	বন্ধই
pdkfepe	পদক্ষেপে
podkfepe	পদক্ষেপে
pdokfepe	পদক্ষেপে
tfimwksi	টিমোক্সি
guhate	গুহাতে
tinsht	তিনশত
tinosht	তিনশত
tinshot	তিনশত
entfi	এন্টি
karnotfa	কারনটা
karonotfa	কারনটা
sailas	সাইলাস
misftfir	মিষ্টির
antfike	আন্টিকে
smornfe	স্মরণে
smoronfe	স্মরণে
bwgas	বোগাস
brene	ব্রেনে
sorpforajer	সরফরাজের
soropforajer	সরফরাজের
ilektfrwmzagonetfik	ইলেক্ট্রোম্যাগনেটিক
ter	তের
parsporik	পারস্পরিক
parosporik	পারস্পরিক
dorkarii	দরকারী
dorokarii	দরকারী
sajeshon	সাজেশন
dfekci	ডেকচি
dfekoci	ডেকচি
grs	গ্রস
gros	গ্রস
makhjumer	মাখজুমের
makhojumer	মাখজুমের
bolecfiif	বলেছিই
mzanejarer	ম্যানেজারের
knodfm	কনডম
konodfm	কনডম
knodfom	কনডম
srrb	সর্ব
sorrb	সর্ব
vaji	ভাজি
mzanoo	ম্যানঃ
dfadfli	ডাডলি
dfadfoli	ডাডলি
tferesar	টেরেসার
prtntottbbid	প্রত্নতত্ত্ববিদ
protntottbbid	প্রত্নতত্ত্ববিদ
prtnotottbbid	প্রত্নতত্ত্ববিদ
prtntottbobid	প্রত্নতত্ত্ববিদ
eje	এজে
pkfei	পক্ষেই
pokfei	পক্ষেই
tfzure	ট্যুরে
pdf	পড
podf	পড
duijnkei	দুইজনকেই
duijonokei	দুইজনকেই
duijonkei	দুইজনকেই
duijnokei	দুইজনকেই
patre	পাত্রে
parli	পারলি
paroli	পারলি
seisathe	সেইসাথে
sistfemke	সিস্টেমকে
sistfemoke	সিস্টেমকে
oidin	অইদিন
dubai	দুবাই
niriikfa	নিরীক্ষা
montrer	মন্ত্রের
sobkicfuke	সবকিছুকে
sobokicfuke	সবকিছুকে
mishore	মিশরে
prstor	প্রস্তর
prostor	প্রস্তর
jnmgt	জন্মগত
jonmgt	জন্মগত
jnmogt	জন্মগত
jnmgot	জন্মগত
pfaki	ফাকি
komte	কমতে
komote	কমতে
krrmopfol	কর্মফল
korrmopfol	কর্মফল
kiirrti	কীর্তি
kolpkahinii	কল্পকাহিনী
kolpokahinii	কল্পকাহিনী
kdakar	কদাকার
kodakar	কদাকার
hzanibol	হ্যানিবল
cabe	চাবে
lekotfarer	লেকটারের
takabi	তাকাবি
agaccfi	আগাচ্ছি
niutf	নিউট
sontrasiike	সন্ত্রাসীকে
sngginii	সঙ্গিনী
songginii	সঙ্গিনী
dfzanir	ড্যানির
aivi	আইভি
pflintf	ফ্লিন্ট
kutapioo	কুতাপিঃ
kzathoriner	ক্যাথরিনের
kil	কিল
mini	মিনি
paipotfa	পাইপটা
poridhi	পরিধি
sbeccfasebk	স্বেচ্ছাসেবক
sbeccfasebok	স্বেচ্ছাসেবক
pfzakashe	ফ্যাকাশে
kpikol	কপিকল
kopikol	কপিকল
mngglobare	মঙ্গলবারে
mongglobare	মঙ্গলবারে
mnggolobare	মঙ্গলবারে
naijel	নাইজেল
parpfrrm	পারফর্ম
paropfrrm	পারফর্ম
parpforrm	পারফর্ম
prtibimb	প্রতিবিম্ব
protibimb	প্রতিবিম্ব
patal	পাতাল
duutabase	দূতাবাসে
dinshesfe	দিনশেষে
dinoshesfe	দিনশেষে
komonorume	কমনরুমে
kombineshon	কম্বিনেশন
aibw	আইবো
dfakiniibidza	ডাকিনীবিদ্যা
amobrij	আমব্রিজ
bolqq	বল্
boloqq	বল্
panitfa	পানিটা
kamz	কাম্য
baccakaccader	বাচ্চাকাচ্চাদের
kruj	ক্রুজ
malli	মাল্লি
dfker	ডকের
dfoker	ডকের
bzadf	ব্যাড
alwgulw	আলোগুলো
pamu	পামু
utffbi	উঠবি
utffobi	উঠবি
golanw	গলানো
onzkicfur	অন্যকিছুর
onzokicfur	অন্যকিছুর
ridfdfikulas	রিড্ডিকুলাস
biliin	বিলীন
pathorgulw	পাথরগুলো
pathorogulw	পাথরগুলো
mzath	ম্যাথ
morba	মরবা
moroba	মরবা
thamobena	থামবেনা
bujflw	বুঝলো
bujfolw	বুঝলো
dhzatterika	ধ্যাত্তেরিকা
shrii	শ্রী
karrzkolap	কার্যকলাপ
karrzokolap	কার্যকলাপ
tfin	টিন
zedike	যেদিকে
garrdfora	গার্ডরা
iunivarrsitfite	ইউনিভার্সিটিতে
gzase	গ্যাসে
kwbaltf	কোবাল্ট
pfrendfer	ফ্রেন্ডের
becarar	বেচারার
dhorew	ধরেও
swujnz	সৌজন্য
swujonz	সৌজন্য
aij	আইজ
kwwra	কোওরা
stfudfiwte	স্টুডিওতে
hirwifn	হিরোইন
greiler	গ্রেইলের
sopfolovabe	সফলভাবে
bzangke	ব্যাঙ্কে
khadzer	খাদ্যের
pranfiira	প্রাণীরা
durrvaga	দুর্ভাগা
vanganw	ভাঙানো
beshiii	বেশীই
likhcf	লিখছ
likhocf	লিখছ
swmobarer	সোমবারের
dfatfabej	ডাটাবেজ
iunipfrrmtfa	ইউনিফর্মটা
iunipforrmtfa	ইউনিফর্মটা
iunipfrrmotfa	ইউনিফর্মটা
sakfiira	সাক্ষীরা
bzaxkar	ব্যাংকার
etkicfur	এতকিছুর
etokicfur	এতকিছুর
jfuke	ঝুকে
tumader	তুমাদের
apftfarnun	আফটারনুন
apfotfarnun	আফটারনুন
apftfaronun	আফটারনুন
ruupar	রূপার
erporow	এরপরও
eroporow	এরপরও
khujobw	খুজবো
kwrrser	কোর্সের
duookhjnkvabe	দুঃখজনকভাবে
duookhojnkvabe	দুঃখজনকভাবে
duookhjonkvabe	দুঃখজনকভাবে
duookhjnokvabe	দুঃখজনকভাবে
tfrn	ট্রন
tfron	ট্রন
silova	সিলভা
gramtfa	গ্রামটা
gramotfa	গ্রামটা
enkom	এনকম
enokom	এনকম
enggejmentfer	এঙ্গেজমেন্টের
enggejomentfer	এঙ্গেজমেন্টের
dffakar	ঢাকার
taser	তাসের
shwnenoni	শোনেননি
pusi	পুসি
pfathms	ফাথমস
pfathoms	ফাথমস
pfathmos	ফাথমস
melovil	মেলভিল
pzasipfik	প্যাসিফিক
hajartfa	হাজারটা
hajarotfa	হাজারটা
iujar	ইউজার
bagdan	বাগদান
bagodan	বাগদান
dbimt	দ্বিমত
dbimot	দ্বিমত
kristfi	ক্রিস্টি
sahazzei	সাহায্যেই
baccatfir	বাচ্চাটির
ascfile	আসছিলে
asocfile	আসছিলে
grevs	গ্রেভস
grevos	গ্রেভস
pfainale	ফাইনালে
porishrmii	পরিশ্রমী
porishromii	পরিশ্রমী
sondehe	সন্দেহে
shikhb	শিখব
shikhob	শিখব
rptani	রপ্তানি
roptani	রপ্তানি
gwlakar	গোলাকার
thrii	থ্রী
ashorapful	আশরাফুল
intfelijenser	ইন্টেলিজেন্সের
kheccor	খেচ্চর
padme	পাদ্মে
cftrkhan	ছত্রখান
cfotrkhan	ছত্রখান
cftrokhan	ছত্রখান
onahare	অনাহারে
kwnor	কোনর
niker	নিকের
cfdmnam	ছদ্মনাম
cfodmnam	ছদ্মনাম
cfdmonam	ছদ্মনাম
haibarneshon	হাইবারনেশন
haibaroneshon	হাইবারনেশন
prsopektfor	প্রসপেক্টর
prosopektfor	প্রসপেক্টর
jesika	জেসিকা
muvitfa	মুভিটা
vzakosin	ভ্যাকসিন
bndhutfa	বন্ধুটা
bondhutfa	বন্ধুটা
dfraivtfi	ড্রাইভটি
dfraivotfi	ড্রাইভটি
janaini	জানাইনি
kame	কামে
cinoten	চিনতেন
prshnwttor	প্রশ্নোত্তর
proshnwttor	প্রশ্নোত্তর
buje	বুজে
paltfecfe	পাল্টেছে
kwla	কোলা
stfeshonotfa	স্টেশনটা
shww	শোও
riplai	রিপ্লাই
bwmb	বোম্ব
kare	কারে
sontrasiir	সন্ত্রাসীর
thrastfar	থ্রাস্টার
pfala	ফালা
jbljbl	জ্বলজ্বল
jboljbl	জ্বলজ্বল
jblojbl	জ্বলজ্বল
jbljbol	জ্বলজ্বল
khicca	খিচ্চা
ztharrth	যথার্থ
zotharrth	যথার্থ
bndhk	বন্ধক
bondhk	বন্ধক
bndhok	বন্ধক
meistfar	মেইস্টার
opu	অপু
stfzatfas	স্ট্যাটাস
likhcfe	লিখছে
likhocfe	লিখছে
surrz	সুর্য
diccfile	দিচ্ছিলে
tarikhtfa	তারিখটা
tarikhotfa	তারিখটা
sontrasiira	সন্ত্রাসীরা
shtker	শতকের
shotker	শতকের
shtoker	শতকের
sotbew	সত্বেও
polok	পলক
cfelegulwr	ছেলেগুলোর
bakiitfa	বাকীটা
ctfpotfe	চটপটে
cotfpotfe	চটপটে
ctfopotfe	চটপটে
krnos	ক্রনস
kronos	ক্রনস
andfargraundfe	আন্ডারগ্রাউন্ডে
andfarograundfe	আন্ডারগ্রাউন্ডে
shikfarrthiira	শিক্ষার্থীরা
swuvagzkrme	সৌভাগ্যক্রমে
swuvagzokrme	সৌভাগ্যক্রমে
swuvagzkrome	সৌভাগ্যক্রমে
prtirate	প্রতিরাতে
protirate	প্রতিরাতে
sondhzatfa	সন্ধ্যাটা
tfanar	টানার
dfraive	ড্রাইভে
khelcfw	খেলছো
khelocfw	খেলছো
atngker	আতঙ্কের
atongker	আতঙ্কের
caicfile	চাইছিলে
pej	পেজ
durrgom	দুর্গম
prantore	প্রান্তরে
ministfarer	মিনিস্টারের
cwra	চোরা
shidhu	শিধু
wporer	ওপরের
shunlw	শুনলো
shunolw	শুনলো
ekobarw	একবারো
ganar	গানার
pericali	পেরিচালি
bndhkii	বন্ধকী
bondhkii	বন্ধকী
bndhokii	বন্ধকী
badami	বাদামি
cil	চিল
pfzalokni	ফ্যালকনি
pfzalokoni	ফ্যালকনি
udfs	উডস
udfos	উডস
atnhtza	আত্নহত্যা
atnohtza	আত্নহত্যা
atnhotza	আত্নহত্যা
mimaxsa	মিমাংসা
dekhaccfis	দেখাচ্ছিস
enlordf	এনলরড
enolordf	এনলরড
enlorodf	এনলরড
prjektfer	প্রজেক্টের
projektfer	প্রজেক্টের
dekhbena	দেখবেনা
dekhobena	দেখবেনা
pfusopfuser	ফুসফুসের
sadakalw	সাদাকালো
bicornf	বিচরণ
bicoronf	বিচরণ
selinke	সেলিনকে
selinoke	সেলিনকে
uddeshztfa	উদ্দেশ্যটা
uddeshzotfa	উদ্দেশ্যটা
poripuurrn	পরিপূর্ন
obsthaw	অবস্থাও
obosthaw	অবস্থাও
ahamori	আহামরি
samolabe	সামলাবে
benamii	বেনামী
agaccfe	আগাচ্ছে
shikariir	শিকারীর
tfeka	টেকা
tffikanatfa	ঠিকানাটা
bakiira	বাকীরা
oporicitder	অপরিচিতদের
oporicitoder	অপরিচিতদের
siwr	সিওর
kolodfrn	কলড্রন
kolodfron	কলড্রন
monehccfe	মনেহচ্ছে
monehoccfe	মনেহচ্ছে
kishwr	কিশোর
zaha	যাহা
jid	জিদ
dorkaroi	দরকারই
dorokaroi	দরকারই
koiren	কইরেন
edhornfer	এধরণের
edhoronfer	এধরণের
vn	ভন
von	ভন
bitfar	বিটার
sadader	সাদাদের
gril	গ্রিল
pzlson	প্যলসন
pzolson	প্যলসন
pzloson	প্যলসন
gzarison	গ্যারিসন
sottbar	সত্ত্বার
pflamel	ফ্লামেল
skarrtf	স্কার্ট
gurujii	গুরুজী
abrrtit	আবর্তিত
aborrtit	আবর্তিত
mhamhim	মহামহিম
mohamohim	মহামহিম
mohamhim	মহামহিম
mhamohim	মহামহিম
jiin	জীন
kzasetf	ক্যাসেট
jibake	জিবাকে
mukhsth	মুখস্থ
mukhosth	মুখস্থ
dfelivarir	ডেলিভারির
pitake	পিতাকে
dida	দিদা
bilomb	বিলম্ব
valokore	ভালকরে
kapfela	কাফেলা
wusfdher	ঔষধের
wusfodher	ঔষধের
nirrbak	নির্বাক
jixlix	জিংলিং
epk	এপক
epok	এপক
pfinik	ফিনিক
jnogon	জনগন
jonogon	জনগন
sudqshz	সুদৃশ্য
risk	রিস্ক
bgs	বগস
bogos	বগস
bogs	বগস
bgos	বগস
nisftffurta	নিষ্ঠুরতা
nisftffurota	নিষ্ঠুরতা
sondha	সন্ধা
pfilmer	ফিল্মের
kharp	খারপ
kharop	খারপ
kolig	কলিগ
halelujah	হালেলুজাহ
bhiooprkash	বহিঃপ্রকাশ
bohiooprkash	বহিঃপ্রকাশ
bhiooprokash	বহিঃপ্রকাশ
mithzatfa	মিথ্যাটা
vzali	ভ্যালি
likhecfilam	লিখেছিলাম
pzadfpfutf	প্যাডফুট
pzadfopfutf	প্যাডফুট
orrlinse	অর্লিন্সে
zeten	যেতেন
dehke	দেহকে
dehoke	দেহকে
gfumaccfile	ঘুমাচ্ছিলে
ekomas	একমাস
hwle	হোলে
upotzkar	উপত্যকার
upotzokar	উপত্যকার
sapfai	সাফাই
stfrwk	স্ট্রোক
pfida	ফিদা
utffanwr	উঠানোর
khaina	খাইনা
pwucfecfi	পৌছেছি
jip	জিপ
serader	সেরাদের
habudfubu	হাবুডুবু
satflar	সাটলার
satfolar	সাটলার
kzaposul	ক্যাপসুল
perecfis	পেরেছিস
hanimune	হানিমুনে
jnmsthan	জন্মস্থান
jonmsthan	জন্মস্থান
jnmosthan	জন্মস্থান
kat	কাত
mzakotfagar	ম্যাকটাগার
mete	মেতে
peshar	পেশার
ovibzkti	অভিব্যক্তি
ovibzokti	অভিব্যক্তি
dfwthoraki	ডোথরাকি
bkobkani	বকবকানি
bokobokani	বকবকানি
bokobkani	বকবকানি
bkobokani	বকবকানি
helth	হেলথ
heloth	হেলথ
istambule	ইস্তাম্বুলে
narrser	নার্সের
niirbe	নীরবে
niirobe	নীরবে
ekaje	একাজে
baldini	বালদিনি
balodini	বালদিনি
dasii	দাসী
pfirlam	ফিরলাম
pfirolam	ফিরলাম
pulivetftfi	পুলিভেট্টি
kukrrmer	কুকর্মের
kukorrmer	কুকর্মের
shszagar	শস্যাগার
shoszagar	শস্যাগার
dfenijer	ডেনিজের
saiki	সাইকি
purana	পুরানা
omiimaxsit	অমীমাংসিত
zerkomtfa	যেরকমটা
zerokomtfa	যেরকমটা
zerkomotfa	যেরকমটা
kotwtfuku	কতোটুকু
bsoben	বসবেন
bosoben	বসবেন
kngkal	কঙ্কাল
kongkal	কঙ্কাল
pfirecfi	ফিরেছি
stfepfan	স্টেফান
mukhei	মুখেই
kiif	কিই
tinotfar	তিনটার
tfrudfi	ট্রুডি
jmine	জমিনে
jomine	জমিনে
aekauntfe	অ্যাকাউন্টে
hatke	হাতকে
hatoke	হাতকে
sharmzanke	শারম্যানকে
sharomzanke	শারম্যানকে
sharmzanoke	শারম্যানকে
krax	ক্রাং
baccagulwke	বাচ্চাগুলোকে
maikeloke	মাইকেলকে
glwbal	গ্লোবাল
mrrmsprrshii	মর্মস্পর্শী
morrmsprrshii	মর্মস্পর্শী
mrrmosprrshii	মর্মস্পর্শী
mrrmsporrshii	মর্মস্পর্শী
sii	সী
inosaitf	ইনসাইট
dfrai	ড্রাই
nidhon	নিধন
riviu	রিভিউ
asenoni	আসেননি
aenjelinar	অ্যাঞ্জেলিনার
shtrupkfer	শত্রুপক্ষের
shotrupkfer	শত্রুপক্ষের
shtrupokfer	শত্রুপক্ষের
cwukos	চৌকস
wki	ওকি
nevada	নেভাদা
jnit	জনিত
jonit	জনিত
lejer	লেজের
ripfleks	রিফ্লেক্স
geime	গেইমে
badhon	বাধন
dfor	ডর
abdi	আব্দি
aemajn	অ্যামাজন
aemajon	অ্যামাজন
puci	পুচি
kwnprkar	কোনপ্রকার
kwnoprkar	কোনপ্রকার
kwnprokar	কোনপ্রকার
bekn	বেকন
bekon	বেকন
hwmw	হোমো
tfedfir	টেডির
picfpa	পিছপা
picfopa	পিছপা
ogg	অজ্ঞ
mwraleser	মোরালেসের
betfsi	বেটসি
betfosi	বেটসি
haundf	হাউন্ড
tfarrtfl	টার্টল
tfarrtfol	টার্টল
sommtite	সম্মতিতে
sommotite	সম্মতিতে
aedfmiral	অ্যাডমিরাল
aedfomiral	অ্যাডমিরাল
pic	পিচ
jajmentf	জাজমেন্ট
jajomentf	জাজমেন্ট
pfelis	ফেলিস
maikir	মাইকির
cuktiboddh	চুক্তিবদ্ধ
shikhabe	শিখাবে
bndhza	বন্ধ্যা
bondhza	বন্ধ্যা
belikpfer	বেলিকফের
belikopfer	বেলিকফের
nirrmuul	নির্মূল
brunw	ব্রুনো
wrlzandfw	ওরল্যান্ডো
wrolzandfw	ওরল্যান্ডো
bassthan	বাসস্থান
basosthan	বাসস্থান
bisfonn	বিষন্ন
swinzer	সৈন্যের
deina	দেইনা
mwtfele	মোটেলে
liji	লিজি
mwhon	মোহন
karrzkolaper	কার্যকলাপের
karrzokolaper	কার্যকলাপের
ketfi	কেটি
jinisfopotr	জিনিষপত্র
arwhii	আরোহী
eksidfentfe	এক্সিডেন্টে
szanotfinw	স্যানটিনো
mtamter	মতামতের
motamoter	মতামতের
motamter	মতামতের
mtamoter	মতামতের
bakiider	বাকীদের
jimer	জিমের
apfim	আফিম
oceton	অচেতন
gzalentfain	গ্যালেন্টাইন
ratvor	রাতভর
ratovor	রাতভর
pzaredf	প্যারেড
dfiudf	ডিউড
lwshon	লোশন
mendfej	মেন্ডেজ
porate	পরাতে
ekotfiw	একটিও
bwmer	বোমের
mukutfotfi	মুকুটটি
prtipkf	প্রতিপক্ষ
protipkf	প্রতিপক্ষ
prtipokf	প্রতিপক্ষ
tfeknikzal	টেকনিক্যাল
tfekonikzal	টেকনিক্যাল
bolisftff	বলিষ্ঠ
tfupir	টুপির
lagtecfe	লাগতেছে
lagotecfe	লাগতেছে
uili	উইলি
eitfake	এইটাকে
puli	পুলি
nek	নেক
patffalam	পাঠালাম
khelt	খেলত
khelot	খেলত
shpther	শপথের
shopther	শপথের
shpother	শপথের
hoilam	হইলাম
nqshxsvabe	নৃশংসভাবে
nqshoxsvabe	নৃশংসভাবে
nqshxsovabe	নৃশংসভাবে
manosikotar	মানসিকতার
prwgramix	প্রোগ্রামিং
ladfdfu	লাড্ডু
baburrcir	বাবুর্চির
szampol	স্যাম্পল
gfatfagfatfi	ঘাটাঘাটি
kidfni	কিডনি
kidfoni	কিডনি
poristhititfa	পরিস্থিতিটা
hitfar	হিটার
shbaser	শ্বাসের
bishesfggora	বিশেষজ্ঞরা
bishesfoggora	বিশেষজ্ঞরা
sbpnpurii	স্বপ্নপুরী
sbopnpurii	স্বপ্নপুরী
sbpnopurii	স্বপ্নপুরী
vori	ভরি
darrshonik	দার্শনিক
gormer	গরমের
goromer	গরমের
tfrigare	ট্রিগারে
poribrrtonkarii	পরিবর্তনকারী
poriborrtonkarii	পরিবর্তনকারী
poribrrtonokarii	পরিবর্তনকারী
dfigonam	ডিগনাম
decfe	দেছে
khndf	খন্ড
khondf	খন্ড
ramar	রামার
shwva	শোভা
pormanond	পরমানন্দ
poromanond	পরমানন্দ
zakei	যাকেই
thwrrn	থোর্ন
matobbori	মাতব্বরি
bishbstta	বিশ্বস্ততা
bishbostta	বিশ্বস্ততা
bishbstota	বিশ্বস্ততা
gwlamer	গোলামের
tfakolu	টাকলু
eitfuku	এইটুকু
samanztom	সামান্যতম
samanzotom	সামান্যতম
tfranspwrrtf	ট্রান্সপোর্ট
tfransopwrrtf	ট্রান্সপোর্ট
utffuk	উঠুক
rajader	রাজাদের
dfejarrtf	ডেজার্ট
nirrjfor	নির্ঝর
sahitzer	সাহিত্যের
bakos	বাকস
miunikh	মিউনিখ
gonz	গন্য
kisokw	কিসকো
babara	বাবারা
gfumaini	ঘুমাইনি
sohobas	সহবাস
nioosnggta	নিঃসঙ্গতা
nioosonggta	নিঃসঙ্গতা
nioosnggota	নিঃসঙ্গতা
tfranspwrrtfedf	ট্রান্সপোর্টেড
tfransopwrrtfedf	ট্রান্সপোর্টেড
onuvuutigulwke	অনুভূতিগুলোকে
karadnfdf	কারাদণ্ড
karadonfdf	কারাদণ্ড
bipfol	বিফল
babakew	বাবাকেও
kfiinf	ক্ষীণ
hanobe	হানবে
pddhtitfa	পদ্ধতিটা
poddhtitfa	পদ্ধতিটা
pddhotitfa	পদ্ধতিটা
gzari	গ্যারি
rajn	রাজন
rajon	রাজন
petei	পেতেই
grama	গ্রামা
pdarrthobid	পদার্থবিদ
podarrthobid	পদার্থবিদ
blzaker	ব্ল্যাকের
vorw	ভরো
hatfur	হাটুর
obadhzta	অবাধ্যতা
obadhzota	অবাধ্যতা
bajaccfi	বাজাচ্ছি
dffuk	ঢুক
carrlsoke	চার্লসকে
carrlosoke	চার্লসকে
azfntfn	আ্যন্টন
azfontfn	আ্যন্টন
azfntfon	আ্যন্টন
kritfik	ক্রিটিক
nwukagulw	নৌকাগুলো
elanggw	এলাঙ্গো
mithraner	মিথ্রানের
daridr	দারিদ্র
betfe	বেটে
knorer	কনরের
konorer	কনরের
parrtfnarer	পার্টনারের
parrtfonarer	পার্টনারের
torunfder	তরুণদের
torunfoder	তরুণদের
mgje	মগজে
mogoje	মগজে
mogje	মগজে
mgoje	মগজে
skautf	স্কাউট
gzaxstfarer	গ্যাংস্টারের
pfereni	ফেরেনি
karrtfeler	কার্টেলের
zfambw	্যাম্বো
janla	জানলা
janola	জানলা
bwitffke	বৈঠকে
bwitffoke	বৈঠকে
traser	ত্রাসের
silzandf	সিল্যান্ড
shukna	শুকনা
shukona	শুকনা
kaseres	কাসেরেস
bikshit	বিকশিত
bikoshit	বিকশিত
estfetf	এস্টেট
shrrtfkatf	শর্টকাট
shorrtfkatf	শর্টকাট
shrrtfokatf	শর্টকাট
komanw	কমানো
otzadhunik	অত্যাধুনিক
vkti	ভক্তি
vokti	ভক্তি
senggal	সেঙ্গাল
rwdfer	রোডের
eksaitfedf	এক্সাইটেড
shtadhik	শতাধিক
shotadhik	শতাধিক
sobur	সবুর
rke	রকে
roke	রকে
piccfil	পিচ্ছিল
enkriptf	এনক্রিপ্ট
enokriptf	এনক্রিপ্ট
prtidbndbiita	প্রতিদ্বন্দ্বীতা
protidbndbiita	প্রতিদ্বন্দ্বীতা
prtidbondbiita	প্রতিদ্বন্দ্বীতা
cfilwif	ছিলোই
kamal	কামাল
milimitfar	মিলিমিটার
knorke	কনরকে
konoroke	কনরকে
konorke	কনরকে
knoroke	কনরকে
istri	ইস্ত্রি
kwlwtftfw	কোলোট্টো
carrcil	চার্চিল
herwifn	হেরোইন
medfusa	মেডুসা
porisfder	পরিষদের
porisfoder	পরিষদের
itfer	ইটের
onuposthitite	অনুপস্থিতিতে
oktfwpas	অক্টোপাস
stfetfs	স্টেটস
stfetfos	স্টেটস
aelokwhol	অ্যালকোহল
bidesh	বিদেশ
zwgazwge	যোগাযোগে
rg	রগ
rog	রগ
duoosbpner	দুঃস্বপ্নের
duoosbopner	দুঃস্বপ্নের
anubis	আনুবিস
selokir	সেলকির
kaker	কাকের
uttornf	উত্তরণ
uttoronf	উত্তরণ
szatfelaitfer	স্যাটেলাইটের
lkfi	লক্ষি
lokfi	লক্ষি
gwmejke	গোমেজকে
gwmejoke	গোমেজকে
drutgtite	দ্রুতগতিতে
drutogtite	দ্রুতগতিতে
drutgotite	দ্রুতগতিতে
jobordst	জবরদস্ত
joborodst	জবরদস্ত
jobordost	জবরদস্ত
elokwhol	এলকোহল
tfuisel	টুইসেল
sidfi	সিডি
barrtar	বার্তার
puurrbodike	পূর্বদিকে
niccfil	নিচ্ছিল
tfzaksir	ট্যাক্সির
alwtfa	আলোটা
mzaksima	ম্যাক্সিমা
korcfila	করছিলা
korocfila	করছিলা
vzalu	ভ্যালু
prakotfis	প্রাকটিস
dekhalw	দেখালো
bajna	বাজনা
bajona	বাজনা
gonfiter	গণিতের
muktipnfer	মুক্তিপণের
muktiponfer	মুক্তিপণের
kwsfer	কোষের
tfuk	টুক
epik	এপিক
nacob	নাচব
wporoi	ওপরই
htftfgwl	হট্টগোল
hotftfgwl	হট্টগোল
htftfogwl	হট্টগোল
peintfar	পেইন্টার
nzavigeshon	ন্যাভিগেশন
julu	জুলু
besik	বেসিক
amdani	আমদানি
amodani	আমদানি
isilodfur	ইসিলডুর
omortb	অমরত্ব
omorotb	অমরত্ব
khujob	খুজব
karrtfen	কার্টেন
kwlokata	কোলকাতা
brzandfer	ব্র্যান্ডের
qtu	ঋতু
nkshar	নকশার
nokshar	নকশার
nkoshar	নকশার
jujui	জুজুই
pcfndoi	পছন্দই
pocfndoi	পছন্দই
pcfondoi	পছন্দই
cennaite	চেন্নাইতে
karrvar	কার্ভার
bixgw	বিংগো
jamin	জামিন
umme	উম্মে
ripitf	রিপিট
vasfzmte	ভাষ্যমতে
vasfzomte	ভাষ্যমতে
vasfzmote	ভাষ্যমতে
basona	বাসনা
tulecfen	তুলেছেন
knke	কনকে
konoke	কনকে
konke	কনকে
knoke	কনকে
pnfdf	পণ্ড
ponfdf	পণ্ড
patffaccfen	পাঠাচ্ছেন
piksi	পিক্সি
dfish	ডিশ
janalatfa	জানালাটা
bekari	বেকারি
rakhba	রাখবা
rakhoba	রাখবা
nex	নেং
puler	পুলের
peshii	পেশী
apona	আপনা
jnmecfile	জন্মেছিলে
jonmecfile	জন্মেছিলে
moidhze	মইধ্যে
zthasomvb	যথাসম্ভব
zothasomvb	যথাসম্ভব
zthasomvob	যথাসম্ভব
suder	সুদের
ztsob	যতসব
zotosob	যতসব
zotsob	যতসব
ztosob	যতসব
caccu	চাচ্চু
unare	উনারে
suictfa	সুইচটা
suicotfa	সুইচটা
wpos	ওপস
diirrgfjiibi	দীর্ঘজীবি
diirrgfojiibi	দীর্ঘজীবি
vnfdf	ভণ্ড
vonfdf	ভণ্ড
jutfi	জুটি
kinecfil	কিনেছিল
praczer	প্রাচ্যের
mornfer	মরণের
moronfer	মরণের
tfuci	টুচি
sareke	সারেকে
cakutfa	চাকুটা
etimkhana	এতিমখানা
etimokhana	এতিমখানা
pfwrrse	ফোর্সে
nivi	নিভি
vagen	ভাগেন
mtwn	মতোন
motwn	মতোন
gurutbpurrnf	গুরুত্বপুর্ণ
gurutbopurrnf	গুরুত্বপুর্ণ
shishusulov	শিশুসুলভ
liki	লিকি
mshal	মশাল
moshal	মশাল
shuvr	শুভ্র
hatl	হাতল
hatol	হাতল
bzbsthai	ব্যবস্থাই
bzobsthai	ব্যবস্থাই
bzbosthai	ব্যবস্থাই
torunfii	তরুণী
jtfilta	জটিলতা
jotfilta	জটিলতা
jtfilota	জটিলতা
khucora	খুচরা
wusfudh	ঔষুধ
bujfaccfe	বুঝাচ্ছে
prrbtomala	পর্বতমালা
porrbtomala	পর্বতমালা
prrbotomala	পর্বতমালা
elarrji	এলার্জি
pagolder	পাগলদের
pagoloder	পাগলদের
shunotew	শুনতেও
jagaw	জাগাও
hisebew	হিসেবেও
zubar	যুবার
onurag	অনুরাগ
isola	ইসলা
blzakoke	ব্ল্যাককে
aponaderoi	আপনাদেরই
dicfilam	দিছিলাম
seikhane	সেইখানে
pdwnnti	পদোন্নতি
podwnnti	পদোন্নতি
pdwnnoti	পদোন্নতি
karrler	কার্লের
aper	আপের
tfor	টর
opfurnt	অফুরন্ত
opfuront	অফুরন্ত
singgapur	সিঙ্গাপুর
hsokins	হসকিন্স
hosokins	হসকিন্স
petftfigruu	পেট্টিগ্রূ
kishwrii	কিশোরী
indfwminas	ইন্ডোমিনাস
karrz	কার্য
hkoli	হকলি
hokoli	হকলি
grrbobwdh	গর্ববোধ
gorrbobwdh	গর্ববোধ
rb	রব
rob	রব
nevi	নেভি
uttal	উত্তাল
rastagfatf	রাস্তাঘাট
shoriipf	শরীফ
laibreri	লাইব্রেরি
kfepnfastr	ক্ষেপণাস্ত্র
kfeponfastr	ক্ষেপণাস্ত্র
dasotb	দাসত্ব
lupe	লুপে
ztkfonfe	যতক্ষণে
zotkfonfe	যতক্ষণে
ztokfonfe	যতক্ষণে
trrker	তর্কের
torrker	তর্কের
oksijener	অক্সিজেনের
khelcfil	খেলছিল
khelocfil	খেলছিল
bretf	ব্রেট
cfutfcfe	ছুটছে
cfutfocfe	ছুটছে
thrastf	থ্রাস্ট
sommanobwdh	সম্মানবোধ
kher	খের
shenjohou	শেঞ্জহউ
kape	কাপে
gwlomele	গোলমেলে
sistfemoi	সিস্টেমই
dfaipar	ডাইপার
babuke	বাবুকে
sbakforit	স্বাক্ষরিত
capote	চাপতে
obkash	অবকাশ
obokash	অবকাশ
mimi	মিমি
uddeshzer	উদ্দেশ্যের
girrjar	গির্জার
jaganw	জাগানো
tffeke	ঠেকে
ebigel	এবিগেল
krrper	কর্পের
korrper	কর্পের
rkfibahinii	রক্ষিবাহিনী
rokfibahinii	রক্ষিবাহিনী
tfeknikzali	টেকনিক্যালি
tfekonikzali	টেকনিক্যালি
otqpt	অতৃপ্ত
nl	নল
nol	নল
jfinuk	ঝিনুক
tfdf	টড
tfodf	টড
kiijnz	কীজন্য
kiijonz	কীজন্য
mumbaite	মুম্বাইতে
prtiw	প্রতিও
protiw	প্রতিও
tfri	ট্রি
bicitr	বিচিত্র
tfreinix	ট্রেইনিং
sahebar	সাহেবার
calaccf	চালাচ্ছ
lokdfaun	লকডাউন
lokodfaun	লকডাউন
sendf	সেন্ড
kunjapan	কুঞ্জাপান
swnake	সোনাকে
thamab	থামাব
jinjar	জিঞ্জার
onekduur	অনেকদূর
onekoduur	অনেকদূর
udvabn	উদ্ভাবন
udvabon	উদ্ভাবন
sbavabiker	স্বাভাবিকের
rsobwdh	রসবোধ
rosobwdh	রসবোধ
lenodener	লেনদেনের
mucfte	মুছতে
mucfote	মুছতে
beshzader	বেশ্যাদের
bzac	ব্যাচ
gfwlatfe	ঘোলাটে
uttiirrnf	উত্তীর্ণ
shishir	শিশির
swnara	সোনারা
ekaner	একানের
butfstfrzap	বুটস্ট্র্যাপ
butfostfrzap	বুটস্ট্র্যাপ
henorike	হেনরিকে
harlw	হারলো
harolw	হারলো
elarrtf	এলার্ট
prsesor	প্রসেসর
prosesor	প্রসেসর
gwran	গোরান
zdfi	যডি
zodfi	যডি
pfzantfastfik	ফ্যান্টাস্টিক
pfilc	ফিলচ
pfiloc	ফিলচ
vallagse	ভাল্লাগসে
vallagose	ভাল্লাগসে
karnfow	কারণও
karonfow	কারণও
polijus	পলিজুস
shwilpik	শৈল্পিক
kiccfui	কিচ্ছুই
dfke	ডকে
dfoke	ডকে
rukoudf	রুকউড
krzab	ক্র্যাব
bzapkvabe	ব্যাপকভাবে
bzapokvabe	ব্যাপকভাবে
bzapkovabe	ব্যাপকভাবে
haramjadar	হারামজাদার
haramojadar	হারামজাদার
talaboddh	তালাবদ্ধ
mastan	মাস্তান
aipfel	আইফেল
lzanistfarer	ল্যানিস্টারের
butfer	বুটের
rbin	রবিন
robin	রবিন
pwl	পোল
jwrah	জোরাহ
dfeneris	ডেনেরিস
hedfouig	হেডউইগ
tfraiuijarrdf	ট্রাইউইজার্ড
gwlozwg	গোলযোগ
drwgw	দ্রোগো
lagolew	লাগলেও
cadorer	চাদরের
meihemer	মেইহেমের
suidfish	সুইডিশ
dfimgulw	ডিমগুলো
dfimogulw	ডিমগুলো
seguli	সেগুলি
bsabe	বসাবে
bosabe	বসাবে
azflobas	আ্যলবাস
azfolobas	আ্যলবাস
stfzanis	স্ট্যানিস
prtishrutishiil	প্রতিশ্রুতিশীল
protishrutishiil	প্রতিশ্রুতিশীল
maoo	মাঃ
ckfu	চক্ষু
cokfu	চক্ষু
pagolamir	পাগলামির
wderoi	ওদেরই
thmaser	থমাসের
thomaser	থমাসের
sopn	সপ্ন
dorkartfa	দরকারটা
dorokartfa	দরকারটা
dorkarotfa	দরকারটা
vangge	ভাঙ্গে
klintf	ক্লিন্ট
pegi	পেগি
korcfs	করছস
korocfs	করছস
korcfos	করছস
mwnix	মোনিং
pfeisobuk	ফেইসবুক
alomarite	আলমারিতে
akfep	আক্ষেপ
leviwsa	লেভিওসা
rajer	রাজের
mstisker	মস্তিস্কের
mostisker	মস্তিস্কের
mzarir	ম্যারির
iirrsfanbit	ঈর্ষান্বিত
milic	মিলিচ
hozort	হযরত
hozorot	হযরত
butfs	বুটস
butfos	বুটস
eidik	এইদিক
pfwrs	ফোরস
pfwros	ফোরস
clccitr	চলচ্চিত্র
colccitr	চলচ্চিত্র
cloccitr	চলচ্চিত্র
g	গ
dfijainer	ডিজাইনের
zdduur	যদ্দূর
zodduur	যদ্দূর
prshntfi	প্রশ্নটি
proshntfi	প্রশ্নটি
prshnotfi	প্রশ্নটি
sunami	সুনামি
ponirer	পনিরের
khude	খুদে
sutf	সুট
puurnfer	পূরণের
puuronfer	পূরণের
dqsftfivnggir	দৃষ্টিভঙ্গির
dqsftfivonggir	দৃষ্টিভঙ্গির
lwdfix	লোডিং
vabni	ভাবনি
vaboni	ভাবনি
sobodike	সবদিকে
ainke	আইনকে
ainoke	আইনকে
karer	কারের
ainot	আইনত
dhorlw	ধরলো
dhorolw	ধরলো
taki	তাকি
haraini	হারাইনি
kinar	কিনার
skram	স্ক্রাম
srrbatmk	সর্বাত্মক
sorrbatmk	সর্বাত্মক
srrbatmok	সর্বাত্মক
dfebi	ডেবি
saije	সাইজে
ltipf	লতিফ
lotipf	লতিফ
nkshatfa	নকশাটা
nokshatfa	নকশাটা
nkoshatfa	নকশাটা
zaina	যাইনা
bolaw	বলাও
htona	হতনা
hotona	হতনা
khaliisi	খালীসি
bstuke	বস্তুকে
bostuke	বস্তুকে
ucctar	উচ্চতার
uccotar	উচ্চতার
dfum	ডুম
pisftf	পিষ্ট
gwmsta	গোমস্তা
gwmosta	গোমস্তা
pfusopfuse	ফুসফুসে
turrkii	তুর্কী
sxgfrrsfer	সংঘর্ষের
soxgfrrsfer	সংঘর্ষের
sxgforrsfer	সংঘর্ষের
sabojektfer	সাবজেক্টের
harrtfobitf	হার্টবিট
caccfena	চাচ্ছেনা
totwkfonf	ততোক্ষণ
jpfri	জফ্রি
jopfri	জফ্রি
martfir	মারটির
marotfir	মারটির
lala	লালা
gfumute	ঘুমুতে
diirrgfjibii	দীর্ঘজিবী
diirrgfojibii	দীর্ঘজিবী
koltfar	কল্টার
martei	মারতেই
marotei	মারতেই
subicar	সুবিচার
asqq	আস্
asoqq	আস্
sibila	সিবিলা
snggfer	সঙ্ঘের
songgfer	সঙ্ঘের
shatfiln	শাটিলন
shatfilon	শাটিলন
prvabshalii	প্রভাবশালী
provabshalii	প্রভাবশালী
prvaboshalii	প্রভাবশালী
aemigw	অ্যামিগো
sobguli	সবগুলি
soboguli	সবগুলি
men	মেন
marrlar	মার্লার
obmanona	অবমাননা
obomanona	অবমাননা
porishrant	পরিশ্রান্ত
januke	জানুকে
diirrgfjiibii	দীর্ঘজীবী
diirrgfojiibii	দীর্ঘজীবী
apekfik	আপেক্ষিক
kusti	কুস্তি
pdobi	পদবি
podobi	পদবি
grapfitfi	গ্রাফিটি
cembarrs	চেম্বার্স
gwlami	গোলামি
calabi	চালাবি
utffwne	উঠোনে
cfute	ছুতে
tamak	তামাক
nikw	নিকো
masti	মাস্তি
lidfavig	লিডাভিগ
maidfas	মাইডাস
khristfan	খ্রিস্টান
osusthtar	অসুস্থতার
osusthotar	অসুস্থতার
hatgulw	হাতগুলো
hatogulw	হাতগুলো
jenecf	জেনেছ
dfanodik	ডানদিক
drrshkomondflii	দর্শকমন্ডলী
dorrshkomondflii	দর্শকমন্ডলী
drrshokomondflii	দর্শকমন্ডলী
drrshkomondfolii	দর্শকমন্ডলী
setfatw	সেটাতো
iureka	ইউরেকা
pnf	পণ
ponf	পণ
prnfiit	প্রণীত
pronfiit	প্রণীত
udbegohiin	উদ্বেগহীন
gfqnfit	ঘৃণিত
gfi	ঘি
koil	কইল
nitomb	নিতম্ব
camca	চামচা
camoca	চামচা
samrrthzer	সামর্থ্যের
samorrthzer	সামর্থ্যের
elison	এলিসন
merna	মেরনা
merona	মেরনা
shuvobikal	শুভবিকাল
shuwrerbacca	শুওরেরবাচ্চা
shuwrerobacca	শুওরেরবাচ্চা
khulecf	খুলেছ
atfa	আটা
dltzagiider	দলত্যাগীদের
doltzagiider	দলত্যাগীদের
dlotzagiider	দলত্যাগীদের
arboder	আরবদের
aroboder	আরবদের
nairwbi	নাইরোবি
sprix	স্প্রিং
metfrwpolis	মেট্রোপলিস
oldfric	অল্ড্রিচ
valwbasobw	ভালোবাসবো
tfiicar	টীচার
nimnlikhit	নিম্নলিখিত
nimnolikhit	নিম্নলিখিত
amor	আমর
jiwn	জিওন
shunoni	শুননি
greptarer	গ্রেপ্তারের
bidrwher	বিদ্রোহের
biice	বীচে
dqshzer	দৃশ্যের
sadhit	সাধিত
potfetfw	পটেটো
mapfik	মাফিক
mstisk	মস্তিস্ক
mostisk	মস্তিস্ক
mzarn	ম্যারন
mzaron	ম্যারন
jagte	জাগতে
jagote	জাগতে
mzashin	ম্যাশিন
somrajz	সম্রাজ্য
tothztfa	তথ্যটা
tothzotfa	তথ্যটা
rameshbor	রামেশ্বর
jarrni	জার্নি
hahakar	হাহাকার
shtabdiite	শতাব্দীতে
shotabdiite	শতাব্দীতে
wjfar	ওঝার
tfaxgabali	টাংগাবালি
bibeker	বিবেকের
jfulte	ঝুলতে
jfulote	ঝুলতে
lne	লনে
lone	লনে
spiikar	স্পীকার
sftfetf	ষ্টেট
maratffi	মারাঠি
kotkfonfer	কতক্ষণের
kotokfonfer	কতক্ষণের
beijmentfe	বেইজমেন্টে
beijomentfe	বেইজমেন্টে
bwnotfi	বোনটি
jnosadharnfer	জনসাধারণের
jonosadharnfer	জনসাধারণের
jnosadharonfer	জনসাধারণের
anugtzer	আনুগত্যের
anugotzer	আনুগত্যের
rajputrer	রাজপুত্রের
rajoputrer	রাজপুত্রের
lkfzbstu	লক্ষ্যবস্তু
lokfzbstu	লক্ষ্যবস্তু
lkfzobstu	লক্ষ্যবস্তু
lkfzbostu	লক্ষ্যবস্তু
prshikfk	প্রশিক্ষক
proshikfk	প্রশিক্ষক
prshikfok	প্রশিক্ষক
pdobrje	পদব্রজে
podobrje	পদব্রজে
pdobroje	পদব্রজে
maxse	মাংসে
patffale	পাঠালে
nebula	নেবুলা
dehorkfii	দেহরক্ষী
dehorokfii	দেহরক্ষী
dekhcfil	দেখছিল
dekhocfil	দেখছিল
eraw	এরাও
cwtfe	চোটে
bisftfa	বিষ্টা
ztdur	যতদুর
zotodur	যতদুর
zotdur	যতদুর
ztodur	যতদুর
netara	নেতারা
parkix	পারকিং
parokix	পারকিং
jwmbi	জোম্বি
pfrrmulatfa	ফর্মুলাটা
pforrmulatfa	ফর্মুলাটা
shbshru	শ্বশ্রু
shboshru	শ্বশ্রু
bujfaccfen	বুঝাচ্ছেন
lotfe	লটে
krrmkanfdf	কর্মকাণ্ড
korrmkanfdf	কর্মকাণ্ড
krrmokanfdf	কর্মকাণ্ড
takaccf	তাকাচ্ছ
atmahuti	আত্মাহুতি
limw	লিমো
krmagt	ক্রমাগত
kromagt	ক্রমাগত
krmagot	ক্রমাগত
thitu	থিতু
koral	করাল
setfatei	সেটাতেই
kkfer	কক্ষের
kokfer	কক্ষের
britfene	ব্রিটেনে
pdagfat	পদাঘাত
podagfat	পদাঘাত
ripon	রিপন
bndhusulov	বন্ধুসুলভ
bondhusulov	বন্ধুসুলভ
dhakkar	ধাক্কার
rsid	রসিদ
rosid	রসিদ
ezflis	এ্যলিস
ezfolis	এ্যলিস
khetei	খেতেই
uthle	উথলে
uthole	উথলে
gurtbpuurrnf	গুরত্বপূর্ণ
gurotbpuurrnf	গুরত্বপূর্ণ
gurtbopuurrnf	গুরত্বপূর্ণ
shasoner	শাসনের
cimtfi	চিমটি
cimotfi	চিমটি
komandfix	কমান্ডিং
tfara	টারা
ritfarrn	রিটার্ন
bzaktike	ব্যাক্তিকে
kzatherin	ক্যাথেরিন
gulu	গুলু
odhisftffit	অধিষ্ঠিত
shamuk	শামুক
pakhike	পাখিকে
bkcf	বকছ
bokcf	বকছ
bkocf	বকছ
kisti	কিস্তি
prrzbekfonfer	পর্যবেক্ষণের
porrzbekfonfer	পর্যবেক্ষণের
prrzobekfonfer	পর্যবেক্ষণের
purwpuriif	পুরোপুরিই
onztr	অন্যত্র
onzotr	অন্যত্র
durrbipak	দুর্বিপাক
tfupitfa	টুপিটা
hascfi	হাসছি
hasocfi	হাসছি
melamesha	মেলামেশা
otisftff	অতিষ্ঠ
bzacelor	ব্যাচেলর
cfeleoo	ছেলেঃ
sitfotfa	সিটটা
nojordarii	নজরদারী
nojorodarii	নজরদারী
porimap	পরিমাপ
onahuut	অনাহূত
dfrixkos	ড্রিংকস
bsobaser	বসবাসের
bosobaser	বসবাসের
riij	রীজ
ixrejora	ইংরেজরা
biirtb	বীরত্ব
biirotb	বীরত্ব
onuragii	অনুরাগী
thakei	থাকেই
stfailotfa	স্টাইলটা
amadiger	আমাদিগের
karrrlaoo	কার্রলাঃ
karrrolaoo	কার্রলাঃ
tajmhol	তাজমহল
tajomohol	তাজমহল
tajomhol	তাজমহল
tajmohol	তাজমহল
prsikiushon	প্রসিকিউশন
prosikiushon	প্রসিকিউশন
belake	বেলাকে
kesotfar	কেসটার
poripatfi	পরিপাটি
ongkn	অঙ্কন
ongkon	অঙ্কন
jenw	জেনো
shin	শিন
shunaccfe	শুনাচ্ছে
lapfalapfi	লাফালাফি
pflwridfa	ফ্লোরিডা
b	ব
mishr	মিশ্র
henli	হেনলি
henoli	হেনলি
obiclit	অবিচলিত
obicolit	অবিচলিত
jnmecfw	জন্মেছো
jonmecfw	জন্মেছো
jiibnvor	জীবনভর
jiibonovor	জীবনভর
jiibonvor	জীবনভর
jiibnovor	জীবনভর
mtului	মতুলুই
motului	মতুলুই
legwlas	লেগোলাস
gunfdfara	গুণ্ডারা
manw	মানো
jblobe	জ্বলবে
jbolobe	জ্বলবে
szaksnoder	স্যাক্সনদের
szaksonoder	স্যাক্সনদের
acfetfa	আছেটা
mgn	মগ্ন
mogn	মগ্ন
porsporke	পরস্পরকে
porosporke	পরস্পরকে
porsporoke	পরস্পরকে
barrnske	বার্ন্সকে
barrnsoke	বার্ন্সকে
hobitfder	হবিটদের
hobitfoder	হবিটদের
thika	থিকা
bololamoi	বললামই
adob	আদব
porkh	পরখ
porokh	পরখ
bilobwr	বিলবোর
kesh	কেশ
amartfar	আমারটার
amarotfar	আমারটার
onbesfonf	অন্বেষণ
dfiurin	ডিউরিন
katfab	কাটাব
sxzwjn	সংযোজন
soxzwjn	সংযোজন
sxzwjon	সংযোজন
bwishalii	বৈশালী
sommukher	সম্মুখের
koribe	করিবে
bhiragt	বহিরাগত
bohiragot	বহিরাগত
bohiragt	বহিরাগত
bhiragot	বহিরাগত
klesh	ক্লেশ
pipasarrt	পিপাসার্ত
stuup	স্তূপ
cale	চালে
dfing	ডিঙ
wshen	ওশেন
dffukabe	ঢুকাবে
barrli	বার্লি
upohartfa	উপহারটা
upoharotfa	উপহারটা
zb	যব
zob	যব
dhuur	ধূর
valobesecfi	ভালবেসেছি
uoo	উঃ
pranfonash	প্রাণনাশ
kzasendfra	ক্যাসেন্ড্রা
kfeter	ক্ষেতের
lwmsh	লোমশ
lwmosh	লোমশ
ekantoi	একান্তই
griisfme	গ্রীষ্মে
gomviirvabe	গম্ভীরভাবে
gomviirovabe	গম্ভীরভাবে
bqhttor	বৃহত্তর
bqhottor	বৃহত্তর
puurnfe	পূরণে
puuronfe	পূরণে
sahsik	সাহসিক
sahosik	সাহসিক
pfistf	ফিস্ট
suporicit	সুপরিচিত
rkfarrthe	রক্ষার্থে
rokfarrthe	রক্ষার্থে
duurbiin	দূরবীন
duurobiin	দূরবীন
ajkalokar	আজকালকার
ajokalokar	আজকালকার
mzasi	ম্যাসি
gondhow	গন্ধও
mdzpan	মদ্যপান
modzpan	মদ্যপান
mdzopan	মদ্যপান
rabarer	রাবারের
wisokol	ঐসকল
uccsbore	উচ্চস্বরে
uccosbore	উচ্চস্বরে
slipar	স্লিপার
kau	কাউ
swpfar	সোফার
angkeloke	আঙ্কেলকে
upos	উপস
histfwri	হিস্টোরি
lodf	লড
sondehvajnke	সন্দেহভাজনকে
sondehovajnke	সন্দেহভাজনকে
sondehvajonke	সন্দেহভাজনকে
sondehvajnoke	সন্দেহভাজনকে
okforgulw	অক্ষরগুলো
okforogulw	অক্ষরগুলো
gtorater	গতরাতের
gotorater	গতরাতের
pzanik	প্যানিক
dfwjar	ডোজার
nagale	নাগালে
jntur	জন্তুর
jontur	জন্তুর
sommwhit	সম্মোহিত
ondhkaraccfnn	অন্ধকারাচ্ছন্ন
ondhokaraccfnn	অন্ধকারাচ্ছন্ন
ondhkaraccfonn	অন্ধকারাচ্ছন্ন
vramzmanf	ভ্রাম্যমাণ
vramzomanf	ভ্রাম্যমাণ
julum	জুলুম
vktder	ভক্তদের
voktder	ভক্তদের
vktoder	ভক্তদের
jerii	জেরী
bujfabe	বুঝাবে
tfelivishone	টেলিভিশনে
dillir	দিল্লির
bolobiir	বলবীর
ggapon	জ্ঞাপন
meherbanii	মেহেরবানী
meherobanii	মেহেরবানী
omanusf	অমানুষ
mrrtfem	মর্টেম
morrtfem	মর্টেম
gfurepfire	ঘুরেফিরে
obtornfer	অবতরণের
obotornfer	অবতরণের
obtoronfer	অবতরণের
bilir	বিলির
ore	অরে
jenir	জেনির
knsotfrakshoner	কন্সট্রাকশনের
konsotfrakshoner	কন্সট্রাকশনের
knsotfrakoshoner	কন্সট্রাকশনের
asolotfa	আসলটা
gaddari	গাদ্দারি
osbiikqti	অস্বীকৃতি
kastfmarra	কাস্টমাররা
kastfomarra	কাস্টমাররা
kastfmarora	কাস্টমাররা
twmor	তোমর
kdrrz	কদর্য
kodrrz	কদর্য
kdorrz	কদর্য
pfrangklin	ফ্রাঙ্কলিন
pfrangkolin	ফ্রাঙ্কলিন
tfzalentf	ট্যালেন্ট
jena	জেনা
manoson	মানসন
tfrapfiker	ট্রাফিকের
pwlzandfer	পোল্যান্ডের
berwbw	বেরোবো
malum	মালুম
esoemoes	এসএমএস
babajii	বাবাজী
somratfer	সম্রাটের
diccfna	দিচ্ছনা
diccfona	দিচ্ছনা
tfarrnarke	টার্নারকে
tfarrnaroke	টার্নারকে
vatijar	ভাতিজার
kairn	কাইরন
kairon	কাইরন
gonfhtzar	গণহত্যার
gonfohtzar	গণহত্যার
gonfhotzar	গণহত্যার
vaingga	ভাইঙ্গা
jiibneroi	জীবনেরই
jiiboneroi	জীবনেরই
sadhon	সাধন
tfartfaraser	টারটারাসের
tfarotfaraser	টারটারাসের
gudame	গুদামে
kelovin	কেলভিন
bwidhvabe	বৈধভাবে
bwidhovabe	বৈধভাবে
khukii	খুকী
dfanodiker	ডানদিকের
amole	আমলে
komdamii	কমদামী
komodamii	কমদামী
gugol	গুগল
aje	আজে
pfirl	ফিরল
pfirol	ফিরল
dfrims	ড্রিমস
dfrimos	ড্রিমস
hapfej	হাফেজ
dagaw	দাগাও
aeafnabeth	অ্যাানাবেথ
etdur	এতদুর
etodur	এতদুর
vedaved	ভেদাভেদ
majfkhan	মাঝখান
majfokhan	মাঝখান
rwpon	রোপন
ekotfivetf	একটিভেট
niskrrma	নিস্কর্মা
niskorrma	নিস্কর্মা
dfgolas	ডগলাস
dfogolas	ডগলাস
bahon	বাহন
edfmondfser	এডমন্ডসের
edfomondfser	এডমন্ডসের
edfmondfoser	এডমন্ডসের
cfaunir	ছাউনির
pfens	ফেন্স
azfsgarrdfer	আ্যসগার্ডের
azfosgarrdfer	আ্যসগার্ডের
azfsogarrdfer	আ্যসগার্ডের
valobesecfilam	ভালবেসেছিলাম
shekhabw	শেখাবো
dfarrsi	ডার্সি
kulanggar	কুলাঙ্গার
onfu	অণু
mhol	মহল
mohol	মহল
krwdher	ক্রোধের
cmkaccfe	চমকাচ্ছে
comkaccfe	চমকাচ্ছে
cmokaccfe	চমকাচ্ছে
azfsgarrdf	আ্যসগার্ড
azfosgarrdf	আ্যসগার্ড
azfsogarrdf	আ্যসগার্ড
dekhas	দেখাস
rwbtfotfa	রোবটটা
rwbotfotfa	রোবটটা
biinfa	বীণা
kzalokuleshon	ক্যালকুলেশন
nanumonir	নানুমনির
puratfa	পুরাটা
cfwtfwkhatfw	ছোটোখাটো
parrlamentf	পার্লামেন্ট
bishesfggder	বিশেষজ্ঞদের
bishesfoggder	বিশেষজ্ঞদের
bishesfggoder	বিশেষজ্ঞদের
shunocfilam	শুনছিলাম
sonaton	সনাতন
clob	চলব
colob	চলব
palaccfi	পালাচ্ছি
gfwsfit	ঘোষিত
gvrrnfor	গভর্ণর
govrrnfor	গভর্ণর
gvorrnfor	গভর্ণর
ultfwpaltfa	উল্টোপাল্টা
hwraser	হোরাসের
anini	আনিনি
emonow	এমনও
shreniir	শ্রেনীর
benetf	বেনেট
rumometf	রুমমেট
andalib	আন্দালিব
zwug	যৌগ
oniik	অনীক
malika	মালিকা
sontanera	সন্তানেরা
jnathwn	জনাথোন
jonathwn	জনাথোন
cail	চাইল
gaga	গাগা
tfre	ট্রে
blaitf	ব্লাইট
shunlen	শুনলেন
shunolen	শুনলেন
abcfa	আবছা
abocfa	আবছা
gaibe	গাইবে
sinemate	সিনেমাতে
ejensir	এজেন্সির
pactfa	পাচটা
pacotfa	পাচটা
szutfkese	স্যুটকেসে
szutfokese	স্যুটকেসে
dinogulwr	দিনগুলোর
riwrdfzan	রিওরড্যান
riwrodfzan	রিওরড্যান
beshikfon	বেশিক্ষন
manusfgulwke	মানুষগুলোকে
manusfogulwke	মানুষগুলোকে
jfwper	ঝোপের
plenei	প্লেনেই
pqthibiitfake	পৃথিবীটাকে
muktatfa	মুক্তাটা
orrgolotfi	অর্গলটি
ovinn	অভিন্ন
wn	ওন
gecfili	গেছিলি
atfjn	আটজন
atfojn	আটজন
atfjon	আটজন
kauntfare	কাউন্টারে
khse	খসে
khose	খসে
atflantfar	আটলান্টার
atfolantfar	আটলান্টার
hamada	হামাদা
uddiipt	উদ্দীপ্ত
cenajana	চেনাজানা
orrjne	অর্জনে
orrjone	অর্জনে
dfisokauntf	ডিসকাউন্ট
jutwgulw	জুতোগুলো
sbrrnfkeshii	স্বর্ণকেশী
sborrnfkeshii	স্বর্ণকেশী
sbrrnfokeshii	স্বর্ণকেশী
kfter	ক্ষতের
kfoter	ক্ষতের
tfzaxke	ট্যাংকে
smark	স্মারক
smarok	স্মারক
varprapt	ভারপ্রাপ্ত
varoprapt	ভারপ্রাপ্ত
ognimuurrti	অগ্নিমূর্তি
pflip	ফ্লিপ
vulini	ভুলিনি
sohozwgiira	সহযোগীরা
varrga	ভার্গা
allu	আল্লু
sommilit	সম্মিলিত
bndukdharii	বন্দুকধারী
bondukdharii	বন্দুকধারী
bndukodharii	বন্দুকধারী
hixsutfe	হিংসুটে
baipas	বাইপাস
janei	জানেই
petftfigru	পেট্টিগ্রু
nikotftom	নিকটতম
nikotfotom	নিকটতম
dlogt	দলগত
dologot	দলগত
dologt	দলগত
dlogot	দলগত
gwngani	গোঙানি
niramisfvwjii	নিরামিষভোজী
niramisfovwjii	নিরামিষভোজী
tficarke	টিচারকে
tficaroke	টিচারকে
hccfilam	হচ্ছিলাম
hoccfilam	হচ্ছিলাম
dfzansar	ড্যান্সার
bzaloknite	ব্যালকনিতে
bzalokonite	ব্যালকনিতে
purusfera	পুরুষেরা
biplbii	বিপ্লবী
biplobii	বিপ্লবী
kiuba	কিউবা
lzuk	ল্যুক
gonfhtza	গণহত্যা
gonfohtza	গণহত্যা
gonfhotza	গণহত্যা
prinser	প্রিন্সের
hasotw	হাসতো
dffakna	ঢাকনা
dffakona	ঢাকনা
beruccfi	বেরুচ্ছি
dhse	ধসে
dhose	ধসে
mzasejtfa	ম্যাসেজটা
mzasejotfa	ম্যাসেজটা
vallagolw	ভাল্লাগলো
stfikotfa	স্টিকটা
orrkidf	অর্কিড
dfac	ডাচ
tfeksas	টেক্সাস
binkwvski	বিনকোভস্কি
binokwvski	বিনকোভস্কি
binkwvoski	বিনকোভস্কি
odh	অধ
brrjn	বর্জন
borrjn	বর্জন
brrjon	বর্জন
beshorm	বেশরম
beshorom	বেশরম
nirbta	নিরবতা
nirobota	নিরবতা
nirobta	নিরবতা
nirbota	নিরবতা
kapotfa	কাপটা
elci	এলচি
eloci	এলচি
gfurcfi	ঘুরছি
gfurocfi	ঘুরছি
mehomanoder	মেহমানদের
seliner	সেলিনের
uponiit	উপনীত
dekhla	দেখলা
dekhola	দেখলা
platfun	প্লাটুন
acfs	আছস
acfos	আছস
rwder	রোদের
rajzke	রাজ্যকে
rajzoke	রাজ্যকে
dhwirrzshiil	ধৈর্যশীল
dhwirrzoshiil	ধৈর্যশীল
lzaboretforite	ল্যাবরেটরিতে
ibir	ইবির
ezfaluminatfira	এ্যালুমিনাটিরা
siimaboddhta	সীমাবদ্ধতা
siimaboddhota	সীমাবদ্ধতা
pcfndmt	পছন্দমত
pocfndmt	পছন্দমত
pcfondmt	পছন্দমত
pcfndomt	পছন্দমত
pfargas	ফারগাস
pfarogas	ফারগাস
bnfik	বণিক
bonfik	বণিক
tferwristf	টেরোরিস্ট
tfrzake	ট্র্যাকে
skulotfa	স্কুলটা
dfakatder	ডাকাতদের
dfakatoder	ডাকাতদের
anander	আনান্দের
rumgulw	রুমগুলো
rumogulw	রুমগুলো
thamale	থামালে
hapfij	হাফিজ
ramcndrn	রামচন্দ্রন
ramocndrn	রামচন্দ্রন
ramcondrn	রামচন্দ্রন
ramcndron	রামচন্দ্রন
bujfei	বুঝেই
molin	মলিন
lobn	লবন
lobon	লবন
porerdin	পরেরদিন
porerodin	পরেরদিন
olimpik	অলিম্পিক
horidas	হরিদাস
shunocfile	শুনছিলে
vebecfili	ভেবেছিলি
andwlner	আন্দোলনের
andwloner	আন্দোলনের
brrg	বর্গ
borrg	বর্গ
bka	বকা
boka	বকা
gobadi	গবাদি
mhalkfmiir	মহালক্ষ্মীর
mohalkfmiir	মহালক্ষ্মীর
mhalokfmiir	মহালক্ষ্মীর
udzmii	উদ্যমী
udzomii	উদ্যমী
alom	আলম
vetfra	ভেট্রা
slzavi	স্ল্যাভি
baite	বাইতে
dekhaini	দেখাইনি
sx	সং
sox	সং
renai	রেনাই
posaidfn	পসাইডন
posaidfon	পসাইডন
dwirrgfz	দৈর্ঘ্য
dfaltfnke	ডাল্টনকে
dfaltfonke	ডাল্টনকে
dfaltfnoke	ডাল্টনকে
pfar	ফার
dfainir	ডাইনির
valwbasai	ভালোবাসাই
irake	ইরাকে
obsthai	অবস্থাই
obosthai	অবস্থাই
cakkora	চাক্করা
parcfil	পারছিল
parocfil	পারছিল
odhipoti	অধিপতি
maler	মালের
honuman	হনুমান
sbasthzkor	স্বাস্থ্যকর
sbasthzokor	স্বাস্থ্যকর
cwrtfa	চোরটা
cwrotfa	চোরটা
ekjnkew	একজনকেও
ekojonokew	একজনকেও
ekojnkew	একজনকেও
ekjonkew	একজনকেও
oporadhobwdh	অপরাধবোধ
cfwtfder	ছোটদের
cfwtfoder	ছোটদের
tagw	তাগো
braunix	ব্রাউনিং
bndhuk	বন্ধুক
bondhuk	বন্ধুক
ikobal	ইকবাল
anoben	আনবেন
burrkina	বুর্কিনা
dfitfeils	ডিটেইলস
dfitfeilos	ডিটেইলস
pfasw	ফাসো
gredfer	গ্রেডের
paxcar	পাংচার
seriwjfa	সেরিওঝা
ullekhit	উল্লেখিত
biluptir	বিলুপ্তির
mdhzorater	মধ্যরাতের
modhzorater	মধ্যরাতের
ganotfi	গানটি
kzamarlenu	ক্যামারলেনু
kzamarolenu	ক্যামারলেনু
tfriper	ট্রিপের
sui	সুই
parlena	পারলেনা
parolena	পারলেনা
hras	হ্রাস
qn	ঋন
bava	বাভা
pdtle	পদতলে
podotole	পদতলে
podtle	পদতলে
pdotle	পদতলে
pfedferal	ফেডেরাল
ruupalii	রূপালী
ril	রিল
guptdhonogulw	গুপ্তধনগুলো
guptodhonogulw	গুপ্তধনগুলো
asobwna	আসবোনা
batigfor	বাতিঘর
emoaisiar	এমআইসিআর
cekgulw	চেকগুলো
cekogulw	চেকগুলো
mwumacfir	মৌমাছির
mwjarrtf	মোজার্ট
shuunze	শূন্যে
peshagt	পেশাগত
peshagot	পেশাগত
istfar	ইস্টার
otisotbor	অতিসত্বর
kicfuekotfa	কিছুএকটা
jix	জিং
inciw	ইঞ্চিও
mqtzudndf	মৃত্যুদন্ড
mqtzudondf	মৃত্যুদন্ড
stfanosils	স্টানসিলস
stfanosilos	স্টানসিলস
enkomer	এনকমের
enokomer	এনকমের
dhonush	ধনুশ
granar	গ্রানার
bidzar	বিদ্যার
koilw	কইলো
tumora	তুমরা
atflantfiker	আটলান্টিকের
atfolantfiker	আটলান্টিকের
bepar	বেপার
kiub	কিউব
ragfb	রাঘব
ragfob	রাঘব
poribhoner	পরিবহনের
poribohoner	পরিবহনের
kwrrse	কোর্সে
hoib	হইব
prmanfadi	প্রমাণাদি
promanfadi	প্রমাণাদি
omoletf	অমলেট
vesfj	ভেষজ
vesfoj	ভেষজ
manimekalai	মানিমেকালাই
anocf	আনছ
ashrme	আশ্রমে
ashrome	আশ্রমে
prw	প্রো
sondehoi	সন্দেহই
korti	করতি
koroti	করতি
kzansel	ক্যান্সেল
twmke	তোমকে
twmoke	তোমকে
udfir	উডির
dushcoritra	দুশ্চরিত্রা
pfwnei	ফোনেই
shamvu	শাম্ভু
etfite	এটিতে
caibi	চাইবি
markajer	মারকাজের
marokajer	মারকাজের
okfore	অক্ষরে
gijgij	গিজগিজ
gijogij	গিজগিজ
vexge	ভেংগে
cullii	চুল্লী
vorbe	ভরবে
vorobe	ভরবে
prksi	প্রক্সি
proksi	প্রক্সি
maikrw	মাইক্রো
batfne	বাটনে
batfone	বাটনে
cfwtflwk	ছোটলোক
cfwtfolwk	ছোটলোক
udfike	উডিকে
bacobe	বাচবে
lik	লিক
cfbitfir	ছবিটির
cfobitfir	ছবিটির
dfedfhedf	ডেডহেড
dfedfohedf	ডেডহেড
oni	অনি
cili	চিলি
guptcorder	গুপ্তচরদের
guptocorder	গুপ্তচরদের
guptcoroder	গুপ্তচরদের
kene	কেনে
gwcfl	গোছল
gwcfol	গোছল
renjer	রেঞ্জের
valomtw	ভালমতো
valomotw	ভালমতো
bibade	বিবাদে
nisftffurvabe	নিষ্ঠুরভাবে
nisftffurovabe	নিষ্ঠুরভাবে
dhwirrzer	ধৈর্যের
egute	এগুতে
uttorsuuri	উত্তরসূরি
uttorosuuri	উত্তরসূরি
bimanobndore	বিমানবন্দরে
bimanobondore	বিমানবন্দরে
merudndf	মেরুদন্ড
merudondf	মেরুদন্ড
stfrx	স্ট্রং
stfrox	স্ট্রং
betfar	বেটার
krrta	কর্তা
korrta	কর্তা
eesopi	এএসপি
gda	গদা
goda	গদা
maine	মাইনে
atflantfa	আটলান্টা
atfolantfa	আটলান্টা
woo	ওঃ
agertfa	আগেরটা
agerotfa	আগেরটা
bztit	ব্যতিত
bzotit	ব্যতিত
militfarite	মিলিটারিতে
kejir	কেজির
kzansare	ক্যান্সারে
suparmzaner	সুপারম্যানের
suparomzaner	সুপারম্যানের
enggejdf	এঙ্গেজড
enggejodf	এঙ্গেজড
bujji	বুজ্জি
pikcar	পিকচার
pikocar	পিকচার
damvikota	দাম্ভিকতা
hzakarder	হ্যাকারদের
hzakaroder	হ্যাকারদের
sulov	সুলভ
barrkoli	বার্কলি
khujtecfi	খুজতেছি
khujotecfi	খুজতেছি
pucke	পুচকে
pucoke	পুচকে
macftfa	মাছটা
macfotfa	মাছটা
debiir	দেবীর
dibasbpn	দিবাস্বপ্ন
dibasbopn	দিবাস্বপ্ন
porihar	পরিহার
rwmanoder	রোমানদের
buddhar	বুদ্ধার
vetorew	ভেতরেও
prtidane	প্রতিদানে
protidane	প্রতিদানে
bredf	ব্রেড
tamar	তামার
lagaccfe	লাগাচ্ছে
totwif	ততোই
pakhitfake	পাখিটাকে
sqti	সৃতি
bilotfa	বিলটা
paccfilw	পাচ্ছিলো
lwkerai	লোকেরাই
poribartfake	পরিবারটাকে
poribarotfake	পরিবারটাকে
gadhatfa	গাধাটা
niitir	নীতির
utffane	উঠানে
zadukorke	যাদুকরকে
zadukoroke	যাদুকরকে
thinix	থিনিং
dhorcfis	ধরছিস
dhorocfis	ধরছিস
khasa	খাসা
amartfaw	আমারটাও
amarotfaw	আমারটাও
agrher	আগ্রহের
agroher	আগ্রহের
poriccfnnta	পরিচ্ছন্নতা
poriccfonnta	পরিচ্ছন্নতা
poriccfnnota	পরিচ্ছন্নতা
bernwr	বেরনোর
beronwr	বেরনোর
rijarrveshon	রিজার্ভেশন
ekprkar	একপ্রকার
ekoprkar	একপ্রকার
ekprokar	একপ্রকার
jitob	জিতব
hangorer	হাঙরের
khulecfi	খুলেছি
nepfariw	নেফারিও
gunfii	গুণী
ilekotfrnik	ইলেকট্রনিক
ilekotfronik	ইলেকট্রনিক
makha	মাখা
jirapf	জিরাফ
takas	তাকাস
kfomtasiin	ক্ষমতাসীন
kfomotasiin	ক্ষমতাসীন
kecap	কেচাপ
thzaxks	থ্যাংক্স
cfara	ছারা
mwh	মোহ
dfijaine	ডিজাইনে
wval	ওভাল
shidfiuler	শিডিউলের
pfzasistf	ফ্যাসিস্ট
pfigar	ফিগার
shekol	শেকল
nebwif	নেবোই
lama	লামা
ujjl	উজ্জল
ujjol	উজ্জল
rajniitibidoder	রাজনীতিবিদদের
rajoniitibidoder	রাজনীতিবিদদের
edesher	এদেশের
etfakew	এটাকেও
soptahkhanek	সপ্তাহখানেক
soptahokhanek	সপ্তাহখানেক
niooshbase	নিঃশ্বাসে
piner	পিনের
keli	কেলি
dffalte	ঢালতে
dffalote	ঢালতে
dfastfbine	ডাস্টবিনে
dfastfobine	ডাস্টবিনে
kukkutf	কুক্কুট
bobinoski	ববিনস্কি
vabob	ভাবব
shwnanw	শোনানো
sotzoi	সত্যই
danobke	দানবকে
danoboke	দানবকে
pnfdfit	পণ্ডিত
ponfdfit	পণ্ডিত
utsrrg	উতসর্গ
utosrrg	উতসর্গ
utsorrg	উতসর্গ
dffwkaw	ঢোকাও
nikosf	নিকষ
jitcfe	জিতছে
jitocfe	জিতছে
pftfwtfa	ফটোটা
pfotfwtfa	ফটোটা
ammacii	আম্মাচী
bicare	বিচারে
nwngor	নোঙর
dhandha	ধান্ধা
likhecfw	লিখেছো
ekauntfer	একাউন্টের
karentfer	কারেন্টের
dfanpashe	ডানপাশে
dfanopashe	ডানপাশে
shiitf	শীট
dffukecfilam	ঢুকেছিলাম
kwmpanitfi	কোম্পানিটি
rumalotfa	রুমালটা
capar	চাপার
saiklwposer	সাইক্লোপসের
clena	চলেনা
colena	চলেনা
aendfarson	অ্যান্ডারসন
aendfaroson	অ্যান্ডারসন
kolomtfa	কলমটা
kolomotfa	কলমটা
khnij	খনিজ
khonij	খনিজ
gfonisftf	ঘনিষ্ট
pulishtfa	পুলিশটা
pulishotfa	পুলিশটা
akobor	আকবর
mwcfar	মোছার
debolwker	দেবলোকের
resar	রেসার
boin	বইন
basindara	বাসিন্দারা
punorutthan	পুনরুত্থান
surngg	সুরঙ্গ
surongg	সুরঙ্গ
kashii	কাশী
ulotfe	উলটে
rixtfwn	রিংটোন
remedfis	রেমেডিস
jarrmanii	জার্মানী
bndhuderke	বন্ধুদেরকে
bondhuderke	বন্ধুদেরকে
bndhuderoke	বন্ধুদেরকে
somsz	সমস্য
somosz	সমস্য
uilopfredf	উইলফ্রেড
opohornfer	অপহরণের
opohoronfer	অপহরণের
ongkurit	অঙ্কুরিত
onudan	অনুদান
tfnike	টনিকে
tfonike	টনিকে
dfakcfw	ডাকছো
dfakocfw	ডাকছো
haral	হারাল
mortfan	মরটান
morotfan	মরটান
monomora	মনমরা
edfison	এডিসন
tfanele	টানেলে
stfapfder	স্টাফদের
stfapfoder	স্টাফদের
khetam	খেতাম
jwks	জোক্স
nispap	নিস্পাপ
jamer	জামের
pulishi	পুলিশি
nivaw	নিভাও
atmpkf	আত্মপক্ষ
atmopkf	আত্মপক্ষ
atmpokf	আত্মপক্ষ
mhilatfar	মহিলাটার
mohilatfar	মহিলাটার
vanggeni	ভাঙ্গেনি
knpfarenser	কনফারেন্সের
konpfarenser	কনফারেন্সের
knopfarenser	কনফারেন্সের
orrpnf	অর্পণ
orrponf	অর্পণ
smfcit	সঞ্চিত
somfcit	সঞ্চিত
gere	গেরে
bajetfer	বাজেটের
selovig	সেলভিগ
grrter	গর্তের
gorrter	গর্তের
erikoke	এরিককে
gwpnf	গোপণ
gwponf	গোপণ
kivobe	কিভবে
sbpnei	স্বপ্নেই
sbopnei	স্বপ্নেই
asoner	আসনের
eriser	এরিসের
nibedn	নিবেদন
nibedon	নিবেদন
rkfit	রক্ষিত
rokfit	রক্ষিত
onukuule	অনুকূলে
baccagulwr	বাচ্চাগুলোর
cfeletfaw	ছেলেটাও
luij	লুইজ
holiudfe	হলিউডে
katfeni	কাটেনি
gaddar	গাদ্দার
agontuk	আগন্তুক
khamtfa	খামটা
khamotfa	খামটা
tanvir	তানভির
tanovir	তানভির
seminar	সেমিনার
khelcfis	খেলছিস
khelocfis	খেলছিস
gudfnaitf	গুডনাইট
gudfonaitf	গুডনাইট
becar	বেচার
elitf	এলিট
udogriib	উদগ্রীব
jadukrra	জাদুকররা
jadukorora	জাদুকররা
jadukorra	জাদুকররা
mejaje	মেজাজে
pollbir	পল্লবির
pollobir	পল্লবির
guptcorke	গুপ্তচরকে
guptocorke	গুপ্তচরকে
guptcoroke	গুপ্তচরকে
pagolagarde	পাগলাগারদে
pagolagarode	পাগলাগারদে
dfarlix	ডারলিং
dfarolix	ডারলিং
shira	শিরা
gwtrder	গোত্রদের
gwtroder	গোত্রদের
obadhe	অবাধে
adider	আদিদের
senar	সেনার
bndider	বন্দিদের
bondider	বন্দিদের
punonirrman	পুননির্মান
belajiw	বেলাজিও
jnosadharnf	জনসাধারণ
jonosadharnf	জনসাধারণ
jnosadharonf	জনসাধারণ
kzaposuler	ক্যাপসুলের
pudfix	পুডিং
kkfpth	কক্ষপথ
kokfpth	কক্ষপথ
kkfopth	কক্ষপথ
kkfpoth	কক্ষপথ
komandfw	কমান্ডো
kwusholii	কৌশলী
tfzuristf	ট্যুরিস্ট
obiram	অবিরাম
jamar	জামার
khadk	খাদক
khadok	খাদক
dfainwsorder	ডাইনোসরদের
dfainwsoroder	ডাইনোসরদের
deshi	দেশি
dapfner	দাফনের
dapfoner	দাফনের
bndhui	বন্ধুই
bondhui	বন্ধুই
prcarker	প্রচারকের
procarker	প্রচারকের
prcaroker	প্রচারকের
lwver	লোভের
dhiirgtir	ধীরগতির
dhiirogtir	ধীরগতির
dhiirgotir	ধীরগতির
khelnar	খেলনার
khelonar	খেলনার
sqsftfikrrtake	সৃষ্টিকর্তাকে
sqsftfikorrtake	সৃষ্টিকর্তাকে
pereshan	পেরেশান
katfle	কাটলে
katfole	কাটলে
twkew	তোকেও
pahare	পাহারে
mrrg	মর্গ
morrg	মর্গ
sommanojnk	সম্মানজনক
sommanojonk	সম্মানজনক
sommanojnok	সম্মানজনক
atnake	আত্নাকে
zuktisxgt	যুক্তিসংগত
zuktisoxgt	যুক্তিসংগত
zuktisxgot	যুক্তিসংগত
karrdfgulw	কার্ডগুলো
karrdfogulw	কার্ডগুলো
bzbhare	ব্যবহারে
bzobhare	ব্যবহারে
bzbohare	ব্যবহারে
bandhbiir	বান্ধবীর
bandhobiir	বান্ধবীর
bolotfake	বলটাকে
somrajzer	সম্রাজ্যের
piccitfa	পিচ্চিটা
binzas	বিন্যাস
valwbasoten	ভালোবাসতেন
takabena	তাকাবেনা
ckham	চখাম
cokham	চখাম
miraj	মিরাজ
dfijel	ডিজেল
hwparer	হোপারের
japanij	জাপানিজ
grahkder	গ্রাহকদের
grahokder	গ্রাহকদের
grahkoder	গ্রাহকদের
bwnoswn	বোনসোন
adrrshobadii	আদর্শবাদী
adorrshobadii	আদর্শবাদী
redfiwoo	রেডিওঃ
tharrmal	থার্মাল
gfontfai	ঘন্টাই
parsi	পারসি
parosi	পারসি
kompanir	কম্পানির
pollbi	পল্লবি
pollobi	পল্লবি
braga	ব্রাগা
dhomonii	ধমনী
pfirw	ফিরো
thamob	থামব
itstt	ইতস্তত
itostt	ইতস্তত
itstot	ইতস্তত
metfrwpoliser	মেট্রোপলিসের
amerikake	আমেরিকাকে
edfishon	এডিশন
restfurentfer	রেস্টুরেন্টের
uin	উইন
kilik	কিলিক
lzax	ল্যাং
venggecf	ভেঙ্গেছ
duooshcinta	দুঃশ্চিন্তা
jins	জিন্স
eikhanei	এইখানেই
biirer	বীরের
iun	ইউন
bainocwt	বাইনচোত
gtishiil	গতিশীল
gotishiil	গতিশীল
vrmnfotfa	ভ্রমণটা
vromnfotfa	ভ্রমণটা
vrmonfotfa	ভ্রমণটা
nashk	নাশক
nashok	নাশক
khamu	খামু
khujcfen	খুজছেন
khujocfen	খুজছেন
skainetfe	স্কাইনেটে
rutfe	রুটে
jadudnfdf	জাদুদণ্ড
jadudonfdf	জাদুদণ্ড
nidra	নিদ্রা
mulzban	মুল্যবান
mulzoban	মুল্যবান
ekaj	একাজ
ezfatflas	এ্যাটলাস
ezfatfolas	এ্যাটলাস
clcfw	চলছো
colcfw	চলছো
clocfw	চলছো
swlar	সোলার
japanii	জাপানী
blakoudfke	ব্লাকউডকে
blakoudfoke	ব্লাকউডকে
mzakotfzagarrtf	ম্যাকট্যাগার্ট
odhora	অধরা
bkcfis	বকছিস
bokcfis	বকছিস
bkocfis	বকছিস
elena	এলেনা
gujobe	গুজবে
tffekaw	ঠেকাও
sotzikare	সত্যিকারে
khanik	খানিক
klasorume	ক্লাসরুমে
kqsfner	কৃষ্ণের
cncl	চঞ্চল
concl	চঞ্চল
cncol	চঞ্চল
cirsobuj	চিরসবুজ
cirosobuj	চিরসবুজ
hzatfotfa	হ্যাটটা
baccaraw	বাচ্চারাও
krser	ক্রসের
kroser	ক্রসের
vanglw	ভাঙলো
vangolw	ভাঙলো
pflzasholaitf	ফ্ল্যাশলাইট
sxkotfer	সংকটের
soxkotfer	সংকটের
potoner	পতনের
likhlam	লিখলাম
likholam	লিখলাম
samona	সামনা
rimwtfotfa	রিমোটটা
bwjfni	বোঝনি
bwjfoni	বোঝনি
sommwhon	সম্মোহন
blzakobarrn	ব্ল্যাকবার্ন
has	হাস
buzte	বুযতে
buzote	বুযতে
esidf	এসিড
shraik	শ্রাইক
bujle	বুজলে
bujole	বুজলে
knpfiuj	কনফিউজ
konpfiuj	কনফিউজ
knopfiuj	কনফিউজ
bwkaram	বোকারাম
pfiltfar	ফিল্টার
prrdatfa	পর্দাটা
porrdatfa	পর্দাটা
bildfinge	বিল্ডিঙে
dforwthi	ডরোথি
shrddhar	শ্রদ্ধার
shroddhar	শ্রদ্ধার
tfarminetfor	টারমিনেটর
tfarominetfor	টারমিনেটর
khelecfw	খেলেছো
dadiike	দাদীকে
karrtikoke	কার্তিককে
nemecfi	নেমেছি
hara	হারা
klipotfa	ক্লিপটা
ovzase	অভ্যাসে
wlw	ওলো
besftf	বেষ্ট
stfikar	স্টিকার
gqhhiin	গৃহহীন
gqhohiin	গৃহহীন
alwkpat	আলোকপাত
alwkopat	আলোকপাত
wshan	ওশান
molom	মলম
tfaw	টাও
hindite	হিন্দিতে
aemzandfa	অ্যাম্যান্ডা
vaisab	ভাইসাব
khunogulw	খুনগুলো
nirrdesher	নির্দেশের
pajl	পাজল
pajol	পাজল
gramobasiir	গ্রামবাসীর
vijitfor	ভিজিটর
irakii	ইরাকী
krrmkrrtara	কর্মকর্তারা
korrmkrrtara	কর্মকর্তারা
krrmokrrtara	কর্মকর্তারা
krrmkorrtara	কর্মকর্তারা
jgix	জগিং
jogix	জগিং
vagztfa	ভাগ্যটা
vagzotfa	ভাগ্যটা
mwtforsaikel	মোটরসাইকেল
mwtforosaikel	মোটরসাইকেল
zatrapthe	যাত্রাপথে
zatrapothe	যাত্রাপথে
balisher	বালিশের
stfriitfer	স্ট্রীটের
khulir	খুলির
bodomejaji	বদমেজাজি
bishesfokore	বিশেষকরে
kzaseler	ক্যাসেলের
rks	রক্স
roks	রক্স
bujfaw	বুঝাও
bradfli	ব্রাডলি
bradfoli	ব্রাডলি
prmwshoner	প্রমোশনের
promwshoner	প্রমোশনের
sftfiil	ষ্টীল
lombu	লম্বু
somadhanotfa	সমাধানটা
udbuddh	উদ্বুদ্ধ
nariira	নারীরা
pat	পাত
juri	জুরি
pordada	পরদাদা
porodada	পরদাদা
norbi	নরবি
norobi	নরবি
shkher	শখের
shokher	শখের
jmm	জম্ম
jomm	জম্ম
dfevina	ডেভিনা
dhrrmoi	ধর্মই
dhorrmoi	ধর্মই
mamonir	মামনির
kacer	কাচের
ripwrrtfix	রিপোর্টিং
karii	কারী
porakrmshalii	পরাক্রমশালী
porakromshalii	পরাক্রমশালী
porakrmoshalii	পরাক্রমশালী
vabol	ভাবল
hwlw	হোলো
haramiir	হারামীর
shunanite	শুনানিতে
somuudr	সমূদ্র
mitfanwr	মিটানোর
kwmpaniir	কোম্পানীর
partecfw	পারতেছো
parotecfw	পারতেছো
bwtamer	বোতামের
bakzer	বাক্যের
marrketfix	মার্কেটিং
nanotfaketfer	নানটাকেটের
muktipnf	মুক্তিপণ
muktiponf	মুক্তিপণ
mic	মিচ
tanfdfb	তাণ্ডব
tanfdfob	তাণ্ডব
grrdfnke	গর্ডনকে
gorrdfnke	গর্ডনকে
grrdfonke	গর্ডনকে
grrdfnoke	গর্ডনকে
odomz	অদম্য
kritfar	ক্রিটার
baisaikel	বাইসাইকেল
tarsathe	তারসাথে
tarosathe	তারসাথে
tulolw	তুললো
mtonoi	মতনই
motonoi	মতনই
kwnoi	কোনই
dicfen	দিছেন
vikotfimer	ভিকটিমের
beduinoder	বেদুইনদের
basor	বাসর
gdfpfre	গডফ্রে
godfpfre	গডফ্রে
gdfopfre	গডফ্রে
gina	গিনা
anggur	আঙ্গুর
thamolw	থামলো
barrth	বার্থ
uccmaner	উচ্চমানের
uccomaner	উচ্চমানের
gwthamke	গোথামকে
gwthamoke	গোথামকে
pthvrsftf	পথভ্রষ্ট
pothvrsftf	পথভ্রষ্ট
pthovrsftf	পথভ্রষ্ট
pthvrosftf	পথভ্রষ্ট
bujftecfi	বুঝতেছি
bujfotecfi	বুঝতেছি
valwna	ভালোনা
pretatmar	প্রেতাত্মার
wwhqq	ওওহ্
wwhoqq	ওওহ্
atngke	আতঙ্কে
atongke	আতঙ্কে
somrrpon	সমর্পন
somorrpon	সমর্পন
planotfa	প্লানটা
rdfni	রডনি
rodfni	রডনি
rdfoni	রডনি
sobtffik	সবঠিক
sobotffik	সবঠিক
khwlasa	খোলাসা
grrvpat	গর্ভপাত
gorrvpat	গর্ভপাত
grrvopat	গর্ভপাত
libi	লিবি
shzadfw	শ্যাডো
abassthl	আবাসস্থল
abasosthl	আবাসস্থল
abassthol	আবাসস্থল
hedflain	হেডলাইন
hedfolain	হেডলাইন
manobta	মানবতা
manobota	মানবতা
hasate	হাসাতে
ceke	চেকে
cmkit	চমকিত
comokit	চমকিত
comkit	চমকিত
cmokit	চমকিত
aekshon	অ্যাকশন
aekoshon	অ্যাকশন
uddinorki	উদ্দিনরকি
uddinoroki	উদ্দিনরকি
aiaroes	আইআরএস
postate	পস্তাতে
wmorke	ওমরকে
wmoroke	ওমরকে
nambartfi	নাম্বারটি
nambarotfi	নাম্বারটি
hatotfi	হাতটি
akashke	আকাশকে
akashoke	আকাশকে
oprtzashitvabe	অপ্রত্যাশিতভাবে
oprotzashitvabe	অপ্রত্যাশিতভাবে
oprtzashitovabe	অপ্রত্যাশিতভাবে
mwshon	মোশন
tfukorwgulw	টুকরোগুলো
udahornfsboruup	উদাহরণস্বরূপ
udahoronfsboruup	উদাহরণস্বরূপ
udahornfosboruup	উদাহরণস্বরূপ
dinoguli	দিনগুলি
dfetfer	ডেটের
mdhzbrrtii	মধ্যবর্তী
modhzbrrtii	মধ্যবর্তী
mdhzobrrtii	মধ্যবর্তী
mdhzborrtii	মধ্যবর্তী
zabei	যাবেই
jnike	জনিকে
jonike	জনিকে
suji	সুজি
oxshoi	অংশই
vuutotfa	ভূতটা
onuvuutigulw	অনুভূতিগুলো
mqtzuw	মৃত্যুও
pfisa	ফিসা
dffukecfw	ঢুকেছো
kotdiner	কতদিনের
kotodiner	কতদিনের
sabodhanota	সাবধানতা
vebna	ভেবনা
vebona	ভেবনা
dfatfabeje	ডাটাবেজে
vinodeshii	ভিনদেশী
kure	কুরে
vinci	ভিঞ্চি
mitraner	মিত্রানের
prbeshpth	প্রবেশপথ
probeshpth	প্রবেশপথ
prbeshopth	প্রবেশপথ
prbeshpoth	প্রবেশপথ
pfrrmtfa	ফর্মটা
pforrmtfa	ফর্মটা
pfrrmotfa	ফর্মটা
pfelcfilam	ফেলছিলাম
pfelocfilam	ফেলছিলাম
elekske	এলেক্সকে
eleksoke	এলেক্সকে
tfikobena	টিকবেনা
dffukecfile	ঢুকেছিলে
tfuitfare	টুইটারে
unntomaner	উন্নতমানের
unnotomaner	উন্নতমানের
kpaler	কপালের
kopaler	কপালের
valobasotw	ভালবাসতো
cfiloi	ছিলই
pevensi	পেভেন্সি
porecfilw	পরেছিলো
kthatei	কথাতেই
kothatei	কথাতেই
mhakasher	মহাকাশের
mohakasher	মহাকাশের
susaner	সুসানের
likhecfile	লিখেছিলে
cfapanw	ছাপানো
osohzkor	অসহ্যকর
osohzokor	অসহ্যকর
smqtike	স্মৃতিকে
bastober	বাস্তবের
koraccfi	করাচ্ছি
erkomtfai	এরকমটাই
erokomtfai	এরকমটাই
erkomotfai	এরকমটাই
edfouin	এডউইন
pwstfe	পোস্টে
monitfore	মনিটরে
dhbxsozgg	ধ্বংসযজ্ঞ
dhboxsozgg	ধ্বংসযজ্ঞ
dhbxsozogg	ধ্বংসযজ্ঞ
shikagwr	শিকাগোর
sidfnii	সিডনী
sidfonii	সিডনী
jarrnal	জার্নাল
mirandfa	মিরান্ডা
culokani	চুলকানি
sbrrgorajze	স্বর্গরাজ্যে
sborrgorajze	স্বর্গরাজ্যে
volibol	ভলিবল
prtizwgiider	প্রতিযোগীদের
protizwgiider	প্রতিযোগীদের
ahammker	আহাম্মকের
ahammoker	আহাম্মকের
shesfdin	শেষদিন
shesfodin	শেষদিন
zuddhjahaj	যুদ্ধজাহাজ
zuddhojahaj	যুদ্ধজাহাজ
pursfkarer	পুরষ্কারের
purosfkarer	পুরষ্কারের
natfali	নাটালি
dinogulwte	দিনগুলোতে
khaccfilam	খাচ্ছিলাম
tfuin	টুইন
grrdhober	গর্ধবের
gorrdhober	গর্ধবের
kototfi	কতটি
jemir	জেমির
nobojnm	নবজন্ম
nobojonm	নবজন্ম
odhibasiider	অধিবাসীদের
ekdhap	একধাপ
ekodhap	একধাপ
bwkcwd	বোকচোদ
bwkocwd	বোকচোদ
somaptir	সমাপ্তির
tfeligram	টেলিগ্রাম
khape	খাপে
sprrshow	স্পর্শও
sporrshow	স্পর্শও
apfganistaner	আফগানিস্তানের
apfoganistaner	আফগানিস্তানের
lalnpaln	লালনপালন
lalonopalon	লালনপালন
lalonpaln	লালনপালন
lalnopaln	লালনপালন
sadhuder	সাধুদের
anotam	আনতাম
kimvutkimakar	কিম্ভুতকিমাকার
kimvutokimakar	কিম্ভুতকিমাকার
batfir	বাটির
bhoman	বহমান
bohoman	বহমান
bastfar	বাস্টার
jobd	জব্দ
ovzsth	অভ্যস্থ
ovzosth	অভ্যস্থ
khanapina	খানাপিনা
dharer	ধারের
hedfam	হেডাম
dfaken	ডাকেন
holna	হলনা
holona	হলনা
stfrenj	স্ট্রেঞ্জ
bujftew	বুঝতেও
bujfotew	বুঝতেও
liwner	লিওনের
uijlir	উইজলির
uijolir	উইজলির
erl	এরল
erol	এরল
mix	মিং
badoi	বাদই
sine	সিনে
listfer	লিস্টের
bener	বেনের
balur	বালুর
pakna	পাকনা
pakona	পাকনা
gfurabe	ঘুরাবে
parrlare	পার্লারে
sbrrnfalii	স্বর্ণালী
sborrnfalii	স্বর্ণালী
vikfabqtti	ভিক্ষাবৃত্তি
wvartfaim	ওভারটাইম
wvarotfaim	ওভারটাইম
etfatei	এটাতেই
griisfmkal	গ্রীষ্মকাল
griisfmokal	গ্রীষ্মকাল
sbiikqt	স্বীকৃত
onuposthiti	অনুপস্থিতি
vegecfe	ভেগেছে
cshomatfa	চশমাটা
coshomatfa	চশমাটা
nisfptti	নিষ্পত্তি
nisfpotti	নিষ্পত্তি
parrthib	পার্থিব
carsh	চারশ
carosh	চারশ
beshkicfu	বেশকিছু
beshokicfu	বেশকিছু
bshzta	বশ্যতা
boshzta	বশ্যতা
bshzota	বশ্যতা
somuuh	সমূহ
shwnate	শোনাতে
deshtfa	দেশটা
deshotfa	দেশটা
nirrman	নির্মান
deshtfar	দেশটার
deshotfar	দেশটার
khade	খাদে
katfoben	কাটবেন
amerikaner	আমেরিকানের
hiin	হীন
dwjkhe	দোজখে
dwjokhe	দোজখে
jwrajuri	জোরাজুরি
kinocfi	কিনছি
rekhar	রেখার
kotwdin	কতোদিন
tder	তদের
toder	তদের
mastul	মাস্তুল
salader	সালাদের
kerake	কেরাকে
holiudfer	হলিউডের
dhrrmgftf	ধর্মঘট
dhorrmgftf	ধর্মঘট
dhrrmogftf	ধর্মঘট
dhrrmgfotf	ধর্মঘট
diikfit	দীক্ষিত
sxgramer	সংগ্রামের
soxgramer	সংগ্রামের
itfar	ইটার
ogwcore	অগোচরে
rshitfa	রশিটা
roshitfa	রশিটা
veloki	ভেলকি
mqdusbore	মৃদুস্বরে
ov	অভ
vabuk	ভাবুক
kastfm	কাস্টম
kastfom	কাস্টম
seviwr	সেভিওর
dfurantf	ডুরান্ট
rasel	রাসেল
wtei	ওতেই
bzktira	ব্যক্তিরা
bzoktira	ব্যক্তিরা
pukure	পুকুরে
bsate	বসাতে
bosate	বসাতে
bzagtfi	ব্যাগটি
bzagotfi	ব্যাগটি
rnfkwushol	রণকৌশল
ronfkwushol	রণকৌশল
rnfokwushol	রণকৌশল
cfbigulwr	ছবিগুলোর
cfobigulwr	ছবিগুলোর
vuloi	ভুলই
prtibedner	প্রতিবেদনের
protibedner	প্রতিবেদনের
prtibedoner	প্রতিবেদনের
vangai	ভাঙাই
somantoral	সমান্তরাল
mdhzer	মধ্যের
modhzer	মধ্যের
karrs	কার্স
dorun	দরুন
pfleur	ফ্লেউর
lagalam	লাগালাম
kzaper	ক্যাপের
igor	ইগর
makar	মাকার
majforat	মাঝরাত
vndfami	ভন্ডামি
vondfami	ভন্ডামি
tfanocfe	টানছে
gfinna	ঘিন্না
mg	মগ
mog	মগ
obnoti	অবনতি
obonoti	অবনতি
urrbor	উর্বর
bujfwna	বুঝোনা
sharrp	শার্প
gacfpalar	গাছপালার
gacfopalar	গাছপালার
hwmstfidf	হোমস্টিড
hwmostfidf	হোমস্টিড
nombore	নম্বরে
bekkl	বেক্কল
bekkol	বেক্কল
dfjner	ডজনের
dfojner	ডজনের
dfjoner	ডজনের
kwnfotffasa	কোণঠাসা
esobke	এসবকে
esoboke	এসবকে
htzakariir	হত্যাকারীর
hotzakariir	হত্যাকারীর
suraha	সুরাহা
liliputf	লিলিপুট
jajblzman	জাজ্বল্যমান
jajbolzman	জাজ্বল্যমান
jajblzoman	জাজ্বল্যমান
busaner	বুসানের
dfainider	ডাইনিদের
agunotfa	আগুনটা
jlatngk	জলাতঙ্ক
jolatngk	জলাতঙ্ক
jlatongk	জলাতঙ্ক
unmukh	উন্মুখ
mijgin	মিজগিন
mijogin	মিজগিন
karrtfel	কার্টেল
aemerikanora	অ্যামেরিকানরা
lwkow	লোকও
graser	গ্রাসের
jina	জিনা
entfarpraij	এন্টারপ্রাইজ
entfaropraij	এন্টারপ্রাইজ
cltam	চলতাম
colotam	চলতাম
coltam	চলতাম
clotam	চলতাম
tzajz	ত্যাজ্য
silix	সিলিং
bztiit	ব্যতীত
bzotiit	ব্যতীত
jxli	জংলি
joxli	জংলি
anfdfa	আণ্ডা
imwshonal	ইমোশনাল
porini	পরিনি
mstrwm	মস্ত্রোম
mostrwm	মস্ত্রোম
porimanfotfa	পরিমাণটা
jmin	জমিন
jomin	জমিন
hws	হোস
rser	রসের
roser	রসের
striiw	স্ত্রীও
htobak	হতবাক
hotobak	হতবাক
subade	সুবাদে
jambw	জাম্বো
ripwrrtfer	রিপোর্টের
shiigfr	শীঘ্র
hepfasotfis	হেফাসটিস
aganw	আগানো
valww	ভালোও
cfutfcfi	ছুটছি
cfutfocfi	ছুটছি
gular	গুলার
nagoriker	নাগরিকের
sommelner	সম্মেলনের
sommeloner	সম্মেলনের
ailw	আইলো
muktw	মুক্তো
uparrjner	উপার্জনের
uparrjoner	উপার্জনের
osontwsf	অসন্তোষ
gfumaccfilam	ঘুমাচ্ছিলাম
zwgdaner	যোগদানের
zwgodaner	যোগদানের
parmitf	পারমিট
paromitf	পারমিট
kiccfa	কিচ্ছা
hoitase	হইতাসে
rajtber	রাজত্বের
rajotber	রাজত্বের
kaste	কাস্তে
vison	ভিসন
shobdjtf	শব্দজট
shobdojtf	শব্দজট
shobdjotf	শব্দজট
hils	হিলস
hilos	হিলস
prkashz	প্রকাশ্য
prokashz	প্রকাশ্য
shikarira	শিকারিরা
parrtfike	পার্টিকে
pfupfatw	ফুফাতো
gimoli	গিমলি
dfenistfn	ডেনিস্টন
dfenistfon	ডেনিস্টন
pfrangki	ফ্রাঙ্কি
tottbabodhane	তত্ত্বাবধানে
dftfar	ডটার
dfotfar	ডটার
megan	মেগান
orrkder	অর্কদের
orrkoder	অর্কদের
pthhara	পথহারা
pothhara	পথহারা
pthohara	পথহারা
brrnfomala	বর্ণমালা
borrnfomala	বর্ণমালা
nirrgt	নির্গত
nirrgot	নির্গত
ztobaroi	যতবারই
zotobaroi	যতবারই
prorrdshit	প্রর্দশিত
prorrdoshit	প্রর্দশিত
oprclit	অপ্রচলিত
oproclit	অপ্রচলিত
oprcolit	অপ্রচলিত
shiitkaliin	শীতকালীন
shiitokaliin	শীতকালীন
somrrthit	সমর্থিত
somorrthit	সমর্থিত
hstnirrmit	হস্তনির্মিত
hostnirrmit	হস্তনির্মিত
hstonirrmit	হস্তনির্মিত
tffakurma	ঠাকুরমা
tffakuroma	ঠাকুরমা
laitfar	লাইটার
baicca	বাইচ্চা
prjektfe	প্রজেক্টে
projektfe	প্রজেক্টে
ajw	আজো
marrdfar	মার্ডার
rajmukutf	রাজমুকুট
rajomukutf	রাজমুকুট
totobaroi	ততবারই
pati	পাতি
nzani	ন্যানি
bwlenser	বোলেন্সের
baka	বাকা
inshaallah	ইনশাআল্লাহ
inoshaallah	ইনশাআল্লাহ
kwsfagar	কোষাগার
viktfimer	ভিক্টিমের
shilppoti	শিল্পপতি
shilpopoti	শিল্পপতি
vijitf	ভিজিট
aljfeimar	আলঝেইমার
alojfeimar	আলঝেইমার
somvabzta	সম্ভাব্যতা
somvabzota	সম্ভাব্যতা
calaccfen	চালাচ্ছেন
katfaccfi	কাটাচ্ছি
sektfore	সেক্টরে
prtizwgiita	প্রতিযোগীতা
protizwgiita	প্রতিযোগীতা
dinodin	দিনদিন
bzapii	ব্যাপী
prtntattbik	প্রত্নতাত্ত্বিক
protntattbik	প্রত্নতাত্ত্বিক
prtnotattbik	প্রত্নতাত্ত্বিক
jwccwr	জোচ্চোর
janalagulw	জানালাগুলো
wroi	ওরই
uccpdsth	উচ্চপদস্থ
uccopdsth	উচ্চপদস্থ
uccpodsth	উচ্চপদস্থ
uccpdosth	উচ্চপদস্থ
stfrip	স্ট্রিপ
purrbe	পুর্বে
carrjshitf	চার্জশিট
carrjoshitf	চার্জশিট
raite	রাইতে
kaitftfa	কাইট্টা
pranfhani	প্রাণহানি
pranfohani	প্রাণহানি
berwccfe	বেরোচ্ছে
rupkthar	রুপকথার
rupokthar	রুপকথার
rupkothar	রুপকথার
dekhtecfe	দেখতেছে
dekhotecfe	দেখতেছে
kostf	কস্ট
jflokani	ঝলকানি
jfolokani	ঝলকানি
cwkha	চোখা
sobkicfute	সবকিছুতে
sobokicfute	সবকিছুতে
sotrrkobanfii	সতর্কবাণী
sotorrkobanfii	সতর্কবাণী
deshtfake	দেশটাকে
deshotfake	দেশটাকে
marrshaler	মার্শালের
gfwranw	ঘোরানো
osftfm	অষ্টম
osftfom	অষ্টম
puratfai	পুরাটাই
porisomapti	পরিসমাপ্তি
sobbaike	সব্বাইকে
zntrgulw	যন্ত্রগুলো
zontrgulw	যন্ত্রগুলো
zntrogulw	যন্ত্রগুলো
prarmvik	প্রারম্ভিক
praromvik	প্রারম্ভিক
kow	কও
korner	করনের
koroner	করনের
zahara	যাহারা
tfaitfanike	টাইটানিকে
varrson	ভার্সন
bwrak	বোরাক
vorsar	ভরসার
vorosar	ভরসার
stfritfer	স্ট্রিটের
aepaci	অ্যাপাচি
prtipkfer	প্রতিপক্ষের
protipkfer	প্রতিপক্ষের
prtipokfer	প্রতিপক্ষের
belok	বেলক
nevir	নেভির
sadhzmtw	সাধ্যমতো
sadhzomtw	সাধ্যমতো
sadhzmotw	সাধ্যমতো
pranfiii	প্রাণীই
jinke	জিনকে
jinoke	জিনকে
shwilii	শৈলী
aeli	অ্যালি
enitfa	এনিটা
sobkotfa	সবকটা
sobokotfa	সবকটা
khulolam	খুললাম
dwsfiike	দোষীকে
umbasi	উম্বাসি
namabw	নামাবো
zwubn	যৌবন
zwubon	যৌবন
jarrmanir	জার্মানির
kakur	কাকুর
keiba	কেইবা
kukrrm	কুকর্ম
kukorrm	কুকর্ম
spidfe	স্পিডে
rannagforer	রান্নাঘরের
jiemopi	জিএমপি
utfflen	উঠলেন
utffolen	উঠলেন
skrip	স্ক্রিপ
gfurapfera	ঘুরাফেরা
ladflw	লাডলো
ladfolw	লাডলো
pitfer	পিটের
rajdrwh	রাজদ্রোহ
rajodrwh	রাজদ্রোহ
eguccfi	এগুচ্ছি
enecfilen	এনেছিলেন
hki	হকি
hoki	হকি
jiibnotfaw	জীবনটাও
jiibonotfaw	জীবনটাও
katfalam	কাটালাম
bzabharer	ব্যাবহারের
bzaboharer	ব্যাবহারের
nijederoi	নিজেদেরই
gunfdfader	গুণ্ডাদের
hasite	হাসিতে
lwkobol	লোকবল
naitfera	নাইটেরা
kriptfner	ক্রিপ্টনের
kriptfoner	ক্রিপ্টনের
jdf	জড
jodf	জড
tfakatfai	টাকাটাই
shuke	শুকে
nathix	নাথিং
harbw	হারবো
harobw	হারবো
shredfarer	শ্রেডারের
vidfiwr	ভিডিওর
tful	টুল
nirrmanfer	নির্মাণের
odri	অদ্রি
parmu	পারমু
paromu	পারমু
koicfi	কইছি
sarahke	সারাহকে
sarahoke	সারাহকে
voratf	ভরাট
vwla	ভোলা
vzanila	ভ্যানিলা
khabaroi	খাবারই
pfeloli	ফেললি
ekotfana	একটানা
netiback	নেতিবাচক
netibacok	নেতিবাচক
onodhikarprbeshkarii	অনধিকারপ্রবেশকারী
onodhikaroprbeshkarii	অনধিকারপ্রবেশকারী
onodhikarprobeshkarii	অনধিকারপ্রবেশকারী
onodhikarprbeshokarii	অনধিকারপ্রবেশকারী
stfkomzan	স্টকম্যান
stfokomzan	স্টকম্যান
kicener	কিচেনের
martam	মারতাম
marotam	মারতাম
stfkomzaner	স্টকম্যানের
stfokomzaner	স্টকম্যানের
brajil	ব্রাজিল
sabina	সাবিনা
egulir	এগুলির
sohixsotar	সহিংসতার
dfumur	ডুমুর
onuvutir	অনুভুতির
bnvuumi	বনভূমি
bonovuumi	বনভূমি
bonvuumi	বনভূমি
bnovuumi	বনভূমি
hzamar	হ্যামার
seksii	সেক্সী
retfrw	রেট্রো
bolcfila	বলছিলা
bolocfila	বলছিলা
ekoisathe	একইসাথে
shwdhorate	শোধরাতে
vaire	ভাইরে
dforis	ডরিস
cuktipotre	চুক্তিপত্রে
cltecfe	চলতেছে
coltecfe	চলতেছে
clotecfe	চলতেছে
rupfas	রুফাস
santinw	সান্তিনো
vagcfe	ভাগছে
vagocfe	ভাগছে
ashabadii	আশাবাদী
barrtatfa	বার্তাটা
cintake	চিন্তাকে
pwitqk	পৈতৃক
oporadhiiderke	অপরাধীদেরকে
oporadhiideroke	অপরাধীদেরকে
pfolomuul	ফলমূল
dagogulw	দাগগুলো
lukabw	লুকাবো
muvmentf	মুভমেন্ট
muvomentf	মুভমেন্ট
mekaniker	মেকানিকের
cix	চিং
utfite	উটিতে
talur	তালুর
brekpfastfer	ব্রেকফাস্টের
brekopfastfer	ব্রেকফাস্টের
dfaunotfaun	ডাউনটাউন
preter	প্রেতের
bibecit	বিবেচিত
pitfi	পিটি
bolatfai	বলাটাই
dhamacapa	ধামাচাপা
mdn	মদন
modon	মদন
modn	মদন
mdon	মদন
somrrthner	সমর্থনের
somorrthner	সমর্থনের
somrrthoner	সমর্থনের
sombwdhon	সম্বোধন
nabikera	নাবিকেরা
jitecfw	জিতেছো
sadarlzandf	সাদারল্যান্ড
sadarolzandf	সাদারল্যান্ড
prim	প্রিম
nishcl	নিশ্চল
nishcol	নিশ্চল
rakhcfil	রাখছিল
rakhocfil	রাখছিল
dinorat	দিনরাত
bwstfner	বোস্টনের
bwstfoner	বোস্টনের
dfubaw	ডুবাও
sneipke	স্নেইপকে
sneipoke	স্নেইপকে
kthabarrtar	কথাবার্তার
kothabarrtar	কথাবার্তার
hasz	হাস্য
sirap	সিরাপ
pfirecf	ফিরেছ
mhajgter	মহাজগতের
mohajogoter	মহাজগতের
mohajgter	মহাজগতের
mhajogter	মহাজগতের
benjike	বেঞ্জিকে
patffaini	পাঠাইনি
gfranfotfa	ঘ্রাণটা
kalshitfe	কালশিটে
kaloshitfe	কালশিটে
thappor	থাপ্পর
vagzoi	ভাগ্যই
dhp	ধপ
dhop	ধপ
nitombe	নিতম্বে
sngkrant	সঙ্ক্রান্ত
songkrant	সঙ্ক্রান্ত
kqtkarrz	কৃতকার্য
kqtokarrz	কৃতকার্য
domate	দমাতে
jmecfe	জমেছে
jomecfe	জমেছে
tfrl	ট্রল
tfrol	ট্রল
java	জাভা
sxbrrdhona	সংবর্ধনা
soxbrrdhona	সংবর্ধনা
sxborrdhona	সংবর্ধনা
spiidfe	স্পীডে
jnmabe	জন্মাবে
jonmabe	জন্মাবে
parws	পারোস
acfil	আছিল
babbar	বাব্বার
pzandfwrar	প্যান্ডোরার
ogastfin	অগাস্টিন
saxbadiker	সাংবাদিকের
praij	প্রাইজ
cor	চর
othitider	অথিতিদের
wpar	ওপার
tfrenixprapt	ট্রেনিংপ্রাপ্ত
udvut	উদ্ভুত
abul	আবুল
bqhsptibarer	বৃহস্পতিবারের
bqhosptibarer	বৃহস্পতিবারের
bqhspotibarer	বৃহস্পতিবারের
gfwrw	ঘোরো
prtap	প্রতাপ
protap	প্রতাপ
pfali	ফালি
jihad	জিহাদ
mehonot	মেহনত
morini	মরিনি
rimake	রিমাকে
stfrxgarrm	স্ট্রংগার্ম
stfroxgarrm	স্ট্রংগার্ম
glitfarix	গ্লিটারিং
bnobe	বনবে
bonobe	বনবে
iunik	ইউনিক
mwstpfa	মোস্তফা
mwstopfa	মোস্তফা
brajiler	ব্রাজিলের
khetfe	খেটে
skorpiwn	স্করপিওন
skoropiwn	স্করপিওন
utffei	উঠেই
poramrrsher	পরামর্শের
poramorrsher	পরামর্শের
golanwr	গলানোর
legecfi	লেগেছি
rwjoi	রোজই
rkix	রকিং
rokix	রকিং
kolla	কল্লা
shaririik	শারিরীক
jihoba	জিহবা
vikw	ভিকো
bixk	বিংক
elwmelwvabe	এলোমেলোভাবে
agertfar	আগেরটার
agerotfar	আগেরটার
zatriibahii	যাত্রীবাহী
kajii	কাজী
lzaxli	ল্যাংলি
praniira	প্রানীরা
kpfine	কফিনে
kopfine	কফিনে
prshne	প্রশ্নে
proshne	প্রশ্নে
biirozwddha	বীরযোদ্ধা
dffakote	ঢাকতে
mwidenke	মৈদেনকে
mwidenoke	মৈদেনকে
opera	অপেরা
dfivishon	ডিভিশন
sirijer	সিরিজের
onusqt	অনুসৃত
lima	লিমা
somane	সমানে
nakgolanw	নাকগলানো
nakogolanw	নাকগলানো
olsota	অলসতা
olosota	অলসতা
samitf	সামিট
elivetfor	এলিভেটর
baja	বাজা
sedik	সেদিক
kqtggtar	কৃতজ্ঞতার
kqtoggtar	কৃতজ্ঞতার
kqtggotar	কৃতজ্ঞতার
olxkar	অলংকার
oloxkar	অলংকার
msjide	মসজিদে
mosojide	মসজিদে
mosjide	মসজিদে
msojide	মসজিদে
cfdm	ছদ্ম
cfodm	ছদ্ম
mdhzsthta	মধ্যস্থতা
modhzsthta	মধ্যস্থতা
mdhzosthta	মধ্যস্থতা
mdhzsthota	মধ্যস্থতা
pukurer	পুকুরের
dhrrsfit	ধর্ষিত
dhorrsfit	ধর্ষিত
pwsfon	পোষন
shabol	শাবল
ikw	ইকো
dhush	ধুশ
gfnftfakhanek	ঘণ্টাখানেক
gfonftfakhanek	ঘণ্টাখানেক
jutagulw	জুতাগুলো
sammfjszpuurrnf	সামঞ্জস্যপূর্ণ
samomfjszpuurrnf	সামঞ্জস্যপূর্ণ
sammfjoszpuurrnf	সামঞ্জস্যপূর্ণ
sammfjszopuurrnf	সামঞ্জস্যপূর্ণ
graham	গ্রাহাম
shoriirtfi	শরীরটি
shoriirotfi	শরীরটি
porag	পরাগ
dfwthorakira	ডোথরাকিরা
prtiiker	প্রতীকের
protiiker	প্রতীকের
suprsonn	সুপ্রসন্ন
suprosonn	সুপ্রসন্ন
sarrvisoke	সার্ভিসকে
gwsht	গোশত
gwshot	গোশত
jbiinora	জ্বীনরা
mukhgulw	মুখগুলো
mukhogulw	মুখগুলো
lenodene	লেনদেনে
kalwder	কালোদের
hzah	হ্যাহ
dffwkate	ঢোকাতে
dfibba	ডিব্বা
bana	বানা
zaib	যাইব
kzathorinke	ক্যাথরিনকে
kzathorinoke	ক্যাথরিনকে
dekhaite	দেখাইতে
jneroi	জনেরই
joneroi	জনেরই
ebsentf	এবসেন্ট
ebosentf	এবসেন্ট
odhikare	অধিকারে
prwdfakshoner	প্রোডাকশনের
prwdfakoshoner	প্রোডাকশনের
metfanwr	মেটানোর
seler	সেলের
mskwr	মস্কোর
moskwr	মস্কোর
digonter	দিগন্তের
tfrenotfa	ট্রেনটা
pshura	পশুরা
poshura	পশুরা
pflzap	ফ্ল্যাপ
ekhnww	এখনোও
ekhonww	এখনোও
pontfix	পন্টিং
cilotfn	চিলটন
cilotfon	চিলটন
bwjfwni	বোঝোনি
pisix	পিসিং
jfwl	ঝোল
zais	যাইস
oitfa	অইটা
calei	চালেই
kari	কারি
sdszer	সদস্যের
sodszer	সদস্যের
sdoszer	সদস্যের
mahomudul	মাহমুদুল
riharrsal	রিহার্সাল
prarrthiir	প্রার্থীর
ezfkshon	এ্যকশন
ezfokshon	এ্যকশন
ezfkoshon	এ্যকশন
niic	নীচ
iwhan	ইওহান
hammad	হাম্মাদ
mig	মিগ
szandfir	স্যান্ডির
dkfinfpuurrb	দক্ষিণপূর্ব
dokfinfpuurrb	দক্ষিণপূর্ব
dkfinfopuurrb	দক্ষিণপূর্ব
segula	সেগুলা
gunogun	গুনগুন
jukar	জুকার
bekubi	বেকুবি
takaccfw	তাকাচ্ছো
sobkotfake	সবকটাকে
sobokotfake	সবকটাকে
sxgramii	সংগ্রামী
soxgramii	সংগ্রামী
cfwtfvai	ছোটভাই
cfwtfovai	ছোটভাই
khaccfw	খাচ্ছো
pzasenjar	প্যাসেঞ্জার
keralar	কেরালার
atmsomrrpon	আত্মসমর্পন
atmosomrrpon	আত্মসমর্পন
atmsomorrpon	আত্মসমর্পন
obojekshon	অবজেকশন
obojekoshon	অবজেকশন
malogulw	মালগুলো
tffikvabei	ঠিকভাবেই
tffikovabei	ঠিকভাবেই
bishlesfok	বিশ্লেষক
jrrjoo	জর্জঃ
jorrjoo	জর্জঃ
dfijainar	ডিজাইনার
pfola	ফলা
thakate	থাকাতে
sotta	সত্তা
rixgw	রিংগো
beshiikfonf	বেশীক্ষণ
guruke	গুরুকে
pwrrtfale	পোর্টালে
sasopendf	সাসপেন্ড
pfzasilitfi	ফ্যাসিলিটি
pfutfoboler	ফুটবলের
bipfole	বিফলে
boltacfe	বলতাছে
bolotacfe	বলতাছে
brustfar	ব্রুস্টার
harar	হারার
prshntfai	প্রশ্নটাই
proshntfai	প্রশ্নটাই
prshnotfai	প্রশ্নটাই
gfatf	ঘাট
eitfi	এইটি
pfsftfinsftfi	ফষ্টিনষ্টি
pfosftfinsftfi	ফষ্টিনষ্টি
pfsftfinosftfi	ফষ্টিনষ্টি
dfntfles	ডন্টলেস
dfontfles	ডন্টলেস
dfntfoles	ডন্টলেস
sdordptore	সদরদপ্তরে
sodordptore	সদরদপ্তরে
sdorodptore	সদরদপ্তরে
sdordoptore	সদরদপ্তরে
brwdf	ব্রোড
themecfe	থেমেছে
kccfper	কচ্ছপের
koccfper	কচ্ছপের
kccfoper	কচ্ছপের
redfix	রেডিং
prshbas	প্রশ্বাস
proshbas	প্রশ্বাস
keuu	কেঊ
naca	নাচা
sokalobela	সকালবেলা
onzoraw	অন্যরাও
levele	লেভেলে
lekhker	লেখকের
lekhoker	লেখকের
krrmkfom	কর্মক্ষম
korrmkfom	কর্মক্ষম
krrmokfom	কর্মক্ষম
nogore	নগরে
hip	হিপ
dileker	দিলেকের
pfirew	ফিরেও
ahar	আহার
aexkor	অ্যাংকর
cinte	চিন্তে
kzadfei	ক্যাডেই
aitacfe	আইতাছে
heh	হেহ
tfupite	টুপিতে
boibe	বইবে
ruci	রুচি
matfike	মাটিকে
kwtfite	কোটিতে
htashajnk	হতাশাজনক
hotashajnk	হতাশাজনক
htashajonk	হতাশাজনক
htashajnok	হতাশাজনক
uttwln	উত্তোলন
uttwlon	উত্তোলন
boitfi	বইটি
azfl	আ্যল
azfol	আ্যল
bisomillahqq	বিসমিল্লাহ্
bisomillahoqq	বিসমিল্লাহ্
parkins	পারকিন্স
parokins	পারকিন্স
dwult	দৌলত
dwulot	দৌলত
atmara	আত্মারা
ztwkfonf	যতোক্ষণ
zotwkfonf	যতোক্ষণ
oparetf	অপারেট
belikpfke	বেলিকফকে
belikopfke	বেলিকফকে
belikpfoke	বেলিকফকে
pabina	পাবিনা
kixdfm	কিংডম
kixdfom	কিংডম
kutti	কুত্তি
udvinn	উদ্ভিন্ন
sandfra	সান্ড্রা
htvagz	হতভাগ্য
hotvagz	হতভাগ্য
htovagz	হতভাগ্য
gobatfw	গবাটো
tfzurix	ট্যুরিং
ishaner	ইশানের
likhini	লিখিনি
gqhe	গৃহে
prshst	প্রশস্ত
proshst	প্রশস্ত
prshost	প্রশস্ত
matratirikt	মাত্রাতিরিক্ত
tbora	ত্বরা
pfgke	ফগকে
pfogke	ফগকে
pfgoke	ফগকে
dffwkanwr	ঢোকানোর
rajtbe	রাজত্বে
rajotbe	রাজত্বে
ontoosottba	অন্তঃসত্ত্বা
vilate	ভিলাতে
tantrik	তান্ত্রিক
bagdttar	বাগদত্তার
bagodttar	বাগদত্তার
bagdottar	বাগদত্তার
khunow	খুনও
aini	আইনি
mwder	মোদের
rikotfas	রিকটাস
hobsqq	হবস্
hobosqq	হবস্
hobsoqq	হবস্
koralam	করালাম
bahulz	বাহুল্য
viktforke	ভিক্টরকে
viktforoke	ভিক্টরকে
ricmondf	রিচমন্ড
ricomondf	রিচমন্ড
soptahante	সপ্তাহান্তে
lesoli	লেসলি
bsonte	বসন্তে
bosonte	বসন্তে
pasha	পাশা
salar	সালার
otithir	অতিথির
ruupantorer	রূপান্তরের
mashidfw	মাশিডো
kiupidf	কিউপিড
udvabnii	উদ্ভাবনী
udvabonii	উদ্ভাবনী
gonfitobid	গণিতবিদ
mzakinotfsh	ম্যাকিনটশ
mzakinotfosh	ম্যাকিনটশ
mzakgapfin	ম্যাকগাফিন
mzakogapfin	ম্যাকগাফিন
turrkite	তুর্কিতে
vagzis	ভাগ্যিস
cakoraniir	চাকরানীর
hascfen	হাসছেন
hasocfen	হাসছেন
somajtontr	সমাজতন্ত্র
somajotontr	সমাজতন্ত্র
bickfonfta	বিচক্ষণতা
bicokfonfta	বিচক্ষণতা
bickfonfota	বিচক্ষণতা
buver	বুভের
rwbtfder	রোবটদের
rwbotfder	রোবটদের
rwbtfoder	রোবটদের
ketfecfi	কেটেছি
punrrnirrmanf	পুনর্নির্মাণ
punorrnirrmanf	পুনর্নির্মাণ
subidhe	সুবিধে
pur	পুর
etobar	এতবার
pfer	ফের
tfauner	টাউনের
paboliker	পাবলিকের
merudnfdfer	মেরুদণ্ডের
merudonfdfer	মেরুদণ্ডের
bivajn	বিভাজন
bivajon	বিভাজন
marbna	মারবনা
marobona	মারবনা
marobna	মারবনা
marbona	মারবনা
kthz	কথ্য
kothz	কথ্য
dqsftfike	দৃষ্টিকে
maruk	মারুক
katffmistri	কাঠমিস্ত্রি
katffomistri	কাঠমিস্ত্রি
adibasiider	আদিবাসীদের
martesi	মারতেসি
marotesi	মারতেসি
beilish	বেইলিশ
harrstf	হার্স্ট
udzm	উদ্যম
udzom	উদ্যম
pfiliposer	ফিলিপসের
saddamer	সাদ্দামের
basote	বাসতে
parmishon	পারমিশন
paromishon	পারমিশন
gzalahzadf	গ্যালাহ্যাড
agra	আগ্রা
sen	সেন
gfwmtfa	ঘোমটা
gfwmotfa	ঘোমটা
griikder	গ্রীকদের
griikoder	গ্রীকদের
erikoo	এরিকঃ
pwsf	পোষ
valobasai	ভালবাসাই
kwldf	কোল্ড
bidzut	বিদ্যুত
elar	এলার
pfredfw	ফ্রেডো
montor	মন্তর
hepbarrn	হেপবার্ন
hepobarrn	হেপবার্ন
cita	চিতা
cacat	চাচাত
maja	মাজা
marrks	মার্ক্স
manusfokew	মানুষকেও
bajevabe	বাজেভাবে
praidf	প্রাইড
kobji	কব্জি
muurrt	মূর্ত
prmanfgulw	প্রমাণগুলো
promanfgulw	প্রমাণগুলো
prmanfogulw	প্রমাণগুলো
edfres	এড্রেস
cipfer	চিফের
krm	ক্রম
krom	ক্রম
banaben	বানাবেন
dehabshesf	দেহাবশেষ
dehaboshesf	দেহাবশেষ
lagabw	লাগাবো
samanzoi	সামান্যই
gfurt	ঘুরত
gfurot	ঘুরত
ostragar	অস্ত্রাগার
nabikora	নাবিকরা
rkfiira	রক্ষীরা
rokfiira	রক্ষীরা
morena	মরেনা
saikwljistf	সাইকোলজিস্ট
saikwlojistf	সাইকোলজিস্ট
gganoi	জ্ঞানই
tabwl	তাবোল
niooshobd	নিঃশব্দ
jljzant	জলজ্যান্ত
joljzant	জলজ্যান্ত
jlojzant	জলজ্যান্ত
dfakolam	ডাকলাম
bemanan	বেমানান
tulob	তুলব
rwjeli	রোজেলি
enjelaoo	এঞ্জেলাঃ
abwl	আবোল
tfal	টাল
sxbadpotr	সংবাদপত্র
soxbadpotr	সংবাদপত্র
sxbadopotr	সংবাদপত্র
ceinotfa	চেইনটা
thrrnotfn	থর্নটন
thorrnotfn	থর্নটন
thrrnotfon	থর্নটন
madkasokt	মাদকাসক্ত
madokasokt	মাদকাসক্ত
grrv	গর্ভ
gorrv	গর্ভ
meshinogulw	মেশিনগুলো
somabesh	সমাবেশ
vanggw	ভাঙ্গো
nikwlai	নিকোলাই
bwnotfa	বোনটা
bols	বলস
bolos	বলস
potakar	পতাকার
hasimukhe	হাসিমুখে
somjfwtar	সমঝোতার
somojfwtar	সমঝোতার
dfakolen	ডাকলেন
lwkjnow	লোকজনও
lwkojonow	লোকজনও
lwkojnow	লোকজনও
lwkjonow	লোকজনও
ekgfnftfa	একঘণ্টা
ekogfnftfa	একঘণ্টা
ekgfonftfa	একঘণ্টা
ascfna	আসছনা
asocfna	আসছনা
ascfona	আসছনা
stfraidfar	স্ট্রাইডার
picfer	পিছের
pfailotfi	ফাইলটি
paniif	পানিই
bodhuu	বধূ
kwnwkicfu	কোনোকিছু
samii	সামী
pfranj	ফ্রাঞ্জ
etfarow	এটারও
bzaristfan	ব্যারিস্টান
regular	রেগুলার
duutabaser	দূতাবাসের
ajur	আজুর
pecfnotfa	পেছনটা
pecfonotfa	পেছনটা
marcfen	মারছেন
marocfen	মারছেন
ramacndra	রামাচন্দ্রা
ramacondra	রামাচন্দ্রা
bujfla	বুঝলা
bujfola	বুঝলা
tfekosoi	টেকসই
damtfa	দামটা
damotfa	দামটা
bzurw	ব্যুরো
tirskar	তিরস্কার
tiroskar	তিরস্কার
ralopf	রালফ
dffwl	ঢোল
musftfi	মুষ্টি
thakina	থাকিনা
badhte	বাধতে
badhote	বাধতে
rajsakfiir	রাজসাক্ষীর
rajosakfiir	রাজসাক্ষীর
prbnota	প্রবনতা
probnota	প্রবনতা
prbonota	প্রবনতা
banatam	বানাতাম
accfadit	আচ্ছাদিত
doridrer	দরিদ্রের
marselaser	মারসেলাসের
maroselaser	মারসেলাসের
ahornf	আহরণ
ahoronf	আহরণ
babbake	বাব্বাকে
kwken	কোকেন
kapfelar	কাফেলার
kreji	ক্রেজি
sajte	সাজতে
sajote	সাজতে
dla	দলা
dola	দলা
bripfkesotfa	ব্রিফকেসটা
bripfokesotfa	ব্রিফকেসটা
oxshtfuku	অংশটুকু
oxshotfuku	অংশটুকু
bwicitrz	বৈচিত্র্য
asoten	আসতেন
nebulas	নেবুলাস
ihai	ইহাই
aitacfi	আইতাছি
kutfnwitik	কুটনৈতিক
kutfonwitik	কুটনৈতিক
krrneloke	কর্নেলকে
korrneloke	কর্নেলকে
gfwrate	ঘোরাতে
bwuddher	বৌদ্ধের
jerar	জেরার
upkarita	উপকারিতা
upokarita	উপকারিতা
invaitf	ইনভাইট
inovaitf	ইনভাইট
harman	হারমান
haroman	হারমান
telapwkar	তেলাপোকার
korisoni	করিসনি
bajpakhi	বাজপাখি
bajopakhi	বাজপাখি
dfanpasher	ডানপাশের
dfanopasher	ডানপাশের
sxgrhe	সংগ্রহে
soxgrhe	সংগ্রহে
sxgrohe	সংগ্রহে
sxkor	সংকর
soxkor	সংকর
nobojatk	নবজাতক
nobojatok	নবজাতক
kitfsonar	কিটসনার
kitfosonar	কিটসনার
indira	ইন্দিরা
magona	মাগনা
prekfite	প্রেক্ষিতে
vairasotfa	ভাইরাসটা
bndhnii	বন্ধনী
bondhnii	বন্ধনী
bndhonii	বন্ধনী
piknike	পিকনিকে
pikonike	পিকনিকে
jinisopotre	জিনিসপত্রে
maikeler	মাইকেলের
prpfullta	প্রফুল্লতা
propfullta	প্রফুল্লতা
prpfullota	প্রফুল্লতা
beili	বেইলি
jahajgulw	জাহাজগুলো
jahajogulw	জাহাজগুলো
ermdhzei	এরমধ্যেই
eromdhzei	এরমধ্যেই
ermodhzei	এরমধ্যেই
hebbi	হেব্বি
beshiw	বেশিও
nisfkqti	নিষ্কৃতি
sura	সুরা
rekn	রেকন
rekon	রেকন
pagulw	পাগুলো
iran	ইরান
onurrbor	অনুর্বর
inpfekshon	ইনফেকশন
inopfekshon	ইনফেকশন
inpfekoshon	ইনফেকশন
shishutfike	শিশুটিকে
asew	আসেও
upadaner	উপাদানের
amstfardfame	আমস্টারডামে
amostfardfame	আমস্টারডামে
amstfarodfame	আমস্টারডামে
abrrton	আবর্তন
aborrton	আবর্তন
brazini	ব্রাযিনি
dhut	ধুত
vittik	ভিত্তিক
ranfiike	রাণীকে
parsentf	পারসেন্ট
parosentf	পারসেন্ট
sotrrkobanii	সতর্কবানী
sotorrkobanii	সতর্কবানী
bilupti	বিলুপ্তি
sorabe	সরাবে
oliv	অলিভ
cflna	ছলনা
cfolna	ছলনা
cflona	ছলনা
maidfaser	মাইডাসের
saranw	সারানো
norkii	নরকী
norokii	নরকী
mular	মুলার
pfwnow	ফোনও
vumite	ভুমিতে
kwnwtfai	কোনোটাই
ekush	একুশ
udvasit	উদ্ভাসিত
glase	গ্লাসে
jbele	জ্বেলে
kixsomzaner	কিংসম্যানের
mzakser	ম্যাক্সের
jbalai	জ্বালাই
khelai	খেলাই
gamje	গামজে
gamoje	গামজে
arrmar	আর্মার
singgapure	সিঙ্গাপুরে
obsh	অবশ
obosh	অবশ
hzamobarrgar	হ্যামবার্গার
rwsa	রোসা
majfkhanei	মাঝখানেই
majfokhanei	মাঝখানেই
prshikfonfprapt	প্রশিক্ষণপ্রাপ্ত
proshikfonfprapt	প্রশিক্ষণপ্রাপ্ত
prshikfonfoprapt	প্রশিক্ষণপ্রাপ্ত
ube	উবে
badhw	বাধো
grigs	গ্রিগস
grigos	গ্রিগস
ceiner	চেইনের
onekokei	অনেককেই
usul	উসুল
sxbadpotrer	সংবাদপত্রের
soxbadpotrer	সংবাদপত্রের
sxbadopotrer	সংবাদপত্রের
dfebra	ডেব্রা
bakztfa	বাক্যটা
bakzotfa	বাক্যটা
alomariir	আলমারীর
bkcfe	বকছে
bokcfe	বকছে
bkocfe	বকছে
gfuri	ঘুরি
penshoner	পেনশনের
penoshoner	পেনশনের
skulei	স্কুলেই
gonfzmanz	গণ্যমান্য
gonfzomanz	গণ্যমান্য
uuri	ঊরি
kesftf	কেষ্ট
cepecfe	চেপেছে
resopons	রেসপন্স
bsew	বসেও
bosew	বসেও
cwkhdutfw	চোখদুটো
cwkhodutfw	চোখদুটো
krrmiike	কর্মীকে
korrmiike	কর্মীকে
hautfener	হাউটেনের
gftfnatfai	ঘটনাটাই
gfotfnatfai	ঘটনাটাই
gftfonatfai	ঘটনাটাই
olimpaser	অলিম্পাসের
prshxsar	প্রশংসার
proshxsar	প্রশংসার
prshoxsar	প্রশংসার
dfijni	ডিজনি
dfijoni	ডিজনি
ilektfrisitfi	ইলেক্ট্রিসিটি
guligulw	গুলিগুলো
aiees	আইএএস
shunew	শুনেও
haiskule	হাইস্কুলে
dbidhabwdh	দ্বিধাবোধ
goriboder	গরিবদের
jzwtisfii	জ্যোতিষী
dfenijke	ডেনিজকে
dfenijoke	ডেনিজকে
golabaji	গলাবাজি
tarkar	তারকার
tarokar	তারকার
mahimar	মাহিমার
dfzab	ড্যাব
dawtw	দাওতো
aponojner	আপনজনের
aponojoner	আপনজনের
dfeltfar	ডেল্টার
shikhab	শিখাব
utffabe	উঠাবে
juma	জুমা
jwrpuurrbk	জোরপূর্বক
jwropuurrbk	জোরপূর্বক
jwrpuurrbok	জোরপূর্বক
tfzangki	ট্যাঙ্কি
muhuurrtow	মুহূর্তও
namtfai	নামটাই
namotfai	নামটাই
ajmol	আজমল
ajomol	আজমল
knoswl	কনসোল
konoswl	কনসোল
aenjelika	অ্যাঞ্জেলিকা
dhbxsstuup	ধ্বংসস্তূপ
dhboxsstuup	ধ্বংসস্তূপ
dhbxsostuup	ধ্বংসস্তূপ
vabiw	ভাবিও
porsporer	পরস্পরের
porosporer	পরস্পরের
namkora	নামকরা
namokora	নামকরা
mauntfener	মাউন্টেনের
dujnar	দুজনার
dujonar	দুজনার
sborup	স্বরুপ
sahozz	সাহয্য
rasuul	রাসূল
ketfecfilam	কেটেছিলাম
dfaivix	ডাইভিং
pfauntfene	ফাউন্টেনে
shunotecfi	শুনতেছি
clcfilam	চলছিলাম
colcfilam	চলছিলাম
clocfilam	চলছিলাম
stfzasii	স্ট্যাসী
peten	পেতেন
twroi	তোরই
mesar	মেসার
oporadhgulw	অপরাধগুলো
oporadhogulw	অপরাধগুলো
pfelcfen	ফেলছেন
pfelocfen	ফেলছেন
ovinob	অভিনব
sirina	সিরিনা
ummad	উম্মাদ
dffale	ঢালে
aendfrus	অ্যান্ড্রুস
mde	মদে
mode	মদে
pfara	ফারা
paloker	পালকের
shusk	শুস্ক
litfvingk	লিটভিঙ্ক
litfovingk	লিটভিঙ্ক
sxkhzatfi	সংখ্যাটি
soxkhzatfi	সংখ্যাটি
uddhqti	উদ্ধৃতি
pengguinora	পেঙ্গুইনরা
puri	পুরি
litfvingkke	লিটভিঙ্ককে
litfovingkke	লিটভিঙ্ককে
litfvingkoke	লিটভিঙ্ককে
dffukol	ঢুকল
tfaiuin	টাইউইন
spaidfi	স্পাইডি
pedrw	পেদ্রো
anidw	আনিদো
mwgw	মোগো
ciniw	চিনিও
blajar	ব্লাজার
sxgfrrsfe	সংঘর্ষে
soxgfrrsfe	সংঘর্ষে
sxgforrsfe	সংঘর্ষে
prjnon	প্রজনন
projnon	প্রজনন
prjonon	প্রজনন
tfwsftf	টোষ্ট
hajt	হাজত
hajot	হাজত
tfeknwlwji	টেকনোলোজি
tfekonwlwji	টেকনোলোজি
mzace	ম্যাচে
otithii	অতিথী
clol	চলল
colol	চলল
shikarider	শিকারিদের
ruupbtii	রূপবতী
ruupobotii	রূপবতী
ruupobtii	রূপবতী
ruupbotii	রূপবতী
dhum	ধুম
prbqtt	প্রবৃত্ত
probqtt	প্রবৃত্ত
sarrkele	সার্কেলে
tulnamuulok	তুলনামূলক
tulonamuulok	তুলনামূলক
mwukhik	মৌখিক
mzaper	ম্যাপের
kipar	কিপার
bzaxkei	ব্যাংকেই
hwtfelotfa	হোটেলটা
kotdur	কতদুর
kotodur	কতদুর
blecli	ব্লেচলি
blecoli	ব্লেচলি
upolobdh	উপলব্ধ
opfisotfa	অফিসটা
pailotfke	পাইলটকে
pailotfoke	পাইলটকে
pathorow	পাথরও
dfkumentfs	ডকুমেন্টস
dfokumentfs	ডকুমেন্টস
dfkumentfos	ডকুমেন্টস
niboddh	নিবদ্ধ
etfomer	এটমের
lemkwva	লেমকোভা
lemokwva	লেমকোভা
herecfe	হেরেছে
jampar	জাম্পার
martfike	মারটিকে
marotfike	মারটিকে
leksixtfn	লেক্সিংটন
leksixtfon	লেক্সিংটন
porshpathor	পরশপাথর
poroshpathor	পরশপাথর
porshopathor	পরশপাথর
dfga	ডগা
dfoga	ডগা
gfatfe	ঘাটে
widiner	ঐদিনের
apfa	আফা
prvuke	প্রভুকে
provuke	প্রভুকে
arww	আরোও
stfrzandf	স্ট্র্যান্ড
emi	এমি
ononumwdit	অননুমোদিত
kolzanfe	কল্যাণে
karrtuj	কার্তুজ
sharmzanas	শারম্যানাস
sharomzanas	শারম্যানাস
begtik	বেগতিক
begotik	বেগতিক
pfupfur	ফুফুর
kapurusfta	কাপুরুষতা
kapurusfota	কাপুরুষতা
hoicfi	হইছি
manaccfe	মানাচ্ছে
dfzaner	ড্যানের
dfkumentfari	ডকুমেন্টারি
dfokumentfari	ডকুমেন্টারি
rwlandf	রোলান্ড
kwthar	কোথার
pfasite	ফাসিতে
peil	পেইল
arrker	আর্কের
tfaune	টাউনে
aponojnoder	আপনজনদের
aponojonoder	আপনজনদের
likhecfilw	লিখেছিলো
babutfa	বাবুটা
mrrgan	মর্গান
morrgan	মর্গান
poricrrza	পরিচর্যা
poricorrza	পরিচর্যা
otfwpailotf	অটোপাইলট
telesomati	তেলেসমাতি
kani	কানি
pfatfate	ফাটাতে
karikalanke	কারিকালানকে
karikalanoke	কারিকালানকে
arrmira	আর্মিরা
tfapir	টাপির
srrbtroi	সর্বত্রই
sorrbtroi	সর্বত্রই
srrbotroi	সর্বত্রই
porkale	পরকালে
porokale	পরকালে
kendriivuut	কেন্দ্রীভূত
gfumaccfw	ঘুমাচ্ছো
komblotfa	কম্বলটা
kombolotfa	কম্বলটা
penir	পেনির
shoner	শনের
viaipi	ভিআইপি
melanw	মেলানো
sektha	সেকথা
sekotha	সেকথা
at	আত
oxke	অংকে
dwvasfii	দোভাষী
shutfarer	শুটারের
kwnoruup	কোনরূপ
dara	দারা
somvabnaw	সম্ভাবনাও
somvabonaw	সম্ভাবনাও
shudhore	শুধরে
samolabw	সামলাবো
apner	আপ্নের
morew	মরেও
aesistfzantf	অ্যাসিস্ট্যান্ট
nimjjit	নিমজ্জিত
nimojjit	নিমজ্জিত
khame	খামে
shktkore	শক্তকরে
shoktkore	শক্তকরে
shktokore	শক্তকরে
otirnjit	অতিরঞ্জিত
otironjit	অতিরঞ্জিত
mwna	মোনা
merike	মেরিকে
acfor	আছর
multobi	মুলতবি
mulotobi	মুলতবি
ajm	আজম
ajom	আজম
wparer	ওপারের
bag	বাগ
dfanar	ডানার
pkfew	পক্ষেও
pokfew	পক্ষেও
atxker	আতংকের
atoxker	আতংকের
dffukolam	ঢুকলাম
prtinidhir	প্রতিনিধির
protinidhir	প্রতিনিধির
manipeni	মানিপেনি
bisfotfa	বিষটা
stfkobrwkar	স্টকব্রোকার
stfokobrwkar	স্টকব্রোকার
jmkalw	জমকালো
jomokalw	জমকালো
jomkalw	জমকালো
jmokalw	জমকালো
krisotfwpfarke	ক্রিসটোফারকে
krisotfwpfaroke	ক্রিসটোফারকে
risarrce	রিসার্চে
damow	দামও
shikhore	শিখরে
goger	গগের
ajorail	আজরাইল
zmduut	যমদূত
zomoduut	যমদূত
zomduut	যমদূত
zmoduut	যমদূত
nirrdeshonar	নির্দেশনার
purwpurivabe	পুরোপুরিভাবে
shunuk	শুনুক
mdhzmangguli	মধ্যমাঙ্গুলি
modhzmangguli	মধ্যমাঙ্গুলি
mdhzomangguli	মধ্যমাঙ্গুলি
prrjnz	পর্জন্য
porrjnz	পর্জন্য
prrjonz	পর্জন্য
cwtf	চোট
bugite	বুগিতে
pfzalk	ফ্যাল্ক
sharrk	শার্ক
prtzkf	প্রত্যক্ষ
protzkf	প্রত্যক্ষ
prtzokf	প্রত্যক্ষ
dfisotfrikotfer	ডিসট্রিকটের
nakotfa	নাকটা
sirij	সিরিজ
shesfokqtzer	শেষকৃত্যের
bwishbik	বৈশ্বিক
krisotfwpfaroo	ক্রিসটোফারঃ
kamabw	কামাবো
aei	অ্যাই
pdfe	পডে
podfe	পডে
samolab	সামলাব
pfzaktforitfa	ফ্যাক্টরিটা
kwjfandai	কোঝান্দাই
tferesa	টেরেসা
witfake	ঐটাকে
poriskarvabe	পরিস্কারভাবে
poriskarovabe	পরিস্কারভাবে
oshant	অশান্ত
peshiir	পেশীর
tfestfer	টেস্টের
kpfiner	কফিনের
kopfiner	কফিনের
bodlawni	বদলাওনি
bodolawni	বদলাওনি
dwjkher	দোজখের
dwjokher	দোজখের
keri	কেরি
imon	ইমন
kunjapw	কুঞ্জাপো
minarel	মিনারেল
kunjapa	কুঞ্জাপা
upfpf	উফফ
upfopf	উফফ
takau	তাকাউ
komobzatf	কমব্যাট
kntfeinar	কন্টেইনার
kontfeinar	কন্টেইনার
guta	গুতা
uddeshzei	উদ্দেশ্যেই
preshar	প্রেশার
perecfilen	পেরেছিলেন
osxgti	অসংগতি
osoxgti	অসংগতি
osxgoti	অসংগতি
petfate	পেটাতে
opbad	অপবাদ
opobad	অপবাদ
okolzandf	অকল্যান্ড
carrz	চার্য
witfar	ঐটার
perecfilw	পেরেছিলো
dffakw	ঢাকো
pqthibiitei	পৃথিবীতেই
atmhara	আত্মহারা
atmohara	আত্মহারা
henorir	হেনরির
estail	এস্তাইল
cwrai	চোরাই
tffikotffakvabe	ঠিকঠাকভাবে
tffikotffakovabe	ঠিকঠাকভাবে
sajan	সাজান
rjarrser	রজার্সের
rojarrser	রজার্সের
shzutfix	শ্যুটিং
nojorer	নজরের
grinite	গ্রিনিতে
pfidfar	ফিডার
namtfaw	নামটাও
namotfaw	নামটাও
talu	তালু
gfnftfi	ঘণ্টি
gfonftfi	ঘণ্টি
hane	হানে
umarer	উমারের
brukoliner	ব্রুকলিনের
likhar	লিখার
abadkarii	আবাদকারী
abadokarii	আবাদকারী
ishqq	ইশ্
ishoqq	ইশ্
skarletfer	স্কারলেটের
skaroletfer	স্কারলেটের
tfrrc	টর্চ
tforrc	টর্চ
supfol	সুফল
jnosommukhe	জনসম্মুখে
jonosommukhe	জনসম্মুখে
susthe	সুস্থে
bidrup	বিদ্রুপ
prwtfwtfaip	প্রোটোটাইপ
pfwnotfi	ফোনটি
mjaw	মজাও
mojaw	মজাও
katfatam	কাটাতাম
komiunitfir	কমিউনিটির
tulatfa	তুলাটা
soptahanter	সপ্তাহান্তের
maxsashii	মাংসাশী
pzatfsike	প্যাটসিকে
pzatfosike	প্যাটসিকে
lalit	লালিত
pzatfsoke	প্যাটসকে
pzatfosoke	প্যাটসকে
mwntfe	মোন্টে
eksprese	এক্সপ্রেসে
eksoprese	এক্সপ্রেসে
poribaroi	পরিবারই
btf	বট
botf	বট
prsobkaliin	প্রসবকালীন
prosobkaliin	প্রসবকালীন
prsobokaliin	প্রসবকালীন
vwltfer	ভোল্টের
oshrddha	অশ্রদ্ধা
oshroddha	অশ্রদ্ধা
rwmancit	রোমাঞ্চিত
bibs	বিবস
bibos	বিবস
thakaroi	থাকারই
selopf	সেলফ
putere	পুতেরে
sotze	সত্যে
oparetfix	অপারেটিং
borke	বরকে
boroke	বরকে
nasar	নাসার
pfahim	ফাহিম
muuhurrt	মূহুর্ত
mulze	মুল্যে
jnwikoo	জনৈকঃ
jonwikoo	জনৈকঃ
medfikzaler	মেডিক্যালের
ditona	দিতনা
sftfeshoner	ষ্টেশনের
mhamanza	মহামান্যা
mohamanza	মহামান্যা
dfeineris	ডেইনেরিস
cirntn	চিরন্তন
cirontn	চিরন্তন
cirnton	চিরন্তন
smwk	স্মোক
mzanhatfne	ম্যানহাটনে
mzanohatfne	ম্যানহাটনে
mzanhatfone	ম্যানহাটনে
onuvuutike	অনুভূতিকে
kfzapa	ক্ষ্যাপা
shoriirei	শরীরেই
spese	স্পেসে
lava	লাভা
tfeknwdfrwm	টেকনোড্রোম
tfekonwdfrwm	টেকনোড্রোম
nami	নামি
katffmistrii	কাঠমিস্ত্রী
katffomistrii	কাঠমিস্ত্রী
lapfate	লাফাতে
tulecfile	তুলেছিলে
rker	রকের
roker	রকের
zuddhtfi	যুদ্ধটি
zuddhotfi	যুদ্ধটি
dfumer	ডুমের
tdarki	তদারকি
todaroki	তদারকি
todarki	তদারকি
tdaroki	তদারকি
onukuul	অনুকূল
gilte	গিলতে
gilote	গিলতে
shwukhin	শৌখিন
dadir	দাদির
gitf	গিট
dikotfai	দিকটাই
omulz	অমুল্য
pfalaicfe	ফালাইছে
susuke	সুসুকে
vulob	ভুলব
prthmjn	প্রথমজন
prothmjn	প্রথমজন
prthomjn	প্রথমজন
prthmojn	প্রথমজন
gfurtei	ঘুরতেই
gfurotei	ঘুরতেই
puujarii	পূজারী
jbalabw	জ্বালাবো
sontanow	সন্তানও
pisi	পিসি
dfakwtfa	ডাকোটা
mwlakat	মোলাকাত
katana	কাতানা
tfredfix	ট্রেডিং
prtfwkol	প্রটোকল
protfwkol	প্রটোকল
uccohasi	উচ্চহাসি
dfisuja	ডিসুজা
dhuke	ধুকে
poribarow	পরিবারও
gzag	গ্যাগ
capw	চাপো
satjn	সাতজন
satojon	সাতজন
satojn	সাতজন
satjon	সাতজন
raipfeler	রাইফেলের
shikhi	শিখি
siun	সিউন
golpoi	গল্পই
grrgder	গর্গদের
gorrgder	গর্গদের
grrgoder	গর্গদের
sbdesh	স্বদেশ
sbodesh	স্বদেশ
jannat	জান্নাত
hambaaa	হাম্বাআআ
dekhvaler	দেখভালের
dekhovaler	দেখভালের
vasfz	ভাষ্য
vangle	ভাঙলে
vangole	ভাঙলে
natonii	নাতনী
sunojor	সুনজর
klan	ক্লান
zfabitf	্যাবিট
pestfri	পেস্ট্রি
elijar	এলিজার
zfaptforder	্যাপ্টরদের
zfaptforoder	্যাপ্টরদের
keviner	কেভিনের
grinobw	গ্রিনবো
nodiitfa	নদীটা
shktimtta	শক্তিমত্তা
shoktimtta	শক্তিমত্তা
shktimotta	শক্তিমত্তা
kancner	কাঞ্চনের
kanconer	কাঞ্চনের
benfii	বেণী
onagt	অনাগত
onagot	অনাগত
zuddhbaj	যুদ্ধবাজ
zuddhobaj	যুদ্ধবাজ
prasnggikvabei	প্রাসঙ্গিকভাবেই
prasonggikvabei	প্রাসঙ্গিকভাবেই
prasnggikovabei	প্রাসঙ্গিকভাবেই
czampolen	চ্যাম্পলেন
tfepotfa	টেপটা
intfarseptfor	ইন্টারসেপ্টর
intfaroseptfor	ইন্টারসেপ্টর
otithider	অতিথিদের
arwhon	আরোহন
sohzer	সহ্যের
dilekoke	দিলেককে
sxmishrnf	সংমিশ্রণ
soxmishrnf	সংমিশ্রণ
sxmishronf	সংমিশ্রণ
hgsomidfe	হগসমিডে
hogsomidfe	হগসমিডে
hgosomidfe	হগসমিডে
knpfiushon	কনফিউশন
konpfiushon	কনফিউশন
knopfiushon	কনফিউশন
bndukow	বন্দুকও
bondukow	বন্দুকও
solwmoner	সলোমনের
jenike	জেনিকে
bmir	বমির
bomir	বমির
jnore	জনরে
jonore	জনরে
ekw	একো
pfeluk	ফেলুক
garrces	গার্চেস
pftfke	ফটকে
pfotfke	ফটকে
pftfoke	ফটকে
gftfaw	ঘটাও
gfotfaw	ঘটাও
moniber	মনিবের
witteri	ঐত্তেরি
abirrvab	আবির্ভাব
thawn	থাওন
tfikoka	টিককা
lwuri	লৌরি
pranfiitfar	প্রাণীটার
jzaspar	জ্যাস্পার
pentfagon	পেন্টাগন
katfi	কাটি
mesejer	মেসেজের
otzacarer	অত্যাচারের
grapfititfa	গ্রাফিতিটা
vanggacwra	ভাঙ্গাচোরা
janoti	জানতি
loreks	লরেক্স
muvitfar	মুভিটার
poriprekfite	পরিপ্রেক্ষিতে
bapfelw	বাফেলো
cwsfa	চোষা
gfuma	ঘুমা
khbish	খবিশ
khobish	খবিশ
sajabw	সাজাবো
bibrrnf	বিবর্ণ
biborrnf	বিবর্ণ
akangkfit	আকাঙ্ক্ষিত
omqt	অমৃত
aiemoepfer	আইএমএফের
gfzanogfzan	ঘ্যানঘ্যান
musftffi	মুষ্ঠি
dshtfi	দশটি
doshtfi	দশটি
dshotfi	দশটি
tfx	টং
tfox	টং
mehomanora	মেহমানরা
kerala	কেরালা
palabi	পালাবি
ckck	চকচক
cokocok	চকচক
cokck	চকচক
ckock	চকচক
somvashiba	সম্ভাশিবা
obujf	অবুঝ
polokei	পলকেই
jobabodihita	জবাবদিহিতা
salah	সালাহ
punrrjnom	পুনর্জনম
punorrjnom	পুনর্জনম
punrrjonom	পুনর্জনম
haha	হাহা
dflir	ডলির
dfolir	ডলির
nwipunfz	নৈপুণ্য
wsfudhgulw	ওষুধগুলো
wsfudhogulw	ওষুধগুলো
wbamar	ওবামার
badh	বাধ
gemar	গেমার
eksidfentfer	এক্সিডেন্টের
pzakejtfa	প্যাকেজটা
pzakejotfa	প্যাকেজটা
ragwv	রাগোভ
knzara	কন্যারা
konzara	কন্যারা
parbwif	পারবোই
parobwif	পারবোই
dwstwra	দোস্তোরা
dhutturi	ধুত্তুরি
gacfgulwr	গাছগুলোর
gacfogulwr	গাছগুলোর
kej	কেজ
gfsfa	ঘষা
gfosfa	ঘষা
maranw	মারানো
bwjfabe	বোঝাবে
bakqqpotfutapuurrnf	বাক্পটুতাপূর্ণ
bakoqqpotfutapuurrnf	বাক্পটুতাপূর্ণ
hobew	হবেও
khaler	খালের
manosikota	মানসিকতা
cihner	চিহ্নের
zanobahoner	যানবাহনের
khula	খুলা
mqtuzf	মৃতু্য
dffaika	ঢাইকা
katfakatfi	কাটাকাটি
sompadker	সম্পাদকের
sompadoker	সম্পাদকের
bahudfwre	বাহুডোরে
pane	পানে
wgulww	ওগুলোও
bndiike	বন্দীকে
bondiike	বন্দীকে
guccf	গুচ্ছ
samarrs	সামার্স
hauser	হাউসের
bztikrmsomuuh	ব্যতিক্রমসমূহ
bzotikrmsomuuh	ব্যতিক্রমসমূহ
bztikromsomuuh	ব্যতিক্রমসমূহ
bztikrmosomuuh	ব্যতিক্রমসমূহ
tfeksase	টেক্সাসে
tfzanis	ট্যানিস
kapcfe	কাপছে
kapocfe	কাপছে
bsecfile	বসেছিলে
bosecfile	বসেছিলে
suresh	সুরেশ
endfru	এন্ড্রু
monosthir	মনস্থির
nanotfaketf	নানটাকেট
ilsa	ইলসা
ilosa	ইলসা
tfuitf	টুইট
peintfixtfa	পেইন্টিংটা
baibelotfa	বাইবেলটা
bwtfks	বোটক্স
bwtfoks	বোটক্স
mdzp	মদ্যপ
modzp	মদ্যপ
mdzop	মদ্যপ
tuloben	তুলবেন
bence	বেঞ্চে
nakc	নাকচ
nakoc	নাকচ
mineswtfa	মিনেসোটা
bindumatrow	বিন্দুমাত্রও
batle	বাতলে
batole	বাতলে
prkqtite	প্রকৃতিতে
prokqtite	প্রকৃতিতে
puurrbavas	পূর্বাভাস
tfranojitf	ট্রানজিট
kqsfokera	কৃষকেরা
pfitfpfatf	ফিটফাট
pfitfopfatf	ফিটফাট
iunipfrrmer	ইউনিফর্মের
iunipforrmer	ইউনিফর্মের
soter	সতের
shikhben	শিখবেন
shikhoben	শিখবেন
smit	স্মিত
satore	সাতরে
oloraitf	অলরাইট
poriikfonf	পরীক্ষণ
mauth	মাউথ
kzantfin	ক্যান্টিন
plastfar	প্লাস্টার
mzagajiner	ম্যাগাজিনের
axshik	আংশিক
duurtbtfa	দূরত্বটা
duurotbtfa	দূরত্বটা
duurtbotfa	দূরত্বটা
rein	রেইন
vin	ভিন
paicf	পাইছ
zahqq	যাহ্
zahoqq	যাহ্
shhure	শহুরে
shohure	শহুরে
madkdrbz	মাদকদ্রব্য
madokdrbz	মাদকদ্রব্য
madkodrbz	মাদকদ্রব্য
madkdrobz	মাদকদ্রব্য
jzanas	জ্যানাস
bigfn	বিঘ্ন
keboli	কেবলি
morlei	মরলেই
morolei	মরলেই
smfcalit	সঞ্চালিত
somfcalit	সঞ্চালিত
pvu	পভু
povu	পভু
popkrrn	পপকর্ন
popokrrn	পপকর্ন
popkorrn	পপকর্ন
dxshon	দংশন
doxshon	দংশন
saiim	সাঈম
ekobarei	একবারেই
gethe	গেথে
khelole	খেললে
niki	নিকি
kukurtfake	কুকুরটাকে
kukurotfake	কুকুরটাকে
anate	আনাতে
shalababu	শালাবাবু
kobei	কবেই
samira	সামিরা
dfzanser	ড্যান্সের
sxggatfa	সংজ্ঞাটা
soxggatfa	সংজ্ঞাটা
valwbasatfa	ভালোবাসাটা
lakher	লাখের
balaner	বালানের
gfwsf	ঘোষ
molu	মলু
onumane	অনুমানে
lindfse	লিন্ডসে
lindfose	লিন্ডসে
pzarasaitf	প্যারাসাইট
khujei	খুজেই
dbarprante	দ্বারপ্রান্তে
dbaroprante	দ্বারপ্রান্তে
runi	রুনি
pfrexk	ফ্রেংক
shonir	শনির
mter	মতের
moter	মতের
runir	রুনির
twmaderkei	তোমাদেরকেই
twmaderokei	তোমাদেরকেই
kiubate	কিউবাতে
tfuke	টুকে
tottbabodhan	তত্ত্বাবধান
kwdaikanal	কোদাইকানাল
ethenser	এথেন্সের
haidfrwkarrbn	হাইড্রোকার্বন
haidfrwkarrbon	হাইড্রোকার্বন
vabolen	ভাবলেন
patffaben	পাঠাবেন
giirrja	গীর্জা
otithike	অতিথিকে
cfatriike	ছাত্রীকে
dhbxsoliila	ধ্বংসলীলা
dhboxsoliila	ধ্বংসলীলা
pdobii	পদবী
podobii	পদবী
szntfi	স্যন্টি
szontfi	স্যন্টি
masftfor	মাষ্টর
jakka	জাক্কা
manggama	মাঙ্গামা
kamix	কামিং
saxketik	সাংকেতিক
bwkamir	বোকামির
nihit	নিহিত
abodur	আবদুর
pfsoler	ফসলের
pfosoler	ফসলের
bidhan	বিধান
ostrtfi	অস্ত্রটি
ostrotfi	অস্ত্রটি
vangeni	ভাঙেনি
piramidfer	পিরামিডের
tfrzavarrs	ট্র্যাভার্স
nagorikoke	নাগরিককে
allahoi	আল্লাহই
hori	হরি
bicer	বিচের
kakar	কাকার
prcarnfa	প্রচারণা
procarnfa	প্রচারণা
prcaronfa	প্রচারণা
lzavendfarer	ল্যাভেন্ডারের
nevate	নেভাতে
khani	খানি
angule	আঙুলে
cikna	চিকনা
cikona	চিকনা
dekhss	দেখসস
dekhoss	দেখসস
dekhsos	দেখসস
eidf	এইড
bernini	বেরনিনি
beronini	বেরনিনি
vwtfer	ভোটের
juboli	জুবলি
kameshborii	কামেশ্বরী
gwbore	গোবরে
bwnow	বোনও
pixk	পিংক
hixsatmk	হিংসাত্মক
hixsatmok	হিংসাত্মক
cuixgamer	চুইংগামের
gurutbhiin	গুরুত্বহীন
gurutbohiin	গুরুত্বহীন
bisfonfnta	বিষণ্ণতা
bisfonfnota	বিষণ্ণতা
shaliike	শালীকে
miimaxsit	মীমাংসিত
iventf	ইভেন্ট
shiigroi	শীগ্রই
gfwrer	ঘোরের
monusfztb	মনুষ্যত্ব
monusfzotb	মনুষ্যত্ব
valobasobw	ভালবাসবো
rajaw	রাজাও
rshnir	রশ্নির
roshnir	রশ্নির
shbshurmshai	শ্বশুরমশাই
shboshurmshai	শ্বশুরমশাই
shbshuromshai	শ্বশুরমশাই
shbshurmoshai	শ্বশুরমশাই
shtkora	শতকরা
shotkora	শতকরা
shtokora	শতকরা
ratdin	রাতদিন
ratodin	রাতদিন
pusfe	পুষে
portw	পরতো
porotw	পরতো
partecfi	পারতেছি
parotecfi	পারতেছি
neire	নেইরে
ezfaluminatfider	এ্যালুমিনাটিদের
dfakadfaki	ডাকাডাকি
nagavelir	নাগাভেলির
nagavelike	নাগাভেলিকে
mtei	মতেই
motei	মতেই
bwjfabw	বোঝাবো
dfalopala	ডালপালা
berwccfi	বেরোচ্ছি
bwjfena	বোঝেনা
dahz	দাহ্য
kzapcar	ক্যাপচার
kzapocar	ক্যাপচার
segulwif	সেগুলোই
shikfanobis	শিক্ষানবিস
kidfnzapar	কিডন্যাপার
kidfonzapar	কিডন্যাপার
itfs	ইটস
itfos	ইটস
witihzgt	ঐতিহ্যগত
witihzogt	ঐতিহ্যগত
witihzgot	ঐতিহ্যগত
pflurtf	ফ্লুরট
pflurotf	ফ্লুরট
prjapotir	প্রজাপতির
projapotir	প্রজাপতির
lzaxtfa	ল্যাংটা
puurrbnirrdharit	পূর্বনির্ধারিত
puurrbonirrdharit	পূর্বনির্ধারিত
deboraj	দেবরাজ
dshjner	দশজনের
doshjner	দশজনের
dshojner	দশজনের
dshjoner	দশজনের
pusftfikor	পুষ্টিকর
tamasa	তামাসা
banaicfw	বানাইছো
kalima	কালিমা
namhiin	নামহীন
namohiin	নামহীন
shtfer	শটের
shotfer	শটের
kagjpotrer	কাগজপত্রের
kagojpotrer	কাগজপত্রের
kagjopotrer	কাগজপত্রের
cakorite	চাকরিতে
katfcfil	কাটছিল
katfocfil	কাটছিল
aitase	আইতাসে
snggt	সঙ্গত
songgt	সঙ্গত
snggot	সঙ্গত
thamolam	থামলাম
cinoben	চিনবেন
endfrwmidfa	এন্ড্রোমিডা
balokoke	বালককে
bittoban	বিত্তবান
vuloval	ভুলভাল
valwbasaw	ভালোবাসাও
posaidfner	পসাইডনের
posaidfoner	পসাইডনের
sadasidha	সাদাসিধা
obhelit	অবহেলিত
obohelit	অবহেলিত
bzbodhan	ব্যবধান
bzobodhan	ব্যবধান
mastfarrdf	মাস্টার্ড
tfenw	টেনো
parrshbdesh	পার্শ্বদেশ
parrshbodesh	পার্শ্বদেশ
pfitfj	ফিটজ
pfitfoj	ফিটজ
twirite	তৈরিতে
janws	জানোস
pushkiner	পুশকিনের
pushokiner	পুশকিনের
carkwna	চারকোনা
carokwna	চারকোনা
enogejmentfer	এনগেজমেন্টের
enogejomentfer	এনগেজমেন্টের
mekap	মেকাপ
rktoi	রক্তই
roktoi	রক্তই
kerani	কেরানি
rupar	রুপার
gpfur	গফুর
gopfur	গফুর
uddiipona	উদ্দীপনা
smfcar	সঞ্চার
somfcar	সঞ্চার
aerestf	অ্যারেস্ট
tfrapfike	ট্রাফিকে
jutatfa	জুতাটা
sobgulake	সবগুলাকে
sobogulake	সবগুলাকে
lupar	লুপার
galer	গালের
veri	ভেরি
dfinamaitf	ডিনামাইট
anobena	আনবেনা
alla	আল্লা
bzakul	ব্যাকুল
hete	হেতে
peshentf	পেশেন্ট
pajler	পাজলের
pajoler	পাজলের
vzalite	ভ্যালিতে
masud	মাসুদ
knpfiujdf	কনফিউজড
konpfiujdf	কনফিউজড
knopfiujdf	কনফিউজড
knpfiujodf	কনফিউজড
kotqpkf	কতৃপক্ষ
kotqpokf	কতৃপক্ষ
inosepshon	ইনসেপশন
inoseposhon	ইনসেপশন
susbasthz	সুস্বাস্থ্য
aenggas	অ্যাঙ্গাস
tfarrki	টার্কি
kristfwpfarer	ক্রিস্টোফারের
batitfa	বাতিটা
verwnika	ভেরোনিকা
tfwr	টোর
gwgw	গোগো
arrmdf	আর্মড
arrmodf	আর্মড
zfwr	্যোর
etwkfone	এতোক্ষনে
bzathatfa	ব্যাথাটা
msjider	মসজিদের
mosojider	মসজিদের
mosjider	মসজিদের
msojider	মসজিদের
sompdshalii	সম্পদশালী
sompodshalii	সম্পদশালী
sompdoshalii	সম্পদশালী
hiisw	হীসো
dhbs	ধ্বস
dhbos	ধ্বস
korcfwna	করছোনা
korocfwna	করছোনা
mishra	মিশ্রা
dhattari	ধাত্তারি
jenevar	জেনেভার
vupatit	ভুপাতিত
kqsfnamuurrti	কৃষ্ণামূর্তি
uddam	উদ্দাম
purskqt	পুরস্কৃত
puroskqt	পুরস্কৃত
onzdik	অন্যদিক
onzodik	অন্যদিক
dwsfe	দোষে
ulotfapalotfa	উলটাপালটা
gftfle	ঘটলে
gfotfle	ঘটলে
gftfole	ঘটলে
tfredf	ট্রেড
thana	থানা
kzashe	ক্যাশে
amanot	আমানত
czw	চ্যো
muni	মুনি
drrshonarrthii	দর্শনার্থী
dorrshonarrthii	দর্শনার্থী
pakistanii	পাকিস্তানী
pngkhiiraj	পঙ্খীরাজ
pongkhiiraj	পঙ্খীরাজ
kimi	কিমি
daner	দানের
khujw	খুজো
kfar	ক্ষার
lutha	লুথা
haramjadara	হারামজাদারা
haramojadara	হারামজাদারা
shrwtader	শ্রোতাদের
takaccfis	তাকাচ্ছিস
bwjfab	বোঝাব
niramisf	নিরামিষ
kxgraculeshonos	কংগ্রাচুলেশনস
koxgraculeshonos	কংগ্রাচুলেশনস
tfrup	ট্রুপ
kaper	কাপের
mwtfka	মোটকা
mwtfoka	মোটকা
erce	এরচে
eroce	এরচে
damoi	দামই
tfuristf	টুরিস্ট
mistri	মিস্ত্রি
gfoniivuut	ঘনীভূত
kumarer	কুমারের
malokin	মালকিন
clakaliin	চলাকালীন
colakaliin	চলাকালীন
bzatfsi	ব্যাটসি
bzatfosi	ব্যাটসি
prtimuurrti	প্রতিমূর্তি
protimuurrti	প্রতিমূর্তি
gjabe	গজাবে
gojabe	গজাবে
somiikornfer	সমীকরণের
somiikoronfer	সমীকরণের
shada	শাদা
parrthasarathir	পার্থাসারাথির
cintashkti	চিন্তাশক্তি
cintashokti	চিন্তাশক্তি
behal	বেহাল
lipmzaner	লিপম্যানের
lipomzaner	লিপম্যানের
kptfar	কপ্টার
koptfar	কপ্টার
hzarison	হ্যারিসন
injine	ইঞ্জিনে
arrkitfektf	আর্কিটেক্ট
beimani	বেইমানি
tfdfi	টডি
tfodfi	টডি
thameni	থামেনি
musftfzagfat	মুষ্ট্যাঘাত
kqsfikaj	কৃষিকাজ
simentf	সিমেন্ট
shah	শাহ
garrdfke	গার্ডকে
garrdfoke	গার্ডকে
khutfinatfi	খুটিনাটি
jadukarinii	জাদুকারিনী
tfetf	টেট
utffecf	উঠেছ
ciji	চিজি
gulww	গুলোও
vidfiwtfi	ভিডিওটি
poriskarer	পরিস্কারের
tapiw	তাপিও
remedfiser	রেমেডিসের
ridfik	রিডিক
rbe	রবে
robe	রবে
bzatfarir	ব্যাটারির
mugdhkor	মুগ্ধকর
mugdhokor	মুগ্ধকর
vinnta	ভিন্নতা
vinnota	ভিন্নতা
liila	লীলা
mzarimak	ম্যারিমাক
sobaikew	সবাইকেও
brrborta	বর্বরতা
borrborta	বর্বরতা
brrborota	বর্বরতা
jinjas	জিঞ্জাস
ongkita	অঙ্কিতা
aepol	অ্যাপল
hzagen	হ্যাগেন
kotfakfpat	কটাক্ষপাত
kotfakfopat	কটাক্ষপাত
ziishuke	যীশুকে
bremen	ব্রেমেন
elobarrtf	এলবার্ট
jwne	জোনে
lidfarer	লিডারের
obtiirrnf	অবতীর্ণ
obotiirrnf	অবতীর্ণ
nogoriite	নগরীতে
senabahiniike	সেনাবাহিনীকে
khular	খুলার
ruupk	রূপক
ruupok	রূপক
tfanobw	টানবো
iurwpwler	ইউরোপোলের
olpkicfu	অল্পকিছু
olpokicfu	অল্পকিছু
dfenir	ডেনির
saborina	সাবরিনা
katfix	কাটিং
appu	আপ্পু
parrsentf	পার্সেন্ট
rwmanwr	রোমানোর
mekanikzal	মেকানিক্যাল
pitfarer	পিটারের
gwmejer	গোমেজের
onodhikar	অনধিকার
kenan	কেনান
vascfe	ভাসছে
vasocfe	ভাসছে
kwnfar	কোণার
gdfpfrer	গডফ্রের
godfpfrer	গডফ্রের
gdfopfrer	গডফ্রের
arbi	আরবি
arobi	আরবি
dfresix	ড্রেসিং
mhaplabn	মহাপ্লাবন
mohaplabn	মহাপ্লাবন
mhaplabon	মহাপ্লাবন
sohixsota	সহিংসতা
viisfonfvabe	ভীষণভাবে
viisfonfovabe	ভীষণভাবে
netqtber	নেতৃত্বের
mwralesoke	মোরালেসকে
stfarrkder	স্টার্কদের
stfarrkoder	স্টার্কদের
premikoke	প্রেমিককে
purskartfi	পুরস্কারটি
puroskartfi	পুরস্কারটি
purskarotfi	পুরস্কারটি
kanda	কান্দা
sprautf	স্প্রাউট
orrpon	অর্পন
ejznoi	এজ্যনই
ejzonoi	এজ্যনই
bktbzer	বক্তব্যের
boktbzer	বক্তব্যের
bktobzer	বক্তব্যের
alomari	আলমারি
lores	লরেস
simas	সিমাস
ovikrrsf	অভিকর্ষ
ovikorrsf	অভিকর্ষ
snggiiter	সঙ্গীতের
songgiiter	সঙ্গীতের
akhlak	আখলাক
akholak	আখলাক
nzuunotom	ন্যূনতম
kavaletfis	কাভালেটিস
gipfqqtf	গিফ্ট
gipfoqqtf	গিফ্ট
citfe	চিটে
tfki	টকি
tfoki	টকি
bishper	বিশপের
bishoper	বিশপের
somszatfar	সমস্যাটার
somoszatfar	সমস্যাটার
mukkame	মুক্কামে
knvins	কনভিন্স
konvins	কনভিন্স
knovins	কনভিন্স
sbasthzban	স্বাস্থ্যবান
sbasthzoban	স্বাস্থ্যবান
stfarrkora	স্টার্করা
kixdfmer	কিংডমের
kixdfomer	কিংডমের
swlwjwke	সোলোজোকে
muhuri	মুহুরি
haijzak	হাইজ্যাক
hajarerow	হাজারেরও
kwnfa	কোণা
pwrrtfki	পোর্টকি
pwrrtfoki	পোর্টকি
dorjaguli	দরজাগুলি
dorojaguli	দরজাগুলি
vadris	ভাদ্রিস
pampkin	পাম্পকিন
pampokin	পাম্পকিন
tesiw	তেসিও
plese	প্লেসে
madker	মাদকের
madoker	মাদকের
pfutfcfe	ফুটছে
pfutfocfe	ফুটছে
iwsepf	ইওসেফ
gunocfi	গুনছি
twkoma	তোকমা
renetfw	রেনেটো
zarrgke	যার্গকে
zarrgoke	যার্গকে
ceis	চেইস
zarrger	যার্গের
maikrwbtf	মাইক্রোবট
maikrwbotf	মাইক্রোবট
mitrshkti	মিত্রশক্তি
mitroshkti	মিত্রশক্তি
mitrshokti	মিত্রশক্তি
bzthake	ব্যথাকে
bzothake	ব্যথাকে
aebagnali	অ্যাবাগ্নালি
sfe	ষে
sbarrthportar	স্বার্থপরতার
sbarrthoportar	স্বার্থপরতার
sbarrthporotar	স্বার্থপরতার
unmwcit	উন্মোচিত
tu	তু
sigaretfotfa	সিগারেটটা
aendfir	অ্যান্ডির
pwstfkarrdf	পোস্টকার্ড
pwstfokarrdf	পোস্টকার্ড
jenain	জেনাইন
asadharn	আসাধারন
asadharon	আসাধারন
dshtfar	দশটার
doshtfar	দশটার
dshotfar	দশটার
odhom	অধম
huiji	হুইজি
jarjer	জারজের
jarojer	জারজের
durrgondhozukt	দুর্গন্ধযুক্ত
gobetf	গবেট
lzanodfn	ল্যানডন
lzanodfon	ল্যানডন
geitfe	গেইটে
swinikora	সৈনিকরা
plutfw	প্লুটো
sigonwra	সিগনোরা
bztikrmii	ব্যতিক্রমী
bzotikrmii	ব্যতিক্রমী
bztikromii	ব্যতিক্রমী
bipotti	বিপত্তি
norbe	নরবে
norobe	নরবে
menon	মেনন
danobtfa	দানবটা
danobotfa	দানবটা
cekow	চেকও
kntfinentfal	কন্টিনেন্টাল
kontfinentfal	কন্টিনেন্টাল
semira	সেমিরা
ekorer	একরের
lagolen	লাগলেন
unmadna	উন্মাদনা
unmadona	উন্মাদনা
shpe	শপে
shope	শপে
prthmobarei	প্রথমবারেই
prothmobarei	প্রথমবারেই
prthomobarei	প্রথমবারেই
gavii	গাভী
bacfur	বাছুর
merudndfe	মেরুদন্ডে
merudondfe	মেরুদন্ডে
nakhwsh	নাখোশ
dfaboliner	ডাবলিনের
prcndfvabe	প্রচন্ডভাবে
procndfvabe	প্রচন্ডভাবে
prcondfvabe	প্রচন্ডভাবে
prcndfovabe	প্রচন্ডভাবে
madforik	মাডরিক
son	সন
aenjelw	অ্যাঞ্জেলো
zntre	যন্ত্রে
zontre	যন্ত্রে
onggusftff	অঙ্গুষ্ঠ
marlen	মারলেন
marolen	মারলেন
upkornf	উপকরণ
upokornf	উপকরণ
upkoronf	উপকরণ
prbrrton	প্রবর্তন
probrrton	প্রবর্তন
prborrton	প্রবর্তন
dhoniira	ধনীরা
marrsi	মার্সি
rautfix	রাউটিং
bathorumtfa	বাথরুমটা
bathorumotfa	বাথরুমটা
jarrsi	জার্সি
lzaptfenentf	ল্যাপ্টেনেন্ট
swjasaptfa	সোজাসাপ্টা
khulei	খুলেই
beraccfe	বেরাচ্ছে
aipdf	আইপড
aipodf	আইপড
palal	পালাল
srrbshesfe	সর্বশেষে
sorrbshesfe	সর্বশেষে
srrboshesfe	সর্বশেষে
amerikanw	আমেরিকানো
naitfixgel	নাইটিংগেল
siifw	সিইও
drutotom	দ্রুততম
kwlakjuhioo	কোলাকজুহিঃ
kwlakojuhioo	কোলাকজুহিঃ
pfoinni	ফইন্নি
mopfetf	মফেট
shktihiin	শক্তিহীন
shoktihiin	শক্তিহীন
banaini	বানাইনি
banas	বানাস
ridfl	রিডল
ridfol	রিডল
tfraskke	ট্রাস্ককে
tfraskoke	ট্রাস্ককে
dfaker	ডাকের
vedapalanite	ভেদাপালানিতে
puurne	পূরনে
puurone	পূরনে
calacali	চালাচালি
cfwtfkal	ছোটকাল
cfwtfokal	ছোটকাল
pinfdfi	পিণ্ডি
veb	ভেব
avaoo	আভাঃ
jwkotfa	জোকটা
mzandfi	ম্যান্ডি
czalenjer	চ্যালেঞ্জের
bzarikedf	ব্যারিকেড
bikrit	বিক্রিত
akosmikvabe	আকস্মিকভাবে
akosmikovabe	আকস্মিকভাবে
sbpkfe	স্বপক্ষে
sbopkfe	স্বপক্ষে
sbpokfe	স্বপক্ষে
agevagei	আগেভাগেই
cara	চারা
istpfa	ইস্তফা
istopfa	ইস্তফা
shuukorer	শূকরের
kumarke	কুমারকে
kumaroke	কুমারকে
jinisgulwr	জিনিসগুলোর
jinisogulwr	জিনিসগুলোর
asotacfe	আসতাছে
tfenecfen	টেনেছেন
berw	বেরো
kars	কারস
karos	কারস
pfraidfe	ফ্রাইডে
mudrar	মুদ্রার
cew	চেও
cwracalan	চোরাচালান
calaccfw	চালাচ্ছো
tulokalam	তুলকালাম
pfeil	ফেইল
prcark	প্রচারক
procark	প্রচারক
prcarok	প্রচারক
dfraiver	ড্রাইভের
kiuban	কিউবান
thmke	থমকে
thomke	থমকে
thmoke	থমকে
tforpedfw	টরপেডো
tforopedfw	টরপেডো
bibstr	বিবস্ত্র
bibostr	বিবস্ত্র
tffandfar	ঠান্ডার
zwddhake	যোদ্ধাকে
bodomashder	বদমাশদের
bodomashoder	বদমাশদের
jixks	জিংক্স
becarake	বেচারাকে
sebn	সেবন
sebon	সেবন
piccir	পিচ্চির
zwgztar	যোগ্যতার
zwgzotar	যোগ্যতার
panfdfulipi	পাণ্ডুলিপি
jnjaler	জঞ্জালের
jonjaler	জঞ্জালের
mjak	মজাক
mojak	মজাক
prkhzat	প্রখ্যাত
prokhzat	প্রখ্যাত
papetf	পাপেট
subidher	সুবিধের
rijke	রিজকে
rijoke	রিজকে
rngger	রঙ্গের
rongger	রঙ্গের
megfmala	মেঘমালা
megfomala	মেঘমালা
ixrejiite	ইংরেজীতে
cwlader	চোলাদের
dharnfe	ধারণে
dharonfe	ধারণে
ckfuzugol	চক্ষুযুগল
cokfuzugol	চক্ষুযুগল
cumur	চুমুর
logoin	লগইন
jerikw	জেরিকো
klinik	ক্লিনিক
harbar	হারবার
harobar	হারবার
duurdrrshii	দূরদর্শী
duurodrrshii	দূরদর্শী
duurdorrshii	দূরদর্শী
grrdpf	গর্দফ
gorrdpf	গর্দফ
grrdopf	গর্দফ
kiubar	কিউবার
jldszura	জলদস্যুরা
joldszura	জলদস্যুরা
jlodszura	জলদস্যুরা
jldoszura	জলদস্যুরা
danshiil	দানশীল
danoshiil	দানশীল
kuraish	কুরাইশ
pentfhauj	পেন্টহাউজ
pentfohauj	পেন্টহাউজ
stfrberii	স্ট্রবেরী
stfroberii	স্ট্রবেরী
pzaketfe	প্যাকেটে
muminin	মুমিনিন
oviggtasompnn	অভিজ্ঞতাসম্পন্ন
oviggotasompnn	অভিজ্ঞতাসম্পন্ন
oviggtasomponn	অভিজ্ঞতাসম্পন্ন
amirul	আমিরুল
uix	উইং
drbzsamgrii	দ্রব্যসামগ্রী
drobzsamgrii	দ্রব্যসামগ্রী
drbzosamgrii	দ্রব্যসামগ্রী
drbzsamogrii	দ্রব্যসামগ্রী
rwga	রোগা
bujftecf	বুঝতেছ
bujfotecf	বুঝতেছ
ekolai	একলাই
khrrb	খর্ব
khorrb	খর্ব
milate	মিলাতে
banocwt	বানচোত
mrrdfore	মর্ডরে
morrdfore	মর্ডরে
rakhl	রাখল
rakhol	রাখল
haci	হাচি
tarke	তারকে
taroke	তারকে
shisf	শিষ
laik	লাইক
takaroo	তাকারঃ
shamser	শামসের
shamoser	শামসের
dfaktartfa	ডাক্তারটা
dfaktarotfa	ডাক্তারটা
rubarb	রুবারব
rubarob	রুবারব
khppore	খপ্পরে
khoppore	খপ্পরে
manjanan	মাঞ্জানান
mwc	মোচ
mrrdfor	মর্ডর
morrdfor	মর্ডর
parvej	পারভেজ
parovej	পারভেজ
shukanwr	শুকানোর
mngglobarer	মঙ্গলবারের
mongglobarer	মঙ্গলবারের
mnggolobarer	মঙ্গলবারের
namoben	নামবেন
galp	গাল্প
tfaubar	টাউবার
cfeletfakew	ছেলেটাকেও
kostfigan	কস্টিগান
culotfa	চুলটা
ahoo	আহঃ
anis	আনিস
shikhaccfi	শিখাচ্ছি
krudfs	ক্রুডস
krudfos	ক্রুডস
kuttatfar	কুত্তাটার
tqpt	তৃপ্ত
prstabe	প্রস্তাবে
prostabe	প্রস্তাবে
porcfena	পরছেনা
porocfena	পরছেনা
osthirta	অস্থিরতা
osthirota	অস্থিরতা
khelini	খেলিনি
basii	বাসী
rktmakha	রক্তমাখা
roktmakha	রক্তমাখা
rktomakha	রক্তমাখা
tffelatffeli	ঠেলাঠেলি
zetfuku	যেটুকু
bzakpzake	ব্যাকপ্যাকে
bzakopzake	ব্যাকপ্যাকে
rivendfele	রিভেন্ডেলে
marcfis	মারছিস
marocfis	মারছিস
gru	গ্রু
sottbe	সত্ত্বে
jihade	জিহাদে
dfwrmzan	ডোরম্যান
dfwromzan	ডোরম্যান
sbadtfa	স্বাদটা
sbadotfa	স্বাদটা
keni	কেনি
kostfelwke	কস্টেলোকে
klariiwn	ক্লারীওন
koitasi	কইতাসি
emonkicfu	এমনকিছু
emonokicfu	এমনকিছু
vumika	ভুমিকা
pipin	পিপিন
tfrzap	ট্র্যাপ
poriikfit	পরীক্ষিত
lusike	লুসিকে
bnetf	বনেট
bonetf	বনেট
dfrzagon	ড্র্যাগন
sushi	সুশি
rkome	রকমে
rokome	রকমে
koratei	করাতেই
ranostfk	রানস্টক
ranostfok	রানস্টক
vabwni	ভাবোনি
pthnirrdesh	পথনির্দেশ
pothnirrdesh	পথনির্দেশ
pthonirrdesh	পথনির্দেশ
niuje	নিউজে
ekscenj	এক্সচেঞ্জ
eksocenj	এক্সচেঞ্জ
pzales	প্যালেস
rimuval	রিমুভাল
pudfikin	পুডিকিন
sheripfer	শেরিফের
baijantfain	বাইজান্টাইন
ummm	উম্মম
ummom	উম্মম
abe	আবে
later	লাতের
ekaki	একাকি
pfeber	ফেবের
ludouig	লুদউইগ
blger	ব্লগের
bloger	ব্লগের
stfainar	স্টাইনার
sciboo	সচিবঃ
sociboo	সচিবঃ
lutfpatf	লুটপাট
lutfopatf	লুটপাট
jqq	জ্
joqq	জ্
vinnmt	ভিন্নমত
vinnomt	ভিন্নমত
vinnmot	ভিন্নমত
parrnw	পার্নো
dffukecf	ঢুকেছ
jagobe	জাগবে
kejibi	কেজিবি
sonod	সনদ
dfner	ডনের
dfoner	ডনের
sxbidhaner	সংবিধানের
soxbidhaner	সংবিধানের
lancfna	লাঞ্ছনা
lancfona	লাঞ্ছনা
kpiraitf	কপিরাইট
kopiraitf	কপিরাইট
khader	খাদের
janobei	জানবেই
pfeu	ফেউ
rnggin	রঙ্গিন
ronggin	রঙ্গিন
pfelobena	ফেলবেনা
lahwr	লাহোর
haramkhwr	হারামখোর
haramokhwr	হারামখোর
aembesiite	অ্যাম্বেসীতে
rwjgar	রোজগার
rwjogar	রোজগার
utfer	উটের
rutfir	রুটির
imeile	ইমেইলে
poritqpti	পরিতৃপ্তি
bsotir	বসতির
bosotir	বসতির
jfi	ঝি
srrbshkti	সর্বশক্তি
sorrbshkti	সর্বশক্তি
srrboshkti	সর্বশক্তি
srrbshokti	সর্বশক্তি
blshein	ব্লশেইন
bloshein	ব্লশেইন
kenakatfar	কেনাকাটার
kwdfix	কোডিং
sontrasobadii	সন্ত্রাসবাদী
shikfarrthiir	শিক্ষার্থীর
tfrangk	ট্রাঙ্ক
temonotfiif	তেমনটিই
pattai	পাত্তাই
baijantfainer	বাইজান্টাইনের
bzagogulw	ব্যাগগুলো
ckrtfa	চক্রটা
cokrtfa	চক্রটা
ckrotfa	চক্রটা
gfassaner	ঘাসসানের
gfasosaner	ঘাসসানের
bahkoke	বাহককে
bahokoke	বাহককে
kip	কিপ
ekgfontfa	একঘন্টা
ekogfontfa	একঘন্টা
manat	মানাত
opfartfa	অফারটা
opfarotfa	অফারটা
pracz	প্রাচ্য
bitrrkit	বিতর্কিত
bitorrkit	বিতর্কিত
artfem	আরটেম
arotfem	আরটেম
rivenj	রিভেঞ্জ
lukaccfe	লুকাচ্ছে
dwlna	দোলনা
dwlona	দোলনা
ripabolikan	রিপাবলিকান
jnmecfilam	জন্মেছিলাম
jonmecfilam	জন্মেছিলাম
bishesfgger	বিশেষজ্ঞের
bishesfogger	বিশেষজ্ঞের
sathesathei	সাথেসাথেই
sabmisiver	সাবমিসিভের
sabomisiver	সাবমিসিভের
hhh	হহহ
hohoh	হহহ
hohh	হহহ
hhoh	হহহ
nsftff	নষ্ঠ
nosftff	নষ্ঠ
prhar	প্রহার
prohar	প্রহার
geil	গেইল
hapi	হাপি
korbenona	করবেননা
korobenona	করবেননা
edfisoner	এডিসনের
upfqq	উফ্
upfoqq	উফ্
nirrqqthk	নিরর্থক
nirorqqthk	নিরর্থক
nirroqqthk	নিরর্থক
nirrqqthok	নিরর্থক
pradhanz	প্রাধান্য
mwhe	মোহে
bkshish	বকশিশ
bokshish	বকশিশ
bkoshish	বকশিশ
snggi	সঙ্গি
songgi	সঙ্গি
tffai	ঠাই
bwle	বোলে
mitf	মিট
khunwkhuni	খুনোখুনি
prcarnfar	প্রচারণার
procarnfar	প্রচারণার
prcaronfar	প্রচারণার
kukurra	কুকুররা
kukurora	কুকুররা
oxshgulw	অংশগুলো
oxshogulw	অংশগুলো
onztfar	অন্যটার
onzotfar	অন্যটার
aetfaker	অ্যাটাকের
taderoi	তাদেরই
hisabtfa	হিসাবটা
hisabotfa	হিসাবটা
somtulz	সমতুল্য
somotulz	সমতুল্য
cekoap	চেকআপ
kotqk	কতৃক
edfike	এডিকে
kompner	কম্পনের
komponer	কম্পনের
onztha	অন্যথা
onzotha	অন্যথা
jarrves	জার্ভেস
lwkomukhe	লোকমুখে
tfritf	ট্রিট
cuktipotrer	চুক্তিপত্রের
monwhor	মনোহর
kfudarrth	ক্ষুদার্থ
dhrub	ধ্রুব
jurider	জুরিদের
karsaji	কারসাজি
karosaji	কারসাজি
prestfij	প্রেস্টিজ
gfumaccfen	ঘুমাচ্ছেন
nzjobzam	ন্যজব্যাম
nzojobzam	ন্যজব্যাম
pfarrbor	ফার্বর
accfnn	আচ্ছন্ন
accfonn	আচ্ছন্ন
tfraveler	ট্রাভেলের
bodhuutfa	বধূটা
khulen	খুলেন
poribrrtonshiil	পরিবর্তনশীল
poriborrtonshiil	পরিবর্তনশীল
poribrrtonoshiil	পরিবর্তনশীল
valobasis	ভালবাসিস
porikolpnakarii	পরিকল্পনাকারী
porikolponakarii	পরিকল্পনাকারী
khei	খেই
saje	সাজে
enake	এনাকে
brrdfener	বর্ডেনের
borrdfener	বর্ডেনের
shipftfe	শিফটে
shipfotfe	শিফটে
pepfarbarrg	পেফারবার্গ
pepfarobarrg	পেফারবার্গ
umqq	উম্
umoqq	উম্
karner	কারনের
karoner	কারনের
ckwletfer	চকোলেটের
cokwletfer	চকোলেটের
papatma	পাপাত্মা
monak	মনাক
nzakha	ন্যাখা
onisftf	অনিষ্ট
anli	আনলি
anoli	আনলি
cfelegulw	ছেলেগুলো
tff	ঠ
rkfita	রক্ষিতা
rokfita	রক্ষিতা
kzakotfas	ক্যাকটাস
subasit	সুবাসিত
rbinoson	রবিনসন
robinoson	রবিনসন
hoicfw	হইছো
bilasobhul	বিলাসবহুল
bilasobohul	বিলাসবহুল
tffakurer	ঠাকুরের
talute	তালুতে
edfvans	এডভান্স
edfovans	এডভান্স
prsiddh	প্রসিদ্ধ
prosiddh	প্রসিদ্ধ
helqq	হেল্
heloqq	হেল্
tinotfe	তিনটে
gipftfer	গিফটের
gipfotfer	গিফটের
kqsfnfgohoborer	কৃষ্ণগহবরের
kqsfnfogohoborer	কৃষ্ণগহবরের
resipir	রেসিপির
mhakrrsfer	মহাকর্ষের
mohakrrsfer	মহাকর্ষের
mhakorrsfer	মহাকর্ষের
mdhzakrrsfonf	মধ্যাকর্ষণ
modhzakrrsfonf	মধ্যাকর্ষণ
mdhzakorrsfonf	মধ্যাকর্ষণ
hajte	হাজতে
hajote	হাজতে
harle	হারলে
harole	হারলে
shikhecfen	শিখেছেন
dfrixker	ড্রিংকের
bluberi	ব্লুবেরি
otfwte	অটোতে
puurrbpurusfora	পূর্বপুরুষরা
puurrbopurusfora	পূর্বপুরুষরা
plzazaw	প্ল্যাযাও
pfwnkol	ফোনকল
pfwnokol	ফোনকল
gaibw	গাইবো
omornfshiil	অমরণশীল
omoronfshiil	অমরণশীল
omornfoshiil	অমরণশীল
cfnde	ছন্দে
cfonde	ছন্দে
kole	কলে
omortber	অমরত্বের
omorotber	অমরত্বের
cfauni	ছাউনি
potfe	পটে
menute	মেনুতে
shashbt	শাশ্বত
shashbot	শাশ্বত
bodlabena	বদলাবেনা
bodolabena	বদলাবেনা
azfsgarrdfe	আ্যসগার্ডে
azfosgarrdfe	আ্যসগার্ডে
azfsogarrdfe	আ্যসগার্ডে
ilektfrnik	ইলেক্ট্রনিক
ilektfronik	ইলেক্ট্রনিক
inotfilijens	ইনটিলিজেন্স
twshiba	তোশিবা
krzakw	ক্র্যাকো
gwcfaw	গোছাও
digonte	দিগন্তে
twsfamwd	তোষামোদ
kolijar	কলিজার
aepwlw	অ্যাপোলো
pzatfrikoke	প্যাট্রিককে
aekadfemi	অ্যাকাডেমি
dwulter	দৌলতের
dwuloter	দৌলতের
krnas	ক্রনাস
kronas	ক্রনাস
bhonkarii	বহনকারী
bohonokarii	বহনকারী
bohonkarii	বহনকারী
bhonokarii	বহনকারী
gecfilen	গেছিলেন
utffecfw	উঠেছো
vobisfzdbanfiir	ভবিষ্যদ্বাণীর
vobisfzodbanfiir	ভবিষ্যদ্বাণীর
gwsftffiir	গোষ্ঠীর
renatfa	রেনাটা
renatfar	রেনাটার
rumaler	রুমালের
bktbze	বক্তব্যে
boktbze	বক্তব্যে
bktobze	বক্তব্যে
wsobe	ওসবে
patfatone	পাটাতনে
khunkharabii	খুনখারাবী
khunokharabii	খুনখারাবী
bqddhder	বৃদ্ধদের
bqddhoder	বৃদ্ধদের
tivan	তিভান
melw	মেলো
atngkjnk	আতঙ্কজনক
atongkjnk	আতঙ্কজনক
atngkojnk	আতঙ্কজনক
atngkjonk	আতঙ্কজনক
tfwken	টোকেন
akqtite	আকৃতিতে
budhobare	বুধবারে
lukale	লুকালে
banaccfil	বানাচ্ছিল
kqt	কৃত
bagdade	বাগদাদে
bagodade	বাগদাদে
krzs	ক্র্যস
krzos	ক্র্যস
gwdfaune	গোডাউনে
rejina	রেজিনা
plzazawte	প্ল্যাযাওতে
gtibege	গতিবেগে
gotibege	গতিবেগে
munna	মুন্না
purapori	পুরাপরি
salwman	সালোমান
dhqqdhxs	ধ্ধংস
dhoqqdhxs	ধ্ধংস
dhqqdhoxs	ধ্ধংস
twgw	তোগো
adid	আদিদ
wrow	ওরও
tfelipwrrtfeshon	টেলিপোর্টেশন
serecfe	সেরেছে
tfuistf	টুইস্ট
tfuliw	টুলিও
khunira	খুনিরা
sxkolp	সংকল্প
soxkolp	সংকল্প
zuddhbirtir	যুদ্ধবিরতির
zuddhobirtir	যুদ্ধবিরতির
zuddhbirotir	যুদ্ধবিরতির
shrutike	শ্রুতিকে
shrutir	শ্রুতির
porecfen	পরেছেন
bwjfaccf	বোঝাচ্ছ
sies	সিএস
prtibcfor	প্রতিবছর
protibcfor	প্রতিবছর
prtibocfor	প্রতিবছর
seivabe	সেইভাবে
widik	ঐদিক
kukurgulw	কুকুরগুলো
kukurogulw	কুকুরগুলো
buthe	বুথে
utqqpat	উত্পাত
utoqqpat	উত্পাত
shzampu	শ্যাম্পু
orrthobh	অর্থবহ
orrthoboh	অর্থবহ
bistor	বিস্তর
cupicupi	চুপিচুপি
banat	বানাত
pdkfeper	পদক্ষেপের
podkfeper	পদক্ষেপের
pdokfeper	পদক্ষেপের
bakara	বাকারা
bzandfe	ব্যান্ডে
kinocfw	কিনছো
tfanocfi	টানছি
sjja	সজ্জা
sojja	সজ্জা
spsftft	স্পষ্টত
sposftft	স্পষ্টত
spsftfot	স্পষ্টত
durrboltar	দুর্বলতার
durrbolotar	দুর্বলতার
ambrelar	আম্ব্রেলার
lwkgula	লোকগুলা
lwkogula	লোকগুলা
singgara	সিঙ্গারা
somrrthkder	সমর্থকদের
somorrthkder	সমর্থকদের
somrrthokder	সমর্থকদের
somrrthkoder	সমর্থকদের
mhasomudr	মহাসমুদ্র
mohasomudr	মহাসমুদ্র
vaitfi	ভাইটি
rxdhonur	রংধনুর
roxdhonur	রংধনুর
vngger	ভঙ্গের
vongger	ভঙ্গের
kzamerate	ক্যামেরাতে
prrbe	পর্বে
porrbe	পর্বে
matlamii	মাতলামী
matolamii	মাতলামী
birwdhiita	বিরোধীতা
manibzage	মানিব্যাগে
omitav	অমিতাভ
lwmer	লোমের
pfzashoner	ফ্যাশনের
lix	লিং
pleg	প্লেগ
zuktir	যুক্তির
pfolei	ফলেই
mlan	ম্লান
anggw	আঙ্গো
pinc	পিঞ্চ
buddhishuddhi	বুদ্ধিশুদ্ধি
dharekacfew	ধারেকাছেও
hzamoburrge	হ্যামবুর্গে
tfrzakartfa	ট্র্যাকারটা
tfrzakarotfa	ট্র্যাকারটা
mucki	মুচকি
mucoki	মুচকি
maskitfar	মাস্কিটার
osopfol	অসফল
khida	খিদা
militfarider	মিলিটারিদের
nirrdwsfer	নির্দোষের
tothze	তথ্যে
gftfnaw	ঘটনাও
gfotfnaw	ঘটনাও
gftfonaw	ঘটনাও
rastatfi	রাস্তাটি
idurer	ইদুরের
asamipkf	আসামিপক্ষ
asamipokf	আসামিপক্ষ
giri	গিরি
lavoi	লাভই
dekhalam	দেখালাম
dau	দাউ
nirrbanf	নির্বাণ
ekadfemiite	একাডেমীতে
wpash	ওপাশ
obojektf	অবজেক্ট
bamertfa	বামেরটা
bamerotfa	বামেরটা
jfamelai	ঝামেলাই
sahelu	সাহেলু
kosftfarrjit	কষ্টার্জিত
suurrzgrhonf	সূর্যগ্রহণ
suurrzogrhonf	সূর্যগ্রহণ
suurrzgrohonf	সূর্যগ্রহণ
sompuurrnfoi	সম্পূর্ণই
barrliner	বার্লিনের
potngg	পতঙ্গ
potongg	পতঙ্গ
haraccf	হারাচ্ছ
apiil	আপীল
prdhanot	প্রধানত
prodhanot	প্রধানত
krutfi	ক্রুটি
gfwsfonfakarii	ঘোষণাকারী
ahoban	আহবান
prtibndhkota	প্রতিবন্ধকতা
protibndhkota	প্রতিবন্ধকতা
prtibondhkota	প্রতিবন্ধকতা
prtibndhokota	প্রতিবন্ধকতা
iishboroi	ঈশ্বরই
sbccfta	স্বচ্ছতা
sboccfta	স্বচ্ছতা
sbccfota	স্বচ্ছতা
kcfe	কছে
kocfe	কছে
mamun	মামুন
medfivzak	মেডিভ্যাক
kivab	কিভাব
bxshe	বংশে
boxshe	বংশে
punorabqttir	পুনরাবৃত্তির
ruddhshbas	রুদ্ধশ্বাস
ruddhoshbas	রুদ্ধশ্বাস
pinwkiw	পিনোকিও
lupfe	লুফে
thim	থিম
bwldf	বোল্ড
bibadiir	বিবাদীর
pzagan	প্যাগান
egwccfi	এগোচ্ছি
pitamata	পিতামাতা
agamiikaloke	আগামীকালকে
namajer	নামাজের
cular	চুলার
kutffar	কুঠার
caloker	চালকের
kiitfer	কীটের
meshanw	মেশানো
ljjakor	লজ্জাকর
lojjakor	লজ্জাকর
jnmgrhon	জন্মগ্রহন
jonmgrhon	জন্মগ্রহন
jnmogrhon	জন্মগ্রহন
jnmgrohon	জন্মগ্রহন
ruls	রুলস
rulos	রুলস
htfe	হটে
hotfe	হটে
shuunote	শূনতে
khulini	খুলিনি
sontwsfjnk	সন্তোষজনক
sontwsfojnk	সন্তোষজনক
sontwsfjonk	সন্তোষজনক
sontwsfjnok	সন্তোষজনক
vinogrhii	ভিনগ্রহী
vinogrohii	ভিনগ্রহী
sedikei	সেদিকেই
tfisahik	টিসাহিক
shikhanw	শিখানো
stfrukar	স্ট্রুকার
suja	সুজা
karrtiker	কার্তিকের
cfbitfite	ছবিটিতে
cfobitfite	ছবিটিতে
veripfai	ভেরিফাই
esendfar	এসেন্ডার
prdrrshoner	প্রদর্শনের
prodrrshoner	প্রদর্শনের
prdorrshoner	প্রদর্শনের
przakotfiser	প্র্যাকটিসের
skrine	স্ক্রিনে
ekpthe	একপথে
ekopthe	একপথে
ekpothe	একপথে
etfenshon	এটেনশন
etfenoshon	এটেনশন
gela	গেলা
shur	শুর
cahoni	চাহনি
khedomt	খেদমত
khedomot	খেদমত
nsftfer	নষ্টের
nosftfer	নষ্টের
pdm	পদ্ম
podm	পদ্ম
tarporer	তারপরের
taroporer	তারপরের
kndfishon	কন্ডিশন
kondfishon	কন্ডিশন
jimmike	জিম্মিকে
tfripol	ট্রিপল
disi	দিসি
mzagnetfw	ম্যাগ্নেটো
kinw	কিনো
bastobtake	বাস্তবতাকে
bastobotake	বাস্তবতাকে
akrmnfe	আক্রমণে
akromnfe	আক্রমণে
akrmonfe	আক্রমণে
inpfinitfi	ইনফিনিটি
inopfinitfi	ইনফিনিটি
babbah	বাব্বাহ
came	চামে
siwk	সিওক
kukurgulwke	কুকুরগুলোকে
kukurogulwke	কুকুরগুলোকে
ekomukhii	একমুখী
pfrii	ফ্রী
prdhanomontriioo	প্রধানমন্ত্রীঃ
prodhanomontriioo	প্রধানমন্ত্রীঃ
ostrdharii	অস্ত্রধারী
ostrodharii	অস্ত্রধারী
adhipotz	আধিপত্য
uporow	উপরও
kragolin	ক্রাগলিন
gurutorvabe	গুরুতরভাবে
gurutorovabe	গুরুতরভাবে
sletfar	স্লেটার
thrr	থরর
thorr	থরর
kax	কাং
gamwrake	গামোরাকে
nikku	নিক্কু
jfornar	ঝরনার
jforonar	ঝরনার
marten	মারতেন
maroten	মারতেন
tfeks	টেক্স
dadajii	দাদাজী
ckkore	চক্করে
cokkore	চক্করে
alovin	আলভিন
binggw	বিঙ্গো
bodomashi	বদমাশি
jurikhe	জুরিখে
vidza	ভিদ্যা
prbolem	প্রবলেম
probolem	প্রবলেম
sadhubabake	সাধুবাবাকে
armitfej	আরমিটেজ
aromitfej	আরমিটেজ
baruder	বারুদের
dhrrsfok	ধর্ষক
dhorrsfok	ধর্ষক
abwltabwl	আবোলতাবোল
abwlotabwl	আবোলতাবোল
karlenkwke	কারলেনকোকে
karolenokwke	কারলেনকোকে
karolenkwke	কারলেনকোকে
karlenokwke	কারলেনকোকে
hirqq	হির্
hiroqq	হির্
dfubate	ডুবাতে
lncar	লঞ্চার
loncar	লঞ্চার
tfivitfa	টিভিটা
singk	সিঙ্ক
barbebiutfenl	বারবেবিউটেনল
barobebiutfenl	বারবেবিউটেনল
barbebiutfenol	বারবেবিউটেনল
tfimksilin	টিমক্সিলিন
tfimoksilin	টিমক্সিলিন
pfzalkn	ফ্যাল্কন
pfzalkon	ফ্যাল্কন
gfwufl	ঘোউল
zddur	যদ্দুর
zoddur	যদ্দুর
dekhcfena	দেখছেনা
dekhocfena	দেখছেনা
sbvabtoi	স্বভাবতই
sbovabtoi	স্বভাবতই
sbvabotoi	স্বভাবতই
rekrrdfe	রেকর্ডে
rekorrdfe	রেকর্ডে
obsadogrsth	অবসাদগ্রস্থ
obosadogrsth	অবসাদগ্রস্থ
obsadogrosth	অবসাদগ্রস্থ
simante	সিমান্তে
kftikark	ক্ষতিকারক
kfotikark	ক্ষতিকারক
kftikarok	ক্ষতিকারক
udvider	উদ্ভিদের
bujfcfna	বুঝছনা
bujfocfna	বুঝছনা
bujfcfona	বুঝছনা
bassthaner	বাসস্থানের
basosthaner	বাসস্থানের
bujfaccfw	বুঝাচ্ছো
montriisvar	মন্ত্রীসভার
montriisovar	মন্ত্রীসভার
pentfagoner	পেন্টাগনের
nojirbihiin	নজিরবিহীন
nojirobihiin	নজিরবিহীন
dfubanw	ডুবানো
niurwtfksin	নিউরোটক্সিন
niurwtfoksin	নিউরোটক্সিন
jnogwsftffii	জনগোষ্ঠী
jonogwsftffii	জনগোষ্ঠী
andfarkvar	আন্ডারকভার
andfarokvar	আন্ডারকভার
andfarkovar	আন্ডারকভার
katfl	কাটল
katfol	কাটল
tfraujar	ট্রাউজার
sakfate	সাক্ষাতে
prdhanoder	প্রধানদের
prodhanoder	প্রধানদের
mtfor	মটর
motfor	মটর
prhor	প্রহর
prohor	প্রহর
kansase	কান্সাসে
ixrejder	ইংরেজদের
ixrejoder	ইংরেজদের
gzaswlin	গ্যাসোলিন
mwu	মৌ
mau	মাউ
tffelw	ঠেলো
barrbara	বার্বারা
vdrmhilagon	ভদ্রমহিলাগন
vodrmhilagon	ভদ্রমহিলাগন
vdromhilagon	ভদ্রমহিলাগন
vdrmohilagon	ভদ্রমহিলাগন
dfastf	ডাস্ট
upkuuler	উপকূলের
upokuuler	উপকূলের
harrvike	হার্ভিকে
tfnir	টনির
tfonir	টনির
gfonotb	ঘনত্ব
pormanfur	পরমাণুর
poromanfur	পরমাণুর
zugantkarii	যুগান্তকারী
zugantokarii	যুগান্তকারী
iishborprdtt	ঈশ্বরপ্রদত্ত
iishboroprdtt	ঈশ্বরপ্রদত্ত
iishborprodtt	ঈশ্বরপ্রদত্ত
iishborprdott	ঈশ্বরপ্রদত্ত
rwmanora	রোমানরা
komiunistfder	কমিউনিস্টদের
komiunistfoder	কমিউনিস্টদের
deshpremik	দেশপ্রেমিক
deshopremik	দেশপ্রেমিক
mzakokzulikh	ম্যাকক্যুলিখ
basobw	বাসবো
peshir	পেশির
sontraser	সন্ত্রাসের
sibili	সিবিলি
puurrnfangg	পূর্ণাঙ্গ
nanur	নানুর
dehgulwke	দেহগুলোকে
dehogulwke	দেহগুলোকে
dfminik	ডমিনিক
dfominik	ডমিনিক
bujfena	বুঝেনা
mei	মেই
shrrtgulw	শর্তগুলো
shorrtgulw	শর্তগুলো
shrrtogulw	শর্তগুলো
pflp	ফ্লপ
pflop	ফ্লপ
khwkamoni	খোকামনি
lupt	লুপ্ত
dfupliketf	ডুপ্লিকেট
komandfarke	কমান্ডারকে
komandfaroke	কমান্ডারকে
pangkha	পাঙ্খা
clecf	চলেছ
colecf	চলেছ
aivori	আইভরি
altw	আলতো
alotw	আলতো
pfelolei	ফেললেই
dfilarer	ডিলারের
sadharnfer	সাধারণের
sadharonfer	সাধারণের
mutffw	মুঠো
letfike	লেটিকে
etotfukuw	এতটুকুও
raili	রাইলি
cluk	চলুক
coluk	চলুক
kixdfme	কিংডমে
kixdfome	কিংডমে
lagab	লাগাব
guboletf	গুবলেট
tfelipfwner	টেলিফোনের
netfiv	নেটিভ
abuler	আবুলের
patw	পাতো
sanshain	সানশাইন
sanoshain	সানশাইন
onupat	অনুপাত
bujfai	বুঝাই
betonow	বেতনও
cuktitfi	চুক্তিটি
pzankekos	প্যানকেকস
pzanokekos	প্যানকেকস
gfura	ঘুরা
rwdfqq	রোড্
rwdfoqq	রোড্
vallagcfe	ভাল্লাগছে
vallagocfe	ভাল্লাগছে
palnkrrta	পালনকর্তা
palonkrrta	পালনকর্তা
palnokrrta	পালনকর্তা
palnkorrta	পালনকর্তা
sundoriir	সুন্দরীর
iudfeski	ইউডেস্কি
setfle	সেটলে
setfole	সেটলে
tposbiir	তপস্বীর
toposbiir	তপস্বীর
gfumwccfi	ঘুমোচ্ছি
bekarite	বেকারিতে
bugimzan	বুগিম্যান
reinomekar	রেইনমেকার
kotfn	কটন
kotfon	কটন
vdrlwkera	ভদ্রলোকেরা
vodrlwkera	ভদ্রলোকেরা
vdrolwkera	ভদ্রলোকেরা
ashrit	আশ্রিত
boipotr	বইপত্র
vexci	ভেংচি
dicfis	দিছিস
ostfin	অস্টিন
harrdfi	হার্ডি
orrdhekow	অর্ধেকও
kzatfer	ক্যাটের
beka	বেকা
erporoi	এরপরই
eroporoi	এরপরই
milanw	মিলানো
intferestfix	ইন্টেরেস্টিং
besftfit	বেষ্টিত
investf	ইনভেস্ট
inovestf	ইনভেস্ট
kortecfilam	করতেছিলাম
korotecfilam	করতেছিলাম
janotena	জানতেনা
mhadesh	মহাদেশ
mohadesh	মহাদেশ
sumon	সুমন
dfanfdfa	ডাণ্ডা
htzazgg	হত্যাযজ্ঞ
hotzazgg	হত্যাযজ্ঞ
htzazogg	হত্যাযজ্ঞ
citrkrrm	চিত্রকর্ম
citrokrrm	চিত্রকর্ম
citrkorrm	চিত্রকর্ম
dffukob	ঢুকব
uttejnapuurrnf	উত্তেজনাপূর্ণ
uttejonapuurrnf	উত্তেজনাপূর্ণ
dfasokomb	ডাসকম্ব
sbarrther	স্বার্থের
rw	রো
ruupanjel	রূপাঞ্জেল
umoo	উমঃ
saxbadikota	সাংবাদিকতা
vwkta	ভোক্তা
gacftfar	গাছটার
gacfotfar	গাছটার
kortecfen	করতেছেন
korotecfen	করতেছেন
pfirt	ফিরত
pfirot	ফিরত
tfipote	টিপতে
mhadesher	মহাদেশের
mohadesher	মহাদেশের
kridfir	ক্রিডির
rajmistri	রাজমিস্ত্রি
rajomistri	রাজমিস্ত্রি
egiith	এগীথ
kzarwlin	ক্যারোলিন
silogala	সিলগালা
kortena	করতেনা
korotena	করতেনা
pagoloi	পাগলই
nzatfalii	ন্যাটালী
beshzake	বেশ্যাকে
pormanobik	পরমানবিক
poromanobik	পরমানবিক
gfranfer	ঘ্রাণের
venggei	ভেঙ্গেই
paile	পাইলে
bodlaccfi	বদলাচ্ছি
bodolaccfi	বদলাচ্ছি
dfubnt	ডুবন্ত
dfubont	ডুবন্ত
sorboraher	সরবরাহের
soroboraher	সরবরাহের
takaiw	তাকাইও
kiisob	কীসব
szaksnora	স্যাক্সনরা
szaksonora	স্যাক্সনরা
parpfiumar	পারফিউমার
paropfiumar	পারফিউমার
bejecfe	বেজেছে
prvabe	প্রভাবে
provabe	প্রভাবে
szaksn	স্যাক্সন
szakson	স্যাক্সন
sohozwgiita	সহযোগীতা
ovizwger	অভিযোগের
patffiw	পাঠিও
namolw	নামলো
macfera	মাছেরা
skriptf	স্ক্রিপ্ট
sudkf	সুদক্ষ
sudokf	সুদক্ষ
namaz	নামায
janun	জানুন
khuniitfa	খুনীটা
halk	হাল্ক
vuuture	ভূতুরে
lashtfi	লাশটি
lashotfi	লাশটি
pfirben	ফিরবেন
pfiroben	ফিরবেন
sotzow	সত্যও
durrdshar	দুর্দশার
durrdoshar	দুর্দশার
elqqvs	এল্ভস
eloqqvs	এল্ভস
elqqvos	এল্ভস
prjektftfa	প্রজেক্টটা
projektftfa	প্রজেক্টটা
prjektfotfa	প্রজেক্টটা
oviman	অভিমান
entwniw	এন্তোনিও
shwnab	শোনাব
onaharii	অনাহারী
mathabzatha	মাথাব্যাথা
marrgi	মার্গি
duitfar	দুইটার
ganpaudfar	গানপাউডার
ganopaudfar	গানপাউডার
mauntftfen	মাউন্টটেন
mauntfotfen	মাউন্টটেন
pfatfar	ফাটার
szamke	স্যামকে
szamoke	স্যামকে
striider	স্ত্রীদের
maraw	মারাও
bile	বিলে
kkfonfw	কক্ষণো
kokfonfw	কক্ষণো
gerila	গেরিলা
pletfgulw	প্লেটগুলো
pletfogulw	প্লেটগুলো
grase	গ্রাসে
okarrzkor	অকার্যকর
okarrzokor	অকার্যকর
shrikix	শ্রিকিং
caildf	চাইল্ড
tfrin	ট্রিন
utffti	উঠতি
utffoti	উঠতি
nagorikgonf	নাগরিকগণ
nagorikogonf	নাগরিকগণ
shzanqqkos	শ্যান্কস
shzanoqqkos	শ্যান্কস
blzakobarrdf	ব্ল্যাকবার্ড
ovzaser	অভ্যাসের
nijfum	নিঝুম
elew	এলেও
karate	কারাতে
prdaner	প্রদানের
prodaner	প্রদানের
sommanona	সম্মাননা
anur	আনুর
eksikiutfiv	এক্সিকিউটিভ
prarrthiira	প্রার্থীরা
atfotfi	আটটি
prtipalit	প্রতিপালিত
protipalit	প্রতিপালিত
peintfer	পেইন্টের
buth	বুথ
mwdda	মোদ্দা
tfukotfak	টুকটাক
kwnomtei	কোনমতেই
kwnomotei	কোনমতেই
bcforow	বছরও
bocforow	বছরও
stfarshiip	স্টারশীপ
stfaroshiip	স্টারশীপ
kreiner	ক্রেইনের
rekrrdfar	রেকর্ডার
rekorrdfar	রেকর্ডার
gwutomke	গৌতমকে
gwutomoke	গৌতমকে
iutfiube	ইউটিউবে
gzalarite	গ্যালারিতে
srwte	স্রোতে
shelopfe	শেলফে
pferari	ফেরারি
sxbadtfa	সংবাদটা
soxbadtfa	সংবাদটা
sxbadotfa	সংবাদটা
aevolwner	অ্যাভলোনের
cwukatffer	চৌকাঠের
dframar	ড্রামার
pforevar	ফরেভার
ekakar	একাকার
oshbcalna	অশ্বচালনা
oshbocalna	অশ্বচালনা
oshbcalona	অশ্বচালনা
dhorini	ধরিনি
komolalebur	কমলালেবুর
kinecf	কিনেছ
rejimentf	রেজিমেন্ট
tfrzajedfi	ট্র্যাজেডি
ainojiibi	আইনজীবি
greptari	গ্রেপ্তারি
cakatfa	চাকাটা
bwlzandf	বোল্যান্ড
snzap	স্ন্যাপ
witfaw	ঐটাও
vagzkrme	ভাগ্যক্রমে
vagzokrme	ভাগ্যক্রমে
vagzkrome	ভাগ্যক্রমে
bishd	বিশদ
bishod	বিশদ
aloma	আলমা
briijer	ব্রীজের
puurrbnirrdisftf	পূর্বনির্দিষ্ট
puurrbonirrdisftf	পূর্বনির্দিষ্ট
bibodoman	বিবদমান
laibrerite	লাইব্রেরিতে
knvenshon	কনভেনশন
konvenshon	কনভেনশন
knovenshon	কনভেনশন
knvenoshon	কনভেনশন
vgobnqq	ভগবন্
vogobnqq	ভগবন্
vgobonqq	ভগবন্
vgobnoqq	ভগবন্
prcarit	প্রচারিত
procarit	প্রচারিত
paili	পাইলি
hiratfa	হিরাটা
kukurcfanatfar	কুকুরছানাটার
kukurocfanatfar	কুকুরছানাটার
knwte	কনোতে
konwte	কনোতে
kwnkhane	কোনখানে
kwnokhane	কোনখানে
bpon	বপন
bopon	বপন
srrbwttm	সর্বোত্তম
sorrbwttm	সর্বোত্তম
srrbwttom	সর্বোত্তম
aelobas	অ্যালবাস
gwsole	গোসলে
tfuth	টুথ
krrdfguli	কর্ডগুলি
korrdfguli	কর্ডগুলি
krrdfoguli	কর্ডগুলি
kemne	কেম্নে
edfitf	এডিট
khwrak	খোরাক
shivamer	শিভামের
mwdfe	মোডে
dasder	দাসদের
dasoder	দাসদের
meinpfreme	মেইনফ্রেমে
meinopfreme	মেইনফ্রেমে
orrkora	অর্করা
dnfdfit	দণ্ডিত
donfdfit	দণ্ডিত
golabena	গলাবেনা
rabai	রাবাই
tfestfe	টেস্টে
rjzar	রজ্যার
rojzar	রজ্যার
dfwbar	ডোবার
pungkhanupungkhvabe	পুঙ্খানুপুঙ্খভাবে
pungkhanupungkhovabe	পুঙ্খানুপুঙ্খভাবে
kesix	কেসিং
jmopesh	জমপেশ
jomopesh	জমপেশ
apeler	আপেলের
hzar	হ্যার
pzara	প্যারা
dptore	দপ্তরে
doptore	দপ্তরে
gobolin	গবলিন
pfrrsa	ফর্সা
pforrsa	ফর্সা
tferapfrrmix	টেরাফর্মিং
tferapforrmix	টেরাফর্মিং
kwp	কোপ
dframer	ড্রামের
udzwkta	উদ্যোক্তা
inogram	ইনগ্রাম
pfeij	ফেইজ
mukhorwck	মুখরোচক
mukhorwcok	মুখরোচক
opekfakqt	অপেক্ষাকৃত
pforcun	ফরচুন
pforocun	ফরচুন
porwtfa	পরোটা
gtibeg	গতিবেগ
gotibeg	গতিবেগ
dfwmarrg	ডোমার্গ
dhorcfw	ধরছো
dhorocfw	ধরছো
rip	রিপ
jigori	জিগরি
dhamaka	ধামাকা
raijix	রাইজিং
maike	মাইকে
momer	মমের
muurrtitfa	মূর্তিটা
hwmtfaun	হোমটাউন
hwmotfaun	হোমটাউন
prwgramgulw	প্রোগ্রামগুলো
prwgramogulw	প্রোগ্রামগুলো
nebwna	নেবোনা
olkfunfe	অলক্ষুণে
olokfunfe	অলক্ষুণে
radfare	রাডারে
saxhai	সাংহাই
tfwkiwr	টোকিওর
tfukorwtfa	টুকরোটা
marrse	মার্সে
tfwkiw	টোকিও
jerks	জেরক্স
jeroks	জেরক্স
jahid	জাহিদ
niccfilw	নিচ্ছিলো
jntuke	জন্তুকে
jontuke	জন্তুকে
somvabnai	সম্ভাবনাই
somvabonai	সম্ভাবনাই
kener	কেনের
tfiimer	টীমের
levin	লেভিন
shams	শামস
shamos	শামস
jxshone	জংশনে
joxshone	জংশনে
muhurrtei	মুহুর্তেই
lkfnii	লক্ষ্ণী
lokfnii	লক্ষ্ণী
pinik	পিনিক
valwbesecfilam	ভালোবেসেছিলাম
korn	করন
koron	করন
oniccfuk	অনিচ্ছুক
dfgi	ডগি
dfogi	ডগি
obola	অবলা
mwstf	মোস্ট
limitfedf	লিমিটেড
dfrakular	ড্রাকুলার
sder	সদের
soder	সদের
pdomrrzadar	পদমর্যাদার
podomrrzadar	পদমর্যাদার
pdomorrzadar	পদমর্যাদার
snidfar	স্নিডার
melaw	মেলাও
patffaicfe	পাঠাইছে
cad	চাদ
bwkcndor	বোকচন্দর
bwkocndor	বোকচন্দর
bwkcondor	বোকচন্দর
stfarrlix	স্টার্লিং
ahhh	আহহহ
ahohoh	আহহহ
ahohh	আহহহ
ahhoh	আহহহ
atfkabena	আটকাবেনা
atfokabena	আটকাবেনা
banaicfi	বানাইছি
nicfilam	নিছিলাম
nicfilw	নিছিলো
caicfila	চাইছিলা
korticfe	করতিছে
koroticfe	করতিছে
prfbini	পড়বিনি
porfbini	পড়বিনি
prfobini	পড়বিনি
asobini	আসবিনি
asoticfe	আসতিছে
rakhticfi	রাখতিছি
rakhoticfi	রাখতিছি
thakobene	থাকবেনে
paicfis	পাইছিস
dekhenai	দেখেনাই
korticfis	করতিছিস
koroticfis	করতিছিস
asobina	আসবিনা
prfticfe	পড়তিছে
porfticfe	পড়তিছে
prfoticfe	পড়তিছে
nicfis	নিছিস
khaicfis	খাইছিস
asoticfw	আসতিছো
hasoticfi	হাসতিছি
lagaicfw	লাগাইছো
lagaicfe	লাগাইছে
bsaicfe	বসাইছে
bosaicfe	বসাইছে
korticfila	করতিছিলা
koroticfila	করতিছিলা
prftecfe	পড়তেছে
porftecfe	পড়তেছে
prfotecfe	পড়তেছে
gfurticfe	ঘুরতিছে
gfuroticfe	ঘুরতিছে
gfumaicfw	ঘুমাইছো
khabini	খাবিনি
kortecfena	করতেছেনা
korotecfena	করতেছেনা
hasotecfe	হাসতেছে
lagaicfis	লাগাইছিস
manotam	মানতাম
partecfena	পারতেছেনা
parotecfena	পারতেছেনা
prfticfena	পড়তিছেনা
porfticfena	পড়তিছেনা
prfoticfena	পড়তিছেনা
nactecfe	নাচতেছে
nacotecfe	নাচতেছে
janoticfi	জানতিছি
gfumainai	ঘুমাইনাই
korticfen	করতিছেন
koroticfen	করতিছেন
asoticfena	আসতিছেনা
shunoticfi	শুনতিছি
lukaicfila	লুকাইছিলা
pfelticfi	ফেলতিছি
pfeloticfi	ফেলতিছি
prfcfis	পড়ছিস
porfcfis	পড়ছিস
prfocfis	পড়ছিস
prftecfw	পড়তেছো
porftecfw	পড়তেছো
prfotecfw	পড়তেছো
nibina	নিবিনা
dfakoticfi	ডাকতিছি
bscfe	বসছে
boscfe	বসছে
bsocfe	বসছে
particfena	পারতিছেনা
paroticfena	পারতিছেনা
particfis	পারতিছিস
paroticfis	পারতিছিস
patffaicfi	পাঠাইছি
prfticfilw	পড়তিছিলো
porfticfilw	পড়তিছিলো
prfoticfilw	পড়তিছিলো
dffukaicfe	ঢুকাইছে
gfurticfi	ঘুরতিছি
gfuroticfi	ঘুরতিছি
gfumaicfila	ঘুমাইছিলা
khelticfi	খেলতিছি
kheloticfi	খেলতিছি
korticfw	করতিছো
koroticfw	করতিছো
marinai	মারিনাই
banaicfilam	বানাইছিলাম
bolticfe	বলতিছে
boloticfe	বলতিছে
prftecfilam	পড়তেছিলাম
porftecfilam	পড়তেছিলাম
prfotecfilam	পড়তেছিলাম
prfticfilam	পড়তিছিলাম
porfticfilam	পড়তিছিলাম
prfoticfilam	পড়তিছিলাম
prfticfina	পড়তিছিনা
porfticfina	পড়তিছিনা
prfoticfina	পড়তিছিনা
calaicfi	চালাইছি
katfticfi	কাটতিছি
katfoticfi	কাটতিছি
asinai	আসিনাই
asoticfis	আসতিছিস
anocfilam	আনছিলাম
anobini	আনবিনি
haraicfe	হারাইছে
shunoticfe	শুনতিছে
lagtecfena	লাগতেছেনা
lagotecfena	লাগতেছেনা
rakhinai	রাখিনাই
rakhcfila	রাখছিলা
rakhocfila	রাখছিলা
particfi	পারতিছি
paroticfi	পারতিছি
patffaicfilam	পাঠাইছিলাম
thakoticfe	থাকতিছে
janabini	জানাবিনি
cinobini	চিনবিনি
caicfis	চাইছিস
clticfilw	চলতিছিলো
colticfilw	চলতিছিলো
cloticfilw	চলতিছিলো
katfcfilam	কাটছিলাম
katfocfilam	কাটছিলাম
koraicfi	করাইছি
utffcfilam	উঠছিলাম
utffocfilam	উঠছিলাম
ascfila	আসছিলা
asocfila	আসছিলা
anoticfw	আনতিছো
lagcfile	লাগছিলে
lagocfile	লাগছিলে
vabticfe	ভাবতিছে
vaboticfe	ভাবতিছে
bscfi	বসছি
boscfi	বসছি
bsocfi	বসছি
boltecfis	বলতেছিস
bolotecfis	বলতেছিস
bolticfis	বলতিছিস
boloticfis	বলতিছিস
prfticfis	পড়তিছিস
porfticfis	পড়তিছিস
prfoticfis	পড়তিছিস
nacticfe	নাচতিছে
nacoticfe	নাচতিছে
dekhaicfe	দেখাইছে
clobini	চলবিনি
colobini	চলবিনি
koraicfe	করাইছে
harcfe	হারছে
harocfe	হারছে
likhticfi	লিখতিছি
likhoticfi	লিখতিছি
milaicfi	মিলাইছি
marenai	মারেনাই
banabini	বানাবিনি
bsobini	বসবিনি
bosobini	বসবিনি
bsoticfi	বসতিছি
bosoticfi	বসতিছি
pfelcfis	ফেলছিস
pfelocfis	ফেলছিস
pfelobene	ফেলবেনে
pfelticfe	ফেলতিছে
pfeloticfe	ফেলতিছে
nacobini	নাচবিনি
ditecfi	দিতেছি
cfarfticfi	ছাড়তিছি
cfarfoticfi	ছাড়তিছি
kinocfilw	কিনছিলো
katfaicfi	কাটাইছি
korabini	করাবিনি
utfftecfe	উঠতেছে
utffotecfe	উঠতেছে
asoticfi	আসতিছি
